image_path,species,role
/scratch/user/jmagnew/datasets/insects/Ladybug/Ladybug_235.jpg,Ladybug,Pollinator
/scratch/user/jmagnew/datasets/insects/Ladybug/Ladybug_85.jpg,Ladybug,Pollinator
/scratch/user/jmagnew/datasets/insects/Ladybug/Ladybug_123.jpg,Ladybug,Pollinator
/scratch/user/jmagnew/datasets/insects/Ladybug/Ladybug_348.jpg,Ladybug,Pollinator
/scratch/user/jmagnew/datasets/insects/Ladybug/Ladybug_30.jpg,Ladybug,Pollinator
/scratch/user/jmagnew/datasets/insects/Ladybug/Ladybug_377.jpg,Ladybug,Pollinator
/scratch/user/jmagnew/datasets/insects/Ladybug/Ladybug_633.jpg,Ladybug,Pollinator
/scratch/user/jmagnew/datasets/insects/Ladybug/Ladybug_130.jpg,Ladybug,Pollinator
/scratch/user/jmagnew/datasets/insects/Ladybug/Ladybug_3.jpg,Ladybug,Pollinator
/scratch/user/jmagnew/datasets/insects/Ladybug/Ladybug_318.jpg,Ladybug,Pollinator
/scratch/user/jmagnew/datasets/insects/Ladybug/Ladybug_47.jpeg,Ladybug,Pollinator
/scratch/user/jmagnew/datasets/insects/Ladybug/Ladybug_44.jpg,Ladybug,Pollinator
/scratch/user/jmagnew/datasets/insects/Ladybug/Ladybug_86.jpg,Ladybug,Pollinator
/scratch/user/jmagnew/datasets/insects/Ladybug/Ladybug_165.jpg,Ladybug,Pollinator
/scratch/user/jmagnew/datasets/insects/Ladybug/Ladybug_554.jpg,Ladybug,Pollinator
/scratch/user/jmagnew/datasets/insects/Ladybug/Ladybug_417.jpg,Ladybug,Pollinator
/scratch/user/jmagnew/datasets/insects/Ladybug/Ladybug_597.jpg,Ladybug,Pollinator
/scratch/user/jmagnew/datasets/insects/Ladybug/Ladybug_468.jpg,Ladybug,Pollinator
/scratch/user/jmagnew/datasets/insects/Ladybug/Ladybug_76.jpg,Ladybug,Pollinator
/scratch/user/jmagnew/datasets/insects/Ladybug/Ladybug_432.jpg,Ladybug,Pollinator
/scratch/user/jmagnew/datasets/insects/Ladybug/Ladybug_183.jpg,Ladybug,Pollinator
/scratch/user/jmagnew/datasets/insects/Ladybug/Ladybug_374.jpg,Ladybug,Pollinator
/scratch/user/jmagnew/datasets/insects/Ladybug/Ladybug_218.jpg,Ladybug,Pollinator
/scratch/user/jmagnew/datasets/insects/Ladybug/Ladybug_623.jpg,Ladybug,Pollinator
/scratch/user/jmagnew/datasets/insects/Ladybug/Ladybug_299.jpg,Ladybug,Pollinator
/scratch/user/jmagnew/datasets/insects/Ladybug/Ladybug_242.jpg,Ladybug,Pollinator
/scratch/user/jmagnew/datasets/insects/Ladybug/Ladybug_60.jpg,Ladybug,Pollinator
/scratch/user/jmagnew/datasets/insects/Ladybug/Ladybug_276.png,Ladybug,Pollinator
/scratch/user/jmagnew/datasets/insects/Ladybug/Ladybug_308.jpg,Ladybug,Pollinator
/scratch/user/jmagnew/datasets/insects/Ladybug/Ladybug_37.jpg,Ladybug,Pollinator
/scratch/user/jmagnew/datasets/insects/Ladybug/Ladybug_214.jpg,Ladybug,Pollinator
/scratch/user/jmagnew/datasets/insects/Ladybug/Ladybug_638.jpg,Ladybug,Pollinator
/scratch/user/jmagnew/datasets/insects/Ladybug/Ladybug_281.jpg,Ladybug,Pollinator
/scratch/user/jmagnew/datasets/insects/Ladybug/Ladybug_429.jpg,Ladybug,Pollinator
/scratch/user/jmagnew/datasets/insects/Ladybug/Ladybug_267.jpg,Ladybug,Pollinator
/scratch/user/jmagnew/datasets/insects/Ladybug/Ladybug_78.jpg,Ladybug,Pollinator
/scratch/user/jmagnew/datasets/insects/Ladybug/Ladybug_653.jpg,Ladybug,Pollinator
/scratch/user/jmagnew/datasets/insects/Ladybug/Ladybug_283.png,Ladybug,Pollinator
/scratch/user/jmagnew/datasets/insects/Ladybug/Ladybug_642.jpg,Ladybug,Pollinator
/scratch/user/jmagnew/datasets/insects/Ladybug/Ladybug_250.jpg,Ladybug,Pollinator
/scratch/user/jmagnew/datasets/insects/Ladybug/Ladybug_317.jpg,Ladybug,Pollinator
/scratch/user/jmagnew/datasets/insects/Ladybug/Ladybug_439.jpg,Ladybug,Pollinator
/scratch/user/jmagnew/datasets/insects/Ladybug/Ladybug_553.jpg,Ladybug,Pollinator
/scratch/user/jmagnew/datasets/insects/Ladybug/Ladybug_238.jpg,Ladybug,Pollinator
/scratch/user/jmagnew/datasets/insects/Ladybug/Ladybug_465.jpg,Ladybug,Pollinator
/scratch/user/jmagnew/datasets/insects/Ladybug/Ladybug_24.jpg,Ladybug,Pollinator
/scratch/user/jmagnew/datasets/insects/Ladybug/Ladybug_35.jpg,Ladybug,Pollinator
/scratch/user/jmagnew/datasets/insects/Ladybug/Ladybug_50.jpg,Ladybug,Pollinator
/scratch/user/jmagnew/datasets/insects/Ladybug/Ladybug_186.jpg,Ladybug,Pollinator
/scratch/user/jmagnew/datasets/insects/Ladybug/Ladybug_355.jpg,Ladybug,Pollinator
/scratch/user/jmagnew/datasets/insects/Ladybug/Ladybug_331.jpg,Ladybug,Pollinator
/scratch/user/jmagnew/datasets/insects/Ladybug/Ladybug_204.jpg,Ladybug,Pollinator
/scratch/user/jmagnew/datasets/insects/Ladybug/Ladybug_631.jpg,Ladybug,Pollinator
/scratch/user/jmagnew/datasets/insects/Ladybug/Ladybug_176.jpg,Ladybug,Pollinator
/scratch/user/jmagnew/datasets/insects/Ladybug/Ladybug_495.jpg,Ladybug,Pollinator
/scratch/user/jmagnew/datasets/insects/Ladybug/Ladybug_199.jpg,Ladybug,Pollinator
/scratch/user/jmagnew/datasets/insects/Ladybug/Ladybug_548.jpg,Ladybug,Pollinator
/scratch/user/jmagnew/datasets/insects/Ladybug/Ladybug_255.jpg,Ladybug,Pollinator
/scratch/user/jmagnew/datasets/insects/Ladybug/Ladybug_263.jpg,Ladybug,Pollinator
/scratch/user/jmagnew/datasets/insects/Ladybug/Ladybug_565.jpg,Ladybug,Pollinator
/scratch/user/jmagnew/datasets/insects/Ladybug/Ladybug_258.jpg,Ladybug,Pollinator
/scratch/user/jmagnew/datasets/insects/Ladybug/Ladybug_581.jpg,Ladybug,Pollinator
/scratch/user/jmagnew/datasets/insects/Ladybug/Ladybug_75.jpg,Ladybug,Pollinator
/scratch/user/jmagnew/datasets/insects/Ladybug/Ladybug_143.jpg,Ladybug,Pollinator
/scratch/user/jmagnew/datasets/insects/Ladybug/Ladybug_52.jpg,Ladybug,Pollinator
/scratch/user/jmagnew/datasets/insects/Ladybug/Ladybug_230.jpg,Ladybug,Pollinator
/scratch/user/jmagnew/datasets/insects/Ladybug/Ladybug_508.jpg,Ladybug,Pollinator
/scratch/user/jmagnew/datasets/insects/Ladybug/Ladybug_482.jpg,Ladybug,Pollinator
/scratch/user/jmagnew/datasets/insects/Ladybug/Ladybug_493.jpg,Ladybug,Pollinator
/scratch/user/jmagnew/datasets/insects/Ladybug/Ladybug_49.jpg,Ladybug,Pollinator
/scratch/user/jmagnew/datasets/insects/Ladybug/Ladybug_563.jpg,Ladybug,Pollinator
/scratch/user/jmagnew/datasets/insects/Ladybug/Ladybug_95.jpg,Ladybug,Pollinator
/scratch/user/jmagnew/datasets/insects/Ladybug/Ladybug_97.jpg,Ladybug,Pollinator
/scratch/user/jmagnew/datasets/insects/Ladybug/Ladybug_289.jpg,Ladybug,Pollinator
/scratch/user/jmagnew/datasets/insects/Ladybug/Ladybug_540.jpg,Ladybug,Pollinator
/scratch/user/jmagnew/datasets/insects/Ladybug/Ladybug_506.jpg,Ladybug,Pollinator
/scratch/user/jmagnew/datasets/insects/Ladybug/Ladybug_442.jpg,Ladybug,Pollinator
/scratch/user/jmagnew/datasets/insects/Ladybug/Ladybug_640.jpg,Ladybug,Pollinator
/scratch/user/jmagnew/datasets/insects/Ladybug/Ladybug_51.jpg,Ladybug,Pollinator
/scratch/user/jmagnew/datasets/insects/Ladybug/Ladybug_202.jpg,Ladybug,Pollinator
/scratch/user/jmagnew/datasets/insects/Ladybug/Ladybug_93.jpg,Ladybug,Pollinator
/scratch/user/jmagnew/datasets/insects/Ladybug/Ladybug_275.jpg,Ladybug,Pollinator
/scratch/user/jmagnew/datasets/insects/Ladybug/Ladybug_477.jpg,Ladybug,Pollinator
/scratch/user/jmagnew/datasets/insects/Ladybug/Ladybug_543.jpg,Ladybug,Pollinator
/scratch/user/jmagnew/datasets/insects/Ladybug/Ladybug_150.jpg,Ladybug,Pollinator
/scratch/user/jmagnew/datasets/insects/Ladybug/Ladybug_561.jpg,Ladybug,Pollinator
/scratch/user/jmagnew/datasets/insects/Ladybug/Ladybug_298.jpg,Ladybug,Pollinator
/scratch/user/jmagnew/datasets/insects/Ladybug/Ladybug_254.jpg,Ladybug,Pollinator
/scratch/user/jmagnew/datasets/insects/Ladybug/Ladybug_583.png,Ladybug,Pollinator
/scratch/user/jmagnew/datasets/insects/Ladybug/Ladybug_383.jpg,Ladybug,Pollinator
/scratch/user/jmagnew/datasets/insects/Ladybug/Ladybug_579.jpg,Ladybug,Pollinator
/scratch/user/jmagnew/datasets/insects/Ladybug/Ladybug_248.jpg,Ladybug,Pollinator
/scratch/user/jmagnew/datasets/insects/Ladybug/Ladybug_547.jpg,Ladybug,Pollinator
/scratch/user/jmagnew/datasets/insects/Ladybug/Ladybug_237.jpg,Ladybug,Pollinator
/scratch/user/jmagnew/datasets/insects/Ladybug/Ladybug_64.jpg,Ladybug,Pollinator
/scratch/user/jmagnew/datasets/insects/Ladybug/Ladybug_510.jpg,Ladybug,Pollinator
/scratch/user/jmagnew/datasets/insects/Ladybug/Ladybug_557.jpg,Ladybug,Pollinator
/scratch/user/jmagnew/datasets/insects/Ladybug/Ladybug_408.jpg,Ladybug,Pollinator
/scratch/user/jmagnew/datasets/insects/Ladybug/Ladybug_89.jpg,Ladybug,Pollinator
/scratch/user/jmagnew/datasets/insects/Ladybug/Ladybug_418.jpg,Ladybug,Pollinator
/scratch/user/jmagnew/datasets/insects/Ladybug/Ladybug_13.jpg,Ladybug,Pollinator
/scratch/user/jmagnew/datasets/insects/Ladybug/Ladybug_195.jpg,Ladybug,Pollinator
/scratch/user/jmagnew/datasets/insects/Ladybug/Ladybug_312.jpg,Ladybug,Pollinator
/scratch/user/jmagnew/datasets/insects/Ladybug/Ladybug_315.png,Ladybug,Pollinator
/scratch/user/jmagnew/datasets/insects/Ladybug/Ladybug_499.jpg,Ladybug,Pollinator
/scratch/user/jmagnew/datasets/insects/Ladybug/Ladybug_135.jpg,Ladybug,Pollinator
/scratch/user/jmagnew/datasets/insects/Ladybug/Ladybug_253.jpg,Ladybug,Pollinator
/scratch/user/jmagnew/datasets/insects/Ladybug/Ladybug_647.jpg,Ladybug,Pollinator
/scratch/user/jmagnew/datasets/insects/Ladybug/Ladybug_446.jpg,Ladybug,Pollinator
/scratch/user/jmagnew/datasets/insects/Ladybug/Ladybug_416.jpg,Ladybug,Pollinator
/scratch/user/jmagnew/datasets/insects/Ladybug/Ladybug_194.jpg,Ladybug,Pollinator
/scratch/user/jmagnew/datasets/insects/Ladybug/Ladybug_616.jpg,Ladybug,Pollinator
/scratch/user/jmagnew/datasets/insects/Ladybug/Ladybug_585.png,Ladybug,Pollinator
/scratch/user/jmagnew/datasets/insects/Ladybug/Ladybug_498.jpg,Ladybug,Pollinator
/scratch/user/jmagnew/datasets/insects/Ladybug/Ladybug_602.jpg,Ladybug,Pollinator
/scratch/user/jmagnew/datasets/insects/Ladybug/Ladybug_381.jpg,Ladybug,Pollinator
/scratch/user/jmagnew/datasets/insects/Ladybug/Ladybug_107.jpg,Ladybug,Pollinator
/scratch/user/jmagnew/datasets/insects/Ladybug/Ladybug_614.jpg,Ladybug,Pollinator
/scratch/user/jmagnew/datasets/insects/Ladybug/Ladybug_56.jpg,Ladybug,Pollinator
/scratch/user/jmagnew/datasets/insects/Ladybug/Ladybug_592.jpg,Ladybug,Pollinator
/scratch/user/jmagnew/datasets/insects/Ladybug/Ladybug_533.jpg,Ladybug,Pollinator
/scratch/user/jmagnew/datasets/insects/Ladybug/Ladybug_491.jpg,Ladybug,Pollinator
/scratch/user/jmagnew/datasets/insects/Ladybug/Ladybug_291.jpg,Ladybug,Pollinator
/scratch/user/jmagnew/datasets/insects/Ladybug/Ladybug_574.jpg,Ladybug,Pollinator
/scratch/user/jmagnew/datasets/insects/Ladybug/Ladybug_259.jpg,Ladybug,Pollinator
/scratch/user/jmagnew/datasets/insects/Ladybug/Ladybug_375.jpg,Ladybug,Pollinator
/scratch/user/jmagnew/datasets/insects/Ladybug/Ladybug_174.jpg,Ladybug,Pollinator
/scratch/user/jmagnew/datasets/insects/Ladybug/Ladybug_595.jpg,Ladybug,Pollinator
/scratch/user/jmagnew/datasets/insects/Ladybug/Ladybug_438.jpg,Ladybug,Pollinator
/scratch/user/jmagnew/datasets/insects/Ladybug/Ladybug_5.jpg,Ladybug,Pollinator
/scratch/user/jmagnew/datasets/insects/Ladybug/Ladybug_43.png,Ladybug,Pollinator
/scratch/user/jmagnew/datasets/insects/Ladybug/Ladybug_167.jpg,Ladybug,Pollinator
/scratch/user/jmagnew/datasets/insects/Ladybug/Ladybug_329.jpg,Ladybug,Pollinator
/scratch/user/jmagnew/datasets/insects/Ladybug/Ladybug_285.jpg,Ladybug,Pollinator
/scratch/user/jmagnew/datasets/insects/Ladybug/Ladybug_193.jpg,Ladybug,Pollinator
/scratch/user/jmagnew/datasets/insects/Ladybug/Ladybug_87.jpg,Ladybug,Pollinator
/scratch/user/jmagnew/datasets/insects/Ladybug/Ladybug_603.jpg,Ladybug,Pollinator
/scratch/user/jmagnew/datasets/insects/Ladybug/Ladybug_243.jpg,Ladybug,Pollinator
/scratch/user/jmagnew/datasets/insects/Ladybug/Ladybug_225.jpg,Ladybug,Pollinator
/scratch/user/jmagnew/datasets/insects/Ladybug/Ladybug_467.jpg,Ladybug,Pollinator
/scratch/user/jmagnew/datasets/insects/Ladybug/Ladybug_131.jpg,Ladybug,Pollinator
/scratch/user/jmagnew/datasets/insects/Ladybug/Ladybug_517.jpg,Ladybug,Pollinator
/scratch/user/jmagnew/datasets/insects/Ladybug/Ladybug_82.jpg,Ladybug,Pollinator
/scratch/user/jmagnew/datasets/insects/Ladybug/Ladybug_636.jpg,Ladybug,Pollinator
/scratch/user/jmagnew/datasets/insects/Ladybug/Ladybug_367.jpg,Ladybug,Pollinator
/scratch/user/jmagnew/datasets/insects/Ladybug/Ladybug_18.jpg,Ladybug,Pollinator
/scratch/user/jmagnew/datasets/insects/Ladybug/Ladybug_339.jpg,Ladybug,Pollinator
/scratch/user/jmagnew/datasets/insects/Ladybug/Ladybug_479.jpg,Ladybug,Pollinator
/scratch/user/jmagnew/datasets/insects/Ladybug/Ladybug_537.jpg,Ladybug,Pollinator
/scratch/user/jmagnew/datasets/insects/Ladybug/Ladybug_441.jpg,Ladybug,Pollinator
/scratch/user/jmagnew/datasets/insects/Ladybug/Ladybug_161.jpeg,Ladybug,Pollinator
/scratch/user/jmagnew/datasets/insects/Ladybug/Ladybug_336.jpg,Ladybug,Pollinator
/scratch/user/jmagnew/datasets/insects/Ladybug/Ladybug_505.jpg,Ladybug,Pollinator
/scratch/user/jmagnew/datasets/insects/Ladybug/Ladybug_514.jpg,Ladybug,Pollinator
/scratch/user/jmagnew/datasets/insects/Ladybug/Ladybug_8.jpg,Ladybug,Pollinator
/scratch/user/jmagnew/datasets/insects/Ladybug/Ladybug_257.jpg,Ladybug,Pollinator
/scratch/user/jmagnew/datasets/insects/Ladybug/Ladybug_425.jpg,Ladybug,Pollinator
/scratch/user/jmagnew/datasets/insects/Ladybug/Ladybug_523.jpg,Ladybug,Pollinator
/scratch/user/jmagnew/datasets/insects/Ladybug/Ladybug_189.jpg,Ladybug,Pollinator
/scratch/user/jmagnew/datasets/insects/Ladybug/Ladybug_458.jpg,Ladybug,Pollinator
/scratch/user/jmagnew/datasets/insects/Ladybug/Ladybug_555.jpg,Ladybug,Pollinator
/scratch/user/jmagnew/datasets/insects/Ladybug/Ladybug_334.jpg,Ladybug,Pollinator
/scratch/user/jmagnew/datasets/insects/Ladybug/Ladybug_188.jpg,Ladybug,Pollinator
/scratch/user/jmagnew/datasets/insects/Ladybug/Ladybug_2.jpg,Ladybug,Pollinator
/scratch/user/jmagnew/datasets/insects/Ladybug/Ladybug_480.jpg,Ladybug,Pollinator
/scratch/user/jmagnew/datasets/insects/Ladybug/Ladybug_314.jpg,Ladybug,Pollinator
/scratch/user/jmagnew/datasets/insects/Ladybug/Ladybug_153.jpg,Ladybug,Pollinator
/scratch/user/jmagnew/datasets/insects/Ladybug/Ladybug_507.jpg,Ladybug,Pollinator
/scratch/user/jmagnew/datasets/insects/Ladybug/Ladybug_451.jpg,Ladybug,Pollinator
/scratch/user/jmagnew/datasets/insects/Ladybug/Ladybug_80.jpg,Ladybug,Pollinator
/scratch/user/jmagnew/datasets/insects/Ladybug/Ladybug_68.jpg,Ladybug,Pollinator
/scratch/user/jmagnew/datasets/insects/Ladybug/Ladybug_598.jpg,Ladybug,Pollinator
/scratch/user/jmagnew/datasets/insects/Ladybug/Ladybug_245.jpg,Ladybug,Pollinator
/scratch/user/jmagnew/datasets/insects/Ladybug/Ladybug_29.jpg,Ladybug,Pollinator
/scratch/user/jmagnew/datasets/insects/Ladybug/Ladybug_271.jpg,Ladybug,Pollinator
/scratch/user/jmagnew/datasets/insects/Ladybug/Ladybug_79.jpg,Ladybug,Pollinator
/scratch/user/jmagnew/datasets/insects/Ladybug/Ladybug_221.jpg,Ladybug,Pollinator
/scratch/user/jmagnew/datasets/insects/Ladybug/Ladybug_341.jpg,Ladybug,Pollinator
/scratch/user/jmagnew/datasets/insects/Ladybug/Ladybug_395.jpg,Ladybug,Pollinator
/scratch/user/jmagnew/datasets/insects/Ladybug/Ladybug_370.jpg,Ladybug,Pollinator
/scratch/user/jmagnew/datasets/insects/Ladybug/Ladybug_358.jpg,Ladybug,Pollinator
/scratch/user/jmagnew/datasets/insects/Ladybug/Ladybug_470.jpg,Ladybug,Pollinator
/scratch/user/jmagnew/datasets/insects/Ladybug/Ladybug_99.jpg,Ladybug,Pollinator
/scratch/user/jmagnew/datasets/insects/Ladybug/Ladybug_476.jpg,Ladybug,Pollinator
/scratch/user/jmagnew/datasets/insects/Ladybug/Ladybug_461.jpg,Ladybug,Pollinator
/scratch/user/jmagnew/datasets/insects/Ladybug/Ladybug_72.jpg,Ladybug,Pollinator
/scratch/user/jmagnew/datasets/insects/Ladybug/Ladybug_303.jpg,Ladybug,Pollinator
/scratch/user/jmagnew/datasets/insects/Ladybug/Ladybug_169.png,Ladybug,Pollinator
/scratch/user/jmagnew/datasets/insects/Ladybug/Ladybug_19.png,Ladybug,Pollinator
/scratch/user/jmagnew/datasets/insects/Ladybug/Ladybug_94.jpg,Ladybug,Pollinator
/scratch/user/jmagnew/datasets/insects/Ladybug/Ladybug_532.jpg,Ladybug,Pollinator
/scratch/user/jmagnew/datasets/insects/Ladybug/Ladybug_437.jpg,Ladybug,Pollinator
/scratch/user/jmagnew/datasets/insects/Ladybug/Ladybug_600.jpg,Ladybug,Pollinator
/scratch/user/jmagnew/datasets/insects/Ladybug/Ladybug_290.jpg,Ladybug,Pollinator
/scratch/user/jmagnew/datasets/insects/Ladybug/Ladybug_213.jpg,Ladybug,Pollinator
/scratch/user/jmagnew/datasets/insects/Ladybug/Ladybug_594.jpg,Ladybug,Pollinator
/scratch/user/jmagnew/datasets/insects/Ladybug/Ladybug_430.jpg,Ladybug,Pollinator
/scratch/user/jmagnew/datasets/insects/Ladybug/Ladybug_12.jpg,Ladybug,Pollinator
/scratch/user/jmagnew/datasets/insects/Ladybug/Ladybug_487.jpg,Ladybug,Pollinator
/scratch/user/jmagnew/datasets/insects/Ladybug/Ladybug_371.jpg,Ladybug,Pollinator
/scratch/user/jmagnew/datasets/insects/Ladybug/Ladybug_615.jpg,Ladybug,Pollinator
/scratch/user/jmagnew/datasets/insects/Ladybug/Ladybug_406.jpg,Ladybug,Pollinator
/scratch/user/jmagnew/datasets/insects/Ladybug/Ladybug_344.jpg,Ladybug,Pollinator
/scratch/user/jmagnew/datasets/insects/Ladybug/Ladybug_534.jpg,Ladybug,Pollinator
/scratch/user/jmagnew/datasets/insects/Ladybug/Ladybug_351.jpg,Ladybug,Pollinator
/scratch/user/jmagnew/datasets/insects/Ladybug/Ladybug_335.jpg,Ladybug,Pollinator
/scratch/user/jmagnew/datasets/insects/Ladybug/Ladybug_353.jpg,Ladybug,Pollinator
/scratch/user/jmagnew/datasets/insects/Ladybug/Ladybug_33.jpg,Ladybug,Pollinator
/scratch/user/jmagnew/datasets/insects/Ladybug/Ladybug_7.jpg,Ladybug,Pollinator
/scratch/user/jmagnew/datasets/insects/Ladybug/Ladybug_145.jpg,Ladybug,Pollinator
/scratch/user/jmagnew/datasets/insects/Ladybug/Ladybug_488.jpg,Ladybug,Pollinator
/scratch/user/jmagnew/datasets/insects/Ladybug/Ladybug_41.jpg,Ladybug,Pollinator
/scratch/user/jmagnew/datasets/insects/Ladybug/Ladybug_100.jpg,Ladybug,Pollinator
/scratch/user/jmagnew/datasets/insects/Ladybug/Ladybug_525.jpg,Ladybug,Pollinator
/scratch/user/jmagnew/datasets/insects/Ladybug/Ladybug_434.jpeg,Ladybug,Pollinator
/scratch/user/jmagnew/datasets/insects/Ladybug/Ladybug_147.jpg,Ladybug,Pollinator
/scratch/user/jmagnew/datasets/insects/Ladybug/Ladybug_309.jpg,Ladybug,Pollinator
/scratch/user/jmagnew/datasets/insects/Ladybug/Ladybug_550.jpg,Ladybug,Pollinator
/scratch/user/jmagnew/datasets/insects/Ladybug/Ladybug_520.jpg,Ladybug,Pollinator
/scratch/user/jmagnew/datasets/insects/Ladybug/Ladybug_203.jpg,Ladybug,Pollinator
/scratch/user/jmagnew/datasets/insects/Ladybug/Ladybug_45.jpg,Ladybug,Pollinator
/scratch/user/jmagnew/datasets/insects/Ladybug/Ladybug_489.jpg,Ladybug,Pollinator
/scratch/user/jmagnew/datasets/insects/Ladybug/Ladybug_34.jpg,Ladybug,Pollinator
/scratch/user/jmagnew/datasets/insects/Ladybug/Ladybug_301.jpg,Ladybug,Pollinator
/scratch/user/jmagnew/datasets/insects/Ladybug/Ladybug_492.jpg,Ladybug,Pollinator
/scratch/user/jmagnew/datasets/insects/Ladybug/Ladybug_212.jpg,Ladybug,Pollinator
/scratch/user/jmagnew/datasets/insects/Ladybug/Ladybug_485.jpg,Ladybug,Pollinator
/scratch/user/jmagnew/datasets/insects/Ladybug/Ladybug_249.jpg,Ladybug,Pollinator
/scratch/user/jmagnew/datasets/insects/Ladybug/Ladybug_66.jpg,Ladybug,Pollinator
/scratch/user/jmagnew/datasets/insects/Ladybug/Ladybug_412.jpg,Ladybug,Pollinator
/scratch/user/jmagnew/datasets/insects/Ladybug/Ladybug_513.jpg,Ladybug,Pollinator
/scratch/user/jmagnew/datasets/insects/Ladybug/Ladybug_613.jpg,Ladybug,Pollinator
/scratch/user/jmagnew/datasets/insects/Ladybug/Ladybug_484.jpg,Ladybug,Pollinator
/scratch/user/jmagnew/datasets/insects/Ladybug/Ladybug_109.jpg,Ladybug,Pollinator
/scratch/user/jmagnew/datasets/insects/Ladybug/Ladybug_564.jpg,Ladybug,Pollinator
/scratch/user/jmagnew/datasets/insects/Ladybug/Ladybug_622.jpg,Ladybug,Pollinator
/scratch/user/jmagnew/datasets/insects/Ladybug/Ladybug_205.jpg,Ladybug,Pollinator
/scratch/user/jmagnew/datasets/insects/Ladybug/Ladybug_365.jpg,Ladybug,Pollinator
/scratch/user/jmagnew/datasets/insects/Ladybug/Ladybug_296.jpg,Ladybug,Pollinator
/scratch/user/jmagnew/datasets/insects/Ladybug/Ladybug_512.jpg,Ladybug,Pollinator
/scratch/user/jmagnew/datasets/insects/Ladybug/Ladybug_474.jpg,Ladybug,Pollinator
/scratch/user/jmagnew/datasets/insects/Ladybug/Ladybug_556.jpg,Ladybug,Pollinator
/scratch/user/jmagnew/datasets/insects/Ladybug/Ladybug_286.jpg,Ladybug,Pollinator
/scratch/user/jmagnew/datasets/insects/Ladybug/Ladybug_162.jpg,Ladybug,Pollinator
/scratch/user/jmagnew/datasets/insects/Ladybug/Ladybug_410.jpg,Ladybug,Pollinator
/scratch/user/jmagnew/datasets/insects/Ladybug/Ladybug_327.png,Ladybug,Pollinator
/scratch/user/jmagnew/datasets/insects/Ladybug/Ladybug_528.jpg,Ladybug,Pollinator
/scratch/user/jmagnew/datasets/insects/Ladybug/Ladybug_219.png,Ladybug,Pollinator
/scratch/user/jmagnew/datasets/insects/Ladybug/Ladybug_284.jpg,Ladybug,Pollinator
/scratch/user/jmagnew/datasets/insects/Ladybug/Ladybug_486.jpg,Ladybug,Pollinator
/scratch/user/jmagnew/datasets/insects/Ladybug/Ladybug_59.jpg,Ladybug,Pollinator
/scratch/user/jmagnew/datasets/insects/Ladybug/Ladybug_155.jpg,Ladybug,Pollinator
/scratch/user/jmagnew/datasets/insects/Ladybug/Ladybug_88.jpg,Ladybug,Pollinator
/scratch/user/jmagnew/datasets/insects/Ladybug/Ladybug_55.jpg,Ladybug,Pollinator
/scratch/user/jmagnew/datasets/insects/Ladybug/Ladybug_171.jpg,Ladybug,Pollinator
/scratch/user/jmagnew/datasets/insects/Ladybug/Ladybug_384.jpg,Ladybug,Pollinator
/scratch/user/jmagnew/datasets/insects/Ladybug/Ladybug_26.jpg,Ladybug,Pollinator
/scratch/user/jmagnew/datasets/insects/Ladybug/Ladybug_269.jpg,Ladybug,Pollinator
/scratch/user/jmagnew/datasets/insects/Ladybug/Ladybug_146.jpg,Ladybug,Pollinator
/scratch/user/jmagnew/datasets/insects/Ladybug/Ladybug_567.png,Ladybug,Pollinator
/scratch/user/jmagnew/datasets/insects/Ladybug/Ladybug_133.jpg,Ladybug,Pollinator
/scratch/user/jmagnew/datasets/insects/Ladybug/Ladybug_92.jpg,Ladybug,Pollinator
/scratch/user/jmagnew/datasets/insects/Ladybug/Ladybug_509.jpg,Ladybug,Pollinator
/scratch/user/jmagnew/datasets/insects/Ladybug/Ladybug_586.jpg,Ladybug,Pollinator
/scratch/user/jmagnew/datasets/insects/Ladybug/Ladybug_10.png,Ladybug,Pollinator
/scratch/user/jmagnew/datasets/insects/Ladybug/Ladybug_229.jpg,Ladybug,Pollinator
/scratch/user/jmagnew/datasets/insects/Ladybug/Ladybug_625.jpg,Ladybug,Pollinator
/scratch/user/jmagnew/datasets/insects/Ladybug/Ladybug_542.jpg,Ladybug,Pollinator
/scratch/user/jmagnew/datasets/insects/Ladybug/Ladybug_443.jpg,Ladybug,Pollinator
/scratch/user/jmagnew/datasets/insects/Ladybug/Ladybug_84.jpg,Ladybug,Pollinator
/scratch/user/jmagnew/datasets/insects/Ladybug/Ladybug_192.jpg,Ladybug,Pollinator
/scratch/user/jmagnew/datasets/insects/Ladybug/Ladybug_322.jpg,Ladybug,Pollinator
/scratch/user/jmagnew/datasets/insects/Ladybug/Ladybug_9.jpg,Ladybug,Pollinator
/scratch/user/jmagnew/datasets/insects/Ladybug/Ladybug_71.jpg,Ladybug,Pollinator
/scratch/user/jmagnew/datasets/insects/Ladybug/Ladybug_473.jpg,Ladybug,Pollinator
/scratch/user/jmagnew/datasets/insects/Ladybug/Ladybug_265.jpg,Ladybug,Pollinator
/scratch/user/jmagnew/datasets/insects/Ladybug/Ladybug_560.jpg,Ladybug,Pollinator
/scratch/user/jmagnew/datasets/insects/Ladybug/Ladybug_232.jpeg,Ladybug,Pollinator
/scratch/user/jmagnew/datasets/insects/Ladybug/Ladybug_220.png,Ladybug,Pollinator
/scratch/user/jmagnew/datasets/insects/Ladybug/Ladybug_42.jpg,Ladybug,Pollinator
/scratch/user/jmagnew/datasets/insects/Ladybug/Ladybug_599.jpg,Ladybug,Pollinator
/scratch/user/jmagnew/datasets/insects/Ladybug/Ladybug_368.jpg,Ladybug,Pollinator
/scratch/user/jmagnew/datasets/insects/Ladybug/Ladybug_159.jpg,Ladybug,Pollinator
/scratch/user/jmagnew/datasets/insects/Ladybug/Ladybug_105.jpg,Ladybug,Pollinator
/scratch/user/jmagnew/datasets/insects/Ladybug/Ladybug_566.png,Ladybug,Pollinator
/scratch/user/jmagnew/datasets/insects/Ladybug/Ladybug_247.jpg,Ladybug,Pollinator
/scratch/user/jmagnew/datasets/insects/Ladybug/Ladybug_449.jpg,Ladybug,Pollinator
/scratch/user/jmagnew/datasets/insects/Ladybug/Ladybug_435.jpg,Ladybug,Pollinator
/scratch/user/jmagnew/datasets/insects/Ladybug/Ladybug_152.jpg,Ladybug,Pollinator
/scratch/user/jmagnew/datasets/insects/Ladybug/Ladybug_591.jpg,Ladybug,Pollinator
/scratch/user/jmagnew/datasets/insects/Ladybug/Ladybug_346.jpg,Ladybug,Pollinator
/scratch/user/jmagnew/datasets/insects/Ladybug/Ladybug_65.jpg,Ladybug,Pollinator
/scratch/user/jmagnew/datasets/insects/Ladybug/Ladybug_387.jpg,Ladybug,Pollinator
/scratch/user/jmagnew/datasets/insects/Ladybug/Ladybug_587.jpg,Ladybug,Pollinator
/scratch/user/jmagnew/datasets/insects/Ladybug/Ladybug_134.jpg,Ladybug,Pollinator
/scratch/user/jmagnew/datasets/insects/Ladybug/Ladybug_382.jpg,Ladybug,Pollinator
/scratch/user/jmagnew/datasets/insects/Ladybug/Ladybug_217.jpg,Ladybug,Pollinator
/scratch/user/jmagnew/datasets/insects/Ladybug/Ladybug_604.jpg,Ladybug,Pollinator
/scratch/user/jmagnew/datasets/insects/Ladybug/Ladybug_356.jpg,Ladybug,Pollinator
/scratch/user/jmagnew/datasets/insects/Ladybug/Ladybug_104.jpg,Ladybug,Pollinator
/scratch/user/jmagnew/datasets/insects/Ladybug/Ladybug_148.jpg,Ladybug,Pollinator
/scratch/user/jmagnew/datasets/insects/Ladybug/Ladybug_462.jpg,Ladybug,Pollinator
/scratch/user/jmagnew/datasets/insects/Ladybug/Ladybug_117.jpg,Ladybug,Pollinator
/scratch/user/jmagnew/datasets/insects/Ladybug/Ladybug_501.jpg,Ladybug,Pollinator
/scratch/user/jmagnew/datasets/insects/Ladybug/Ladybug_236.jpg,Ladybug,Pollinator
/scratch/user/jmagnew/datasets/insects/Ladybug/Ladybug_584.png,Ladybug,Pollinator
/scratch/user/jmagnew/datasets/insects/Ladybug/Ladybug_527.jpg,Ladybug,Pollinator
/scratch/user/jmagnew/datasets/insects/Ladybug/Ladybug_444.jpg,Ladybug,Pollinator
/scratch/user/jmagnew/datasets/insects/Ladybug/Ladybug_338.jpg,Ladybug,Pollinator
/scratch/user/jmagnew/datasets/insects/Ladybug/Ladybug_324.jpg,Ladybug,Pollinator
/scratch/user/jmagnew/datasets/insects/Ladybug/Ladybug_140.jpeg,Ladybug,Pollinator
/scratch/user/jmagnew/datasets/insects/Ladybug/Ladybug_637.jpg,Ladybug,Pollinator
/scratch/user/jmagnew/datasets/insects/Ladybug/Ladybug_629.jpg,Ladybug,Pollinator
/scratch/user/jmagnew/datasets/insects/Ladybug/Ladybug_216.jpg,Ladybug,Pollinator
/scratch/user/jmagnew/datasets/insects/Ladybug/Ladybug_620.jpg,Ladybug,Pollinator
/scratch/user/jmagnew/datasets/insects/Ladybug/Ladybug_463.jpg,Ladybug,Pollinator
/scratch/user/jmagnew/datasets/insects/Ladybug/Ladybug_372.jpg,Ladybug,Pollinator
/scratch/user/jmagnew/datasets/insects/Ladybug/Ladybug_590.jpg,Ladybug,Pollinator
/scratch/user/jmagnew/datasets/insects/Ladybug/Ladybug_593.jpeg,Ladybug,Pollinator
/scratch/user/jmagnew/datasets/insects/Ladybug/Ladybug_596.jpg,Ladybug,Pollinator
/scratch/user/jmagnew/datasets/insects/Ladybug/Ladybug_357.jpg,Ladybug,Pollinator
/scratch/user/jmagnew/datasets/insects/Ladybug/Ladybug_617.jpg,Ladybug,Pollinator
/scratch/user/jmagnew/datasets/insects/Ladybug/Ladybug_426.jpg,Ladybug,Pollinator
/scratch/user/jmagnew/datasets/insects/Ladybug/Ladybug_209.jpg,Ladybug,Pollinator
/scratch/user/jmagnew/datasets/insects/Ladybug/Ladybug_190.jpg,Ladybug,Pollinator
/scratch/user/jmagnew/datasets/insects/Ladybug/Ladybug_268.png,Ladybug,Pollinator
/scratch/user/jmagnew/datasets/insects/Ladybug/Ladybug_206.jpg,Ladybug,Pollinator
/scratch/user/jmagnew/datasets/insects/Ladybug/Ladybug_187.png,Ladybug,Pollinator
/scratch/user/jmagnew/datasets/insects/Ladybug/Ladybug_231.jpg,Ladybug,Pollinator
/scratch/user/jmagnew/datasets/insects/Ladybug/Ladybug_393.jpg,Ladybug,Pollinator
/scratch/user/jmagnew/datasets/insects/Ladybug/Ladybug_569.jpg,Ladybug,Pollinator
/scratch/user/jmagnew/datasets/insects/Ladybug/Ladybug_490.jpg,Ladybug,Pollinator
/scratch/user/jmagnew/datasets/insects/Ladybug/Ladybug_531.jpg,Ladybug,Pollinator
/scratch/user/jmagnew/datasets/insects/Ladybug/Ladybug_394.jpg,Ladybug,Pollinator
/scratch/user/jmagnew/datasets/insects/Ladybug/Ladybug_141.jpg,Ladybug,Pollinator
/scratch/user/jmagnew/datasets/insects/Ladybug/Ladybug_345.jpg,Ladybug,Pollinator
/scratch/user/jmagnew/datasets/insects/Ladybug/Ladybug_420.jpg,Ladybug,Pollinator
/scratch/user/jmagnew/datasets/insects/Ladybug/Ladybug_577.jpg,Ladybug,Pollinator
/scratch/user/jmagnew/datasets/insects/Ladybug/Ladybug_450.jpg,Ladybug,Pollinator
/scratch/user/jmagnew/datasets/insects/Ladybug/Ladybug_628.jpg,Ladybug,Pollinator
/scratch/user/jmagnew/datasets/insects/Ladybug/Ladybug_69.jpg,Ladybug,Pollinator
/scratch/user/jmagnew/datasets/insects/Ladybug/Ladybug_239.jpg,Ladybug,Pollinator
/scratch/user/jmagnew/datasets/insects/Ladybug/Ladybug_652.jpg,Ladybug,Pollinator
/scratch/user/jmagnew/datasets/insects/Ladybug/Ladybug_391.jpg,Ladybug,Pollinator
/scratch/user/jmagnew/datasets/insects/Ladybug/Ladybug_494.jpg,Ladybug,Pollinator
/scratch/user/jmagnew/datasets/insects/Ladybug/Ladybug_423.jpg,Ladybug,Pollinator
/scratch/user/jmagnew/datasets/insects/Ladybug/Ladybug_113.jpg,Ladybug,Pollinator
/scratch/user/jmagnew/datasets/insects/Ladybug/Ladybug_551.jpg,Ladybug,Pollinator
/scratch/user/jmagnew/datasets/insects/Ladybug/Ladybug_397.jpg,Ladybug,Pollinator
/scratch/user/jmagnew/datasets/insects/Ladybug/Ladybug_137.jpg,Ladybug,Pollinator
/scratch/user/jmagnew/datasets/insects/Ladybug/Ladybug_643.jpg,Ladybug,Pollinator
/scratch/user/jmagnew/datasets/insects/Ladybug/Ladybug_98.jpg,Ladybug,Pollinator
/scratch/user/jmagnew/datasets/insects/Ladybug/Ladybug_409.jpg,Ladybug,Pollinator
/scratch/user/jmagnew/datasets/insects/Ladybug/Ladybug_310.jpg,Ladybug,Pollinator
/scratch/user/jmagnew/datasets/insects/Ladybug/Ladybug_246.jpg,Ladybug,Pollinator
/scratch/user/jmagnew/datasets/insects/Ladybug/Ladybug_472.jpg,Ladybug,Pollinator
/scratch/user/jmagnew/datasets/insects/Ladybug/Ladybug_139.jpg,Ladybug,Pollinator
/scratch/user/jmagnew/datasets/insects/Ladybug/Ladybug_538.jpg,Ladybug,Pollinator
/scratch/user/jmagnew/datasets/insects/Ladybug/Ladybug_17.jpg,Ladybug,Pollinator
/scratch/user/jmagnew/datasets/insects/Ladybug/Ladybug_25.jpg,Ladybug,Pollinator
/scratch/user/jmagnew/datasets/insects/Ladybug/Ladybug_539.jpg,Ladybug,Pollinator
/scratch/user/jmagnew/datasets/insects/Ladybug/Ladybug_624.jpg,Ladybug,Pollinator
/scratch/user/jmagnew/datasets/insects/Ladybug/Ladybug_178.jpg,Ladybug,Pollinator
/scratch/user/jmagnew/datasets/insects/Ladybug/Ladybug_118.jpg,Ladybug,Pollinator
/scratch/user/jmagnew/datasets/insects/Ladybug/Ladybug_226.jpg,Ladybug,Pollinator
/scratch/user/jmagnew/datasets/insects/Ladybug/Ladybug_478.jpg,Ladybug,Pollinator
/scratch/user/jmagnew/datasets/insects/Ladybug/Ladybug_125.jpg,Ladybug,Pollinator
/scratch/user/jmagnew/datasets/insects/Ladybug/Ladybug_222.jpg,Ladybug,Pollinator
/scratch/user/jmagnew/datasets/insects/Ladybug/Ladybug_516.jpg,Ladybug,Pollinator
/scratch/user/jmagnew/datasets/insects/Ladybug/Ladybug_380.jpg,Ladybug,Pollinator
/scratch/user/jmagnew/datasets/insects/Ladybug/Ladybug_518.jpg,Ladybug,Pollinator
/scratch/user/jmagnew/datasets/insects/Ladybug/Ladybug_166.jpg,Ladybug,Pollinator
/scratch/user/jmagnew/datasets/insects/Ladybug/Ladybug_601.jpg,Ladybug,Pollinator
/scratch/user/jmagnew/datasets/insects/Ladybug/Ladybug_136.jpg,Ladybug,Pollinator
/scratch/user/jmagnew/datasets/insects/Ladybug/Ladybug_589.jpg,Ladybug,Pollinator
/scratch/user/jmagnew/datasets/insects/Ladybug/Ladybug_300.jpg,Ladybug,Pollinator
/scratch/user/jmagnew/datasets/insects/Ladybug/Ladybug_126.jpeg,Ladybug,Pollinator
/scratch/user/jmagnew/datasets/insects/Ladybug/Ladybug_454.jpg,Ladybug,Pollinator
/scratch/user/jmagnew/datasets/insects/Ladybug/Ladybug_128.jpg,Ladybug,Pollinator
/scratch/user/jmagnew/datasets/insects/Ladybug/Ladybug_282.jpg,Ladybug,Pollinator
/scratch/user/jmagnew/datasets/insects/Ladybug/Ladybug_121.jpg,Ladybug,Pollinator
/scratch/user/jmagnew/datasets/insects/Ladybug/Ladybug_570.jpg,Ladybug,Pollinator
/scratch/user/jmagnew/datasets/insects/Ladybug/Ladybug_168.jpg,Ladybug,Pollinator
/scratch/user/jmagnew/datasets/insects/Ladybug/Ladybug_151.jpg,Ladybug,Pollinator
/scratch/user/jmagnew/datasets/insects/Ladybug/Ladybug_36.jpg,Ladybug,Pollinator
/scratch/user/jmagnew/datasets/insects/Ladybug/Ladybug_546.jpg,Ladybug,Pollinator
/scratch/user/jmagnew/datasets/insects/Ladybug/Ladybug_129.jpg,Ladybug,Pollinator
/scratch/user/jmagnew/datasets/insects/Ladybug/Ladybug_456.jpg,Ladybug,Pollinator
/scratch/user/jmagnew/datasets/insects/Ladybug/Ladybug_552.jpg,Ladybug,Pollinator
/scratch/user/jmagnew/datasets/insects/Ladybug/Ladybug_197.jpg,Ladybug,Pollinator
/scratch/user/jmagnew/datasets/insects/Ladybug/Ladybug_359.png,Ladybug,Pollinator
/scratch/user/jmagnew/datasets/insects/Ladybug/Ladybug_61.jpg,Ladybug,Pollinator
/scratch/user/jmagnew/datasets/insects/Ladybug/Ladybug_503.jpg,Ladybug,Pollinator
/scratch/user/jmagnew/datasets/insects/Ladybug/Ladybug_398.jpg,Ladybug,Pollinator
/scratch/user/jmagnew/datasets/insects/Ladybug/Ladybug_208.jpg,Ladybug,Pollinator
/scratch/user/jmagnew/datasets/insects/Ladybug/Ladybug_6.jpg,Ladybug,Pollinator
/scratch/user/jmagnew/datasets/insects/Ladybug/Ladybug_116.jpg,Ladybug,Pollinator
/scratch/user/jmagnew/datasets/insects/Ladybug/Ladybug_558.jpg,Ladybug,Pollinator
/scratch/user/jmagnew/datasets/insects/Ladybug/Ladybug_544.jpg,Ladybug,Pollinator
/scratch/user/jmagnew/datasets/insects/Ladybug/Ladybug_142.jpg,Ladybug,Pollinator
/scratch/user/jmagnew/datasets/insects/Ladybug/Ladybug_14.jpg,Ladybug,Pollinator
/scratch/user/jmagnew/datasets/insects/Ladybug/Ladybug_422.jpg,Ladybug,Pollinator
/scratch/user/jmagnew/datasets/insects/Ladybug/Ladybug_541.jpg,Ladybug,Pollinator
/scratch/user/jmagnew/datasets/insects/Ladybug/Ladybug_431.jpg,Ladybug,Pollinator
/scratch/user/jmagnew/datasets/insects/Ladybug/Ladybug_400.jpg,Ladybug,Pollinator
/scratch/user/jmagnew/datasets/insects/Ladybug/Ladybug_340.jpg,Ladybug,Pollinator
/scratch/user/jmagnew/datasets/insects/Ladybug/Ladybug_196.jpg,Ladybug,Pollinator
/scratch/user/jmagnew/datasets/insects/Ladybug/Ladybug_606.jpg,Ladybug,Pollinator
/scratch/user/jmagnew/datasets/insects/Ladybug/Ladybug_234.jpg,Ladybug,Pollinator
/scratch/user/jmagnew/datasets/insects/Ladybug/Ladybug_179.jpeg,Ladybug,Pollinator
/scratch/user/jmagnew/datasets/insects/Ladybug/Ladybug_163.jpg,Ladybug,Pollinator
/scratch/user/jmagnew/datasets/insects/Ladybug/Ladybug_575.jpg,Ladybug,Pollinator
/scratch/user/jmagnew/datasets/insects/Ladybug/Ladybug_649.jpg,Ladybug,Pollinator
/scratch/user/jmagnew/datasets/insects/Ladybug/Ladybug_57.jpg,Ladybug,Pollinator
/scratch/user/jmagnew/datasets/insects/Ladybug/Ladybug_201.png,Ladybug,Pollinator
/scratch/user/jmagnew/datasets/insects/Ladybug/Ladybug_326.jpg,Ladybug,Pollinator
/scratch/user/jmagnew/datasets/insects/Ladybug/Ladybug_350.jpg,Ladybug,Pollinator
/scratch/user/jmagnew/datasets/insects/Ladybug/Ladybug_185.jpg,Ladybug,Pollinator
/scratch/user/jmagnew/datasets/insects/Ladybug/Ladybug_240.jpg,Ladybug,Pollinator
/scratch/user/jmagnew/datasets/insects/Ladybug/Ladybug_411.jpg,Ladybug,Pollinator
/scratch/user/jmagnew/datasets/insects/Ladybug/Ladybug_330.jpg,Ladybug,Pollinator
/scratch/user/jmagnew/datasets/insects/Ladybug/Ladybug_233.jpeg,Ladybug,Pollinator
/scratch/user/jmagnew/datasets/insects/Ladybug/Ladybug_90.jpg,Ladybug,Pollinator
/scratch/user/jmagnew/datasets/insects/Ladybug/Ladybug_27.jpg,Ladybug,Pollinator
/scratch/user/jmagnew/datasets/insects/Ladybug/Ladybug_385.jpg,Ladybug,Pollinator
/scratch/user/jmagnew/datasets/insects/Ladybug/Ladybug_224.png,Ladybug,Pollinator
/scratch/user/jmagnew/datasets/insects/Ladybug/Ladybug_198.jpg,Ladybug,Pollinator
/scratch/user/jmagnew/datasets/insects/Ladybug/Ladybug_436.jpg,Ladybug,Pollinator
/scratch/user/jmagnew/datasets/insects/Ladybug/Ladybug_292.jpg,Ladybug,Pollinator
/scratch/user/jmagnew/datasets/insects/Ladybug/Ladybug_497.jpg,Ladybug,Pollinator
/scratch/user/jmagnew/datasets/insects/Ladybug/Ladybug_252.jpg,Ladybug,Pollinator
/scratch/user/jmagnew/datasets/insects/Ladybug/Ladybug_475.jpg,Ladybug,Pollinator
/scratch/user/jmagnew/datasets/insects/Ladybug/Ladybug_15.jpg,Ladybug,Pollinator
/scratch/user/jmagnew/datasets/insects/Ladybug/Ladybug_559.jpg,Ladybug,Pollinator
/scratch/user/jmagnew/datasets/insects/Ladybug/Ladybug_261.jpg,Ladybug,Pollinator
/scratch/user/jmagnew/datasets/insects/Ladybug/Ladybug_530.jpg,Ladybug,Pollinator
/scratch/user/jmagnew/datasets/insects/Ladybug/Ladybug_610.jpg,Ladybug,Pollinator
/scratch/user/jmagnew/datasets/insects/Ladybug/Ladybug_481.jpg,Ladybug,Pollinator
/scratch/user/jmagnew/datasets/insects/Ladybug/Ladybug_119.jpg,Ladybug,Pollinator
/scratch/user/jmagnew/datasets/insects/Ladybug/Ladybug_112.jpg,Ladybug,Pollinator
/scratch/user/jmagnew/datasets/insects/Ladybug/Ladybug_227.jpg,Ladybug,Pollinator
/scratch/user/jmagnew/datasets/insects/Ladybug/Ladybug_455.jpg,Ladybug,Pollinator
/scratch/user/jmagnew/datasets/insects/Ladybug/Ladybug_618.jpg,Ladybug,Pollinator
/scratch/user/jmagnew/datasets/insects/Ladybug/Ladybug_452.jpg,Ladybug,Pollinator
/scratch/user/jmagnew/datasets/insects/Ladybug/Ladybug_31.jpg,Ladybug,Pollinator
/scratch/user/jmagnew/datasets/insects/Ladybug/Ladybug_362.jpg,Ladybug,Pollinator
/scratch/user/jmagnew/datasets/insects/Ladybug/Ladybug_67.jpeg,Ladybug,Pollinator
/scratch/user/jmagnew/datasets/insects/Ladybug/Ladybug_471.jpg,Ladybug,Pollinator
/scratch/user/jmagnew/datasets/insects/Ladybug/Ladybug_325.jpg,Ladybug,Pollinator
/scratch/user/jmagnew/datasets/insects/Ladybug/Ladybug_181.jpg,Ladybug,Pollinator
/scratch/user/jmagnew/datasets/insects/Ladybug/Ladybug_392.jpg,Ladybug,Pollinator
/scratch/user/jmagnew/datasets/insects/Ladybug/Ladybug_464.jpg,Ladybug,Pollinator
/scratch/user/jmagnew/datasets/insects/Ladybug/Ladybug_48.jpg,Ladybug,Pollinator
/scratch/user/jmagnew/datasets/insects/Ladybug/Ladybug_200.jpg,Ladybug,Pollinator
/scratch/user/jmagnew/datasets/insects/Ladybug/Ladybug_402.jpg,Ladybug,Pollinator
/scratch/user/jmagnew/datasets/insects/Ladybug/Ladybug_419.png,Ladybug,Pollinator
/scratch/user/jmagnew/datasets/insects/Ladybug/Ladybug_347.jpg,Ladybug,Pollinator
/scratch/user/jmagnew/datasets/insects/Ladybug/Ladybug_396.jpg,Ladybug,Pollinator
/scratch/user/jmagnew/datasets/insects/Ladybug/Ladybug_280.jpg,Ladybug,Pollinator
/scratch/user/jmagnew/datasets/insects/Ladybug/Ladybug_172.jpg,Ladybug,Pollinator
/scratch/user/jmagnew/datasets/insects/Ladybug/Ladybug_210.jpg,Ladybug,Pollinator
/scratch/user/jmagnew/datasets/insects/Ladybug/Ladybug_264.jpg,Ladybug,Pollinator
/scratch/user/jmagnew/datasets/insects/Ladybug/Ladybug_228.jpg,Ladybug,Pollinator
/scratch/user/jmagnew/datasets/insects/Ladybug/Ladybug_571.jpg,Ladybug,Pollinator
/scratch/user/jmagnew/datasets/insects/Ladybug/Ladybug_63.jpg,Ladybug,Pollinator
/scratch/user/jmagnew/datasets/insects/Ladybug/Ladybug_635.jpg,Ladybug,Pollinator
/scratch/user/jmagnew/datasets/insects/Ladybug/Ladybug_630.jpg,Ladybug,Pollinator
/scratch/user/jmagnew/datasets/insects/Ladybug/Ladybug_521.jpg,Ladybug,Pollinator
/scratch/user/jmagnew/datasets/insects/Ladybug/Ladybug_511.jpg,Ladybug,Pollinator
/scratch/user/jmagnew/datasets/insects/Ladybug/Ladybug_102.jpg,Ladybug,Pollinator
/scratch/user/jmagnew/datasets/insects/Ladybug/Ladybug_427.jpg,Ladybug,Pollinator
/scratch/user/jmagnew/datasets/insects/Ladybug/Ladybug_572.jpg,Ladybug,Pollinator
/scratch/user/jmagnew/datasets/insects/Ladybug/Ladybug_164.jpg,Ladybug,Pollinator
/scratch/user/jmagnew/datasets/insects/Ladybug/Ladybug_81.jpg,Ladybug,Pollinator
/scratch/user/jmagnew/datasets/insects/Ladybug/Ladybug_428.jpg,Ladybug,Pollinator
/scratch/user/jmagnew/datasets/insects/Ladybug/Ladybug_363.jpg,Ladybug,Pollinator
/scratch/user/jmagnew/datasets/insects/Ladybug/Ladybug_304.jpg,Ladybug,Pollinator
/scratch/user/jmagnew/datasets/insects/Ladybug/Ladybug_460.jpg,Ladybug,Pollinator
/scratch/user/jmagnew/datasets/insects/Ladybug/Ladybug_361.jpg,Ladybug,Pollinator
/scratch/user/jmagnew/datasets/insects/Ladybug/Ladybug_70.jpg,Ladybug,Pollinator
/scratch/user/jmagnew/datasets/insects/Ladybug/Ladybug_536.jpg,Ladybug,Pollinator
/scratch/user/jmagnew/datasets/insects/Ladybug/Ladybug_354.jpg,Ladybug,Pollinator
/scratch/user/jmagnew/datasets/insects/Ladybug/Ladybug_28.jpg,Ladybug,Pollinator
/scratch/user/jmagnew/datasets/insects/Ladybug/Ladybug_459.jpg,Ladybug,Pollinator
/scratch/user/jmagnew/datasets/insects/Ladybug/Ladybug_21.jpeg,Ladybug,Pollinator
/scratch/user/jmagnew/datasets/insects/Ladybug/Ladybug_634.jpg,Ladybug,Pollinator
/scratch/user/jmagnew/datasets/insects/Ladybug/Ladybug_191.jpg,Ladybug,Pollinator
/scratch/user/jmagnew/datasets/insects/Ladybug/Ladybug_16.jpg,Ladybug,Pollinator
/scratch/user/jmagnew/datasets/insects/Ladybug/Ladybug_184.jpg,Ladybug,Pollinator
/scratch/user/jmagnew/datasets/insects/Ladybug/Ladybug_122.jpeg,Ladybug,Pollinator
/scratch/user/jmagnew/datasets/insects/Ladybug/Ladybug_609.jpg,Ladybug,Pollinator
/scratch/user/jmagnew/datasets/insects/Ladybug/Ladybug_646.jpg,Ladybug,Pollinator
/scratch/user/jmagnew/datasets/insects/Ladybug/Ladybug_342.jpg,Ladybug,Pollinator
/scratch/user/jmagnew/datasets/insects/Ladybug/Ladybug_110.jpg,Ladybug,Pollinator
/scratch/user/jmagnew/datasets/insects/Ladybug/Ladybug_433.jpg,Ladybug,Pollinator
/scratch/user/jmagnew/datasets/insects/Ladybug/Ladybug_376.jpg,Ladybug,Pollinator
/scratch/user/jmagnew/datasets/insects/Ladybug/Ladybug_496.jpg,Ladybug,Pollinator
/scratch/user/jmagnew/datasets/insects/Ladybug/Ladybug_132.jpg,Ladybug,Pollinator
/scratch/user/jmagnew/datasets/insects/Ladybug/Ladybug_386.jpg,Ladybug,Pollinator
/scratch/user/jmagnew/datasets/insects/Ladybug/Ladybug_405.jpg,Ladybug,Pollinator
/scratch/user/jmagnew/datasets/insects/Ladybug/Ladybug_1.jpg,Ladybug,Pollinator
/scratch/user/jmagnew/datasets/insects/Ladybug/Ladybug_607.jpg,Ladybug,Pollinator
/scratch/user/jmagnew/datasets/insects/Ladybug/Ladybug_319.jpg,Ladybug,Pollinator
/scratch/user/jmagnew/datasets/insects/Ladybug/Ladybug_170.jpg,Ladybug,Pollinator
/scratch/user/jmagnew/datasets/insects/Ladybug/Ladybug_40.jpg,Ladybug,Pollinator
/scratch/user/jmagnew/datasets/insects/Ladybug/Ladybug_447.jpg,Ladybug,Pollinator
/scratch/user/jmagnew/datasets/insects/Ladybug/Ladybug_333.jpg,Ladybug,Pollinator
/scratch/user/jmagnew/datasets/insects/Ladybug/Ladybug_101.jpg,Ladybug,Pollinator
/scratch/user/jmagnew/datasets/insects/Ladybug/Ladybug_274.jpg,Ladybug,Pollinator
/scratch/user/jmagnew/datasets/insects/Ladybug/Ladybug_576.jpg,Ladybug,Pollinator
/scratch/user/jmagnew/datasets/insects/Ladybug/Ladybug_272.jpg,Ladybug,Pollinator
/scratch/user/jmagnew/datasets/insects/Ladybug/Ladybug_23.jpg,Ladybug,Pollinator
/scratch/user/jmagnew/datasets/insects/Ladybug/Ladybug_360.jpg,Ladybug,Pollinator
/scratch/user/jmagnew/datasets/insects/Ladybug/Ladybug_403.jpg,Ladybug,Pollinator
/scratch/user/jmagnew/datasets/insects/Ladybug/Ladybug_369.jpg,Ladybug,Pollinator
/scratch/user/jmagnew/datasets/insects/Ladybug/Ladybug_270.jpg,Ladybug,Pollinator
/scratch/user/jmagnew/datasets/insects/Ladybug/Ladybug_632.jpg,Ladybug,Pollinator
/scratch/user/jmagnew/datasets/insects/Ladybug/Ladybug_404.jpg,Ladybug,Pollinator
/scratch/user/jmagnew/datasets/insects/Ladybug/Ladybug_535.jpg,Ladybug,Pollinator
/scratch/user/jmagnew/datasets/insects/Ladybug/Ladybug_157.jpg,Ladybug,Pollinator
/scratch/user/jmagnew/datasets/insects/Ladybug/Ladybug_378.png,Ladybug,Pollinator
/scratch/user/jmagnew/datasets/insects/Ladybug/Ladybug_415.jpg,Ladybug,Pollinator
/scratch/user/jmagnew/datasets/insects/Ladybug/Ladybug_106.jpg,Ladybug,Pollinator
/scratch/user/jmagnew/datasets/insects/Ladybug/Ladybug_311.jpg,Ladybug,Pollinator
/scratch/user/jmagnew/datasets/insects/Ladybug/Ladybug_364.jpg,Ladybug,Pollinator
/scratch/user/jmagnew/datasets/insects/Ladybug/Ladybug_407.jpg,Ladybug,Pollinator
/scratch/user/jmagnew/datasets/insects/Ladybug/Ladybug_469.jpg,Ladybug,Pollinator
/scratch/user/jmagnew/datasets/insects/Ladybug/Ladybug_650.jpg,Ladybug,Pollinator
/scratch/user/jmagnew/datasets/insects/Ladybug/Ladybug_154.jpg,Ladybug,Pollinator
/scratch/user/jmagnew/datasets/insects/Ladybug/Ladybug_562.jpg,Ladybug,Pollinator
/scratch/user/jmagnew/datasets/insects/Ladybug/Ladybug_266.jpeg,Ladybug,Pollinator
/scratch/user/jmagnew/datasets/insects/Ladybug/Ladybug_626.jpg,Ladybug,Pollinator
/scratch/user/jmagnew/datasets/insects/Ladybug/Ladybug_627.jpg,Ladybug,Pollinator
/scratch/user/jmagnew/datasets/insects/Ladybug/Ladybug_288.jpg,Ladybug,Pollinator
/scratch/user/jmagnew/datasets/insects/Ladybug/Ladybug_32.jpg,Ladybug,Pollinator
/scratch/user/jmagnew/datasets/insects/Ladybug/Ladybug_160.jpg,Ladybug,Pollinator
/scratch/user/jmagnew/datasets/insects/Ladybug/Ladybug_519.jpg,Ladybug,Pollinator
/scratch/user/jmagnew/datasets/insects/Ladybug/Ladybug_502.jpg,Ladybug,Pollinator
/scratch/user/jmagnew/datasets/insects/Ladybug/Ladybug_500.jpg,Ladybug,Pollinator
/scratch/user/jmagnew/datasets/insects/Ladybug/Ladybug_262.jpg,Ladybug,Pollinator
/scratch/user/jmagnew/datasets/insects/Ladybug/Ladybug_389.jpg,Ladybug,Pollinator
/scratch/user/jmagnew/datasets/insects/Ladybug/Ladybug_278.jpg,Ladybug,Pollinator
/scratch/user/jmagnew/datasets/insects/Ladybug/Ladybug_639.jpg,Ladybug,Pollinator
/scratch/user/jmagnew/datasets/insects/Ladybug/Ladybug_77.jpg,Ladybug,Pollinator
/scratch/user/jmagnew/datasets/insects/Ladybug/Ladybug_483.jpg,Ladybug,Pollinator
/scratch/user/jmagnew/datasets/insects/Ladybug/Ladybug_621.jpg,Ladybug,Pollinator
/scratch/user/jmagnew/datasets/insects/Ladybug/Ladybug_316.jpg,Ladybug,Pollinator
/scratch/user/jmagnew/datasets/insects/Ladybug/Ladybug_529.jpg,Ladybug,Pollinator
/scratch/user/jmagnew/datasets/insects/Ladybug/Ladybug_293.jpg,Ladybug,Pollinator
/scratch/user/jmagnew/datasets/insects/Ladybug/Ladybug_321.jpg,Ladybug,Pollinator
/scratch/user/jmagnew/datasets/insects/Ladybug/Ladybug_323.jpg,Ladybug,Pollinator
/scratch/user/jmagnew/datasets/insects/Ladybug/Ladybug_144.jpg,Ladybug,Pollinator
/scratch/user/jmagnew/datasets/insects/Ladybug/Ladybug_645.jpg,Ladybug,Pollinator
/scratch/user/jmagnew/datasets/insects/Ladybug/Ladybug_156.jpeg,Ladybug,Pollinator
/scratch/user/jmagnew/datasets/insects/Ladybug/Ladybug_111.jpg,Ladybug,Pollinator
/scratch/user/jmagnew/datasets/insects/Ladybug/Ladybug_96.jpg,Ladybug,Pollinator
/scratch/user/jmagnew/datasets/insects/Ladybug/Ladybug_549.jpg,Ladybug,Pollinator
/scratch/user/jmagnew/datasets/insects/Ladybug/Ladybug_401.jpg,Ladybug,Pollinator
/scratch/user/jmagnew/datasets/insects/Ladybug/Ladybug_302.jpg,Ladybug,Pollinator
/scratch/user/jmagnew/datasets/insects/Ladybug/Ladybug_349.jpg,Ladybug,Pollinator
/scratch/user/jmagnew/datasets/insects/Ladybug/Ladybug_295.jpg,Ladybug,Pollinator
/scratch/user/jmagnew/datasets/insects/Ladybug/Ladybug_545.jpg,Ladybug,Pollinator
/scratch/user/jmagnew/datasets/insects/Ladybug/Ladybug_504.jpg,Ladybug,Pollinator
/scratch/user/jmagnew/datasets/insects/Ladybug/Ladybug_421.jpg,Ladybug,Pollinator
/scratch/user/jmagnew/datasets/insects/Ladybug/Ladybug_83.jpg,Ladybug,Pollinator
/scratch/user/jmagnew/datasets/insects/Ladybug/Ladybug_379.jpeg,Ladybug,Pollinator
/scratch/user/jmagnew/datasets/insects/Ladybug/Ladybug_366.jpg,Ladybug,Pollinator
/scratch/user/jmagnew/datasets/insects/Ladybug/Ladybug_307.jpg,Ladybug,Pollinator
/scratch/user/jmagnew/datasets/insects/Ladybug/Ladybug_608.jpg,Ladybug,Pollinator
/scratch/user/jmagnew/datasets/insects/Ladybug/Ladybug_388.jpg,Ladybug,Pollinator
/scratch/user/jmagnew/datasets/insects/Ladybug/Ladybug_453.jpg,Ladybug,Pollinator
/scratch/user/jmagnew/datasets/insects/Ladybug/Ladybug_343.jpg,Ladybug,Pollinator
/scratch/user/jmagnew/datasets/insects/Ladybug/Ladybug_390.jpg,Ladybug,Pollinator
/scratch/user/jmagnew/datasets/insects/Ladybug/Ladybug_578.jpg,Ladybug,Pollinator
/scratch/user/jmagnew/datasets/insects/Ladybug/Ladybug_223.jpg,Ladybug,Pollinator
/scratch/user/jmagnew/datasets/insects/Ladybug/Ladybug_605.jpg,Ladybug,Pollinator
/scratch/user/jmagnew/datasets/insects/Ladybug/Ladybug_277.jpg,Ladybug,Pollinator
/scratch/user/jmagnew/datasets/insects/Ladybug/Ladybug_120.png,Ladybug,Pollinator
/scratch/user/jmagnew/datasets/insects/Ladybug/Ladybug_654.jpg,Ladybug,Pollinator
/scratch/user/jmagnew/datasets/insects/Ladybug/Ladybug_103.jpg,Ladybug,Pollinator
/scratch/user/jmagnew/datasets/insects/Ladybug/Ladybug_582.png,Ladybug,Pollinator
/scratch/user/jmagnew/datasets/insects/Ladybug/Ladybug_260.jpg,Ladybug,Pollinator
/scratch/user/jmagnew/datasets/insects/Ladybug/Ladybug_279.jpg,Ladybug,Pollinator
/scratch/user/jmagnew/datasets/insects/Ladybug/Ladybug_38.jpg,Ladybug,Pollinator
/scratch/user/jmagnew/datasets/insects/Ladybug/Ladybug_108.jpg,Ladybug,Pollinator
/scratch/user/jmagnew/datasets/insects/Ladybug/Ladybug_251.jpg,Ladybug,Pollinator
/scratch/user/jmagnew/datasets/insects/Ladybug/Ladybug_53.jpg,Ladybug,Pollinator
/scratch/user/jmagnew/datasets/insects/Ladybug/Ladybug_612.jpg,Ladybug,Pollinator
/scratch/user/jmagnew/datasets/insects/Ladybug/Ladybug_287.jpg,Ladybug,Pollinator
/scratch/user/jmagnew/datasets/insects/Ladybug/Ladybug_352.jpg,Ladybug,Pollinator
/scratch/user/jmagnew/datasets/insects/Ladybug/Ladybug_138.jpg,Ladybug,Pollinator
/scratch/user/jmagnew/datasets/insects/Ladybug/Ladybug_619.jpg,Ladybug,Pollinator
/scratch/user/jmagnew/datasets/insects/Ladybug/Ladybug_373.jpg,Ladybug,Pollinator
/scratch/user/jmagnew/datasets/insects/Ladybug/Ladybug_256.jpg,Ladybug,Pollinator
/scratch/user/jmagnew/datasets/insects/Ladybug/Ladybug_149.jpg,Ladybug,Pollinator
/scratch/user/jmagnew/datasets/insects/Ladybug/Ladybug_173.jpg,Ladybug,Pollinator
/scratch/user/jmagnew/datasets/insects/Ladybug/Ladybug_466.jpg,Ladybug,Pollinator
/scratch/user/jmagnew/datasets/insects/Ladybug/Ladybug_124.png,Ladybug,Pollinator
/scratch/user/jmagnew/datasets/insects/Ladybug/Ladybug_641.jpg,Ladybug,Pollinator
/scratch/user/jmagnew/datasets/insects/Ladybug/Ladybug_332.jpg,Ladybug,Pollinator
/scratch/user/jmagnew/datasets/insects/Ladybug/Ladybug_73.jpg,Ladybug,Pollinator
/scratch/user/jmagnew/datasets/insects/Ladybug/Ladybug_11.jpg,Ladybug,Pollinator
/scratch/user/jmagnew/datasets/insects/Ladybug/Ladybug_611.jpg,Ladybug,Pollinator
/scratch/user/jmagnew/datasets/insects/Ladybug/Ladybug_241.jpg,Ladybug,Pollinator
/scratch/user/jmagnew/datasets/insects/Ladybug/Ladybug_74.jpg,Ladybug,Pollinator
/scratch/user/jmagnew/datasets/insects/Ladybug/Ladybug_127.jpg,Ladybug,Pollinator
/scratch/user/jmagnew/datasets/insects/Ladybug/Ladybug_20.jpg,Ladybug,Pollinator
/scratch/user/jmagnew/datasets/insects/Ladybug/Ladybug_62.jpg,Ladybug,Pollinator
/scratch/user/jmagnew/datasets/insects/Ladybug/Ladybug_457.jpg,Ladybug,Pollinator
/scratch/user/jmagnew/datasets/insects/Ladybug/Ladybug_305.jpg,Ladybug,Pollinator
/scratch/user/jmagnew/datasets/insects/Ladybug/Ladybug_297.jpg,Ladybug,Pollinator
/scratch/user/jmagnew/datasets/insects/Ladybug/Ladybug_445.jpg,Ladybug,Pollinator
/scratch/user/jmagnew/datasets/insects/Ladybug/Ladybug_515.jpg,Ladybug,Pollinator
/scratch/user/jmagnew/datasets/insects/Ladybug/Ladybug_644.jpg,Ladybug,Pollinator
/scratch/user/jmagnew/datasets/insects/Ladybug/Ladybug_588.jpg,Ladybug,Pollinator
/scratch/user/jmagnew/datasets/insects/Ladybug/Ladybug_211.jpg,Ladybug,Pollinator
/scratch/user/jmagnew/datasets/insects/Ladybug/Ladybug_175.jpg,Ladybug,Pollinator
/scratch/user/jmagnew/datasets/insects/Ladybug/Ladybug_568.jpg,Ladybug,Pollinator
/scratch/user/jmagnew/datasets/insects/Ladybug/Ladybug_22.jpeg,Ladybug,Pollinator
/scratch/user/jmagnew/datasets/insects/Ladybug/Ladybug_413.jpg,Ladybug,Pollinator
/scratch/user/jmagnew/datasets/insects/Ladybug/Ladybug_522.jpg,Ladybug,Pollinator
/scratch/user/jmagnew/datasets/insects/Ladybug/Ladybug_424.jpg,Ladybug,Pollinator
/scratch/user/jmagnew/datasets/insects/Ladybug/Ladybug_320.jpg,Ladybug,Pollinator
/scratch/user/jmagnew/datasets/insects/Ladybug/Ladybug_180.jpg,Ladybug,Pollinator
/scratch/user/jmagnew/datasets/insects/Ladybug/Ladybug_215.jpg,Ladybug,Pollinator
/scratch/user/jmagnew/datasets/insects/Ladybug/Ladybug_46.jpg,Ladybug,Pollinator
/scratch/user/jmagnew/datasets/insects/Ladybug/Ladybug_526.jpg,Ladybug,Pollinator
/scratch/user/jmagnew/datasets/insects/Ladybug/Ladybug_207.jpg,Ladybug,Pollinator
/scratch/user/jmagnew/datasets/insects/Ladybug/Ladybug_115.jpg,Ladybug,Pollinator
/scratch/user/jmagnew/datasets/insects/Ladybug/Ladybug_414.jpg,Ladybug,Pollinator
/scratch/user/jmagnew/datasets/insects/Ladybug/Ladybug_580.jpg,Ladybug,Pollinator
/scratch/user/jmagnew/datasets/insects/Ladybug/Ladybug_313.jpg,Ladybug,Pollinator
/scratch/user/jmagnew/datasets/insects/Ladybug/Ladybug_182.jpg,Ladybug,Pollinator
/scratch/user/jmagnew/datasets/insects/Ladybug/Ladybug_399.jpg,Ladybug,Pollinator
/scratch/user/jmagnew/datasets/insects/Ladybug/Ladybug_273.jpg,Ladybug,Pollinator
/scratch/user/jmagnew/datasets/insects/Ladybug/Ladybug_177.jpg,Ladybug,Pollinator
/scratch/user/jmagnew/datasets/insects/Ladybug/Ladybug_648.jpg,Ladybug,Pollinator
/scratch/user/jmagnew/datasets/insects/Ladybug/Ladybug_91.jpg,Ladybug,Pollinator
/scratch/user/jmagnew/datasets/insects/Ladybug/Ladybug_306.jpg,Ladybug,Pollinator
/scratch/user/jmagnew/datasets/insects/Ladybug/Ladybug_448.jpg,Ladybug,Pollinator
/scratch/user/jmagnew/datasets/insects/Ladybug/Ladybug_573.jpg,Ladybug,Pollinator
/scratch/user/jmagnew/datasets/insects/Ladybug/Ladybug_4.jpg,Ladybug,Pollinator
/scratch/user/jmagnew/datasets/insects/Ladybug/Ladybug_158.jpg,Ladybug,Pollinator
/scratch/user/jmagnew/datasets/insects/Ladybug/Ladybug_328.jpg,Ladybug,Pollinator
/scratch/user/jmagnew/datasets/insects/Ladybug/Ladybug_54.jpg,Ladybug,Pollinator
/scratch/user/jmagnew/datasets/insects/Ladybug/Ladybug_337.jpg,Ladybug,Pollinator
/scratch/user/jmagnew/datasets/insects/Ladybug/Ladybug_524.jpg,Ladybug,Pollinator
/scratch/user/jmagnew/datasets/insects/Ladybug/Ladybug_58.jpg,Ladybug,Pollinator
/scratch/user/jmagnew/datasets/insects/Ladybug/Ladybug_440.jpg,Ladybug,Pollinator
/scratch/user/jmagnew/datasets/insects/Grasshopper/Grasshopper_98.jpg,Grasshopper,Pest
/scratch/user/jmagnew/datasets/insects/Grasshopper/Grasshopper_324.jpg,Grasshopper,Pest
/scratch/user/jmagnew/datasets/insects/Grasshopper/Grasshopper_284.jpeg,Grasshopper,Pest
/scratch/user/jmagnew/datasets/insects/Grasshopper/Grasshopper_824.jpg,Grasshopper,Pest
/scratch/user/jmagnew/datasets/insects/Grasshopper/Grasshopper_198.jpg,Grasshopper,Pest
/scratch/user/jmagnew/datasets/insects/Grasshopper/Grasshopper_613.jpg,Grasshopper,Pest
/scratch/user/jmagnew/datasets/insects/Grasshopper/Grasshopper_769.jpg,Grasshopper,Pest
/scratch/user/jmagnew/datasets/insects/Grasshopper/Grasshopper_381.jpg,Grasshopper,Pest
/scratch/user/jmagnew/datasets/insects/Grasshopper/Grasshopper_528.jpg,Grasshopper,Pest
/scratch/user/jmagnew/datasets/insects/Grasshopper/Grasshopper_553.jpg,Grasshopper,Pest
/scratch/user/jmagnew/datasets/insects/Grasshopper/Grasshopper_332.jpg,Grasshopper,Pest
/scratch/user/jmagnew/datasets/insects/Grasshopper/Grasshopper_803.jpg,Grasshopper,Pest
/scratch/user/jmagnew/datasets/insects/Grasshopper/Grasshopper_266.jpg,Grasshopper,Pest
/scratch/user/jmagnew/datasets/insects/Grasshopper/Grasshopper_372.jpg,Grasshopper,Pest
/scratch/user/jmagnew/datasets/insects/Grasshopper/Grasshopper_793.jpg,Grasshopper,Pest
/scratch/user/jmagnew/datasets/insects/Grasshopper/Grasshopper_530.jpg,Grasshopper,Pest
/scratch/user/jmagnew/datasets/insects/Grasshopper/Grasshopper_620.jpg,Grasshopper,Pest
/scratch/user/jmagnew/datasets/insects/Grasshopper/Grasshopper_186.jpg,Grasshopper,Pest
/scratch/user/jmagnew/datasets/insects/Grasshopper/Grasshopper_729.jpg,Grasshopper,Pest
/scratch/user/jmagnew/datasets/insects/Grasshopper/Grasshopper_383.jpg,Grasshopper,Pest
/scratch/user/jmagnew/datasets/insects/Grasshopper/Grasshopper_215.jpg,Grasshopper,Pest
/scratch/user/jmagnew/datasets/insects/Grasshopper/Grasshopper_269.jpg,Grasshopper,Pest
/scratch/user/jmagnew/datasets/insects/Grasshopper/Grasshopper_482.jpg,Grasshopper,Pest
/scratch/user/jmagnew/datasets/insects/Grasshopper/Grasshopper_770.jpg,Grasshopper,Pest
/scratch/user/jmagnew/datasets/insects/Grasshopper/Grasshopper_275.jpg,Grasshopper,Pest
/scratch/user/jmagnew/datasets/insects/Grasshopper/Grasshopper_562.jpg,Grasshopper,Pest
/scratch/user/jmagnew/datasets/insects/Grasshopper/Grasshopper_457.jpg,Grasshopper,Pest
/scratch/user/jmagnew/datasets/insects/Grasshopper/Grasshopper_510.jpeg,Grasshopper,Pest
/scratch/user/jmagnew/datasets/insects/Grasshopper/Grasshopper_501.jpg,Grasshopper,Pest
/scratch/user/jmagnew/datasets/insects/Grasshopper/Grasshopper_828.jpg,Grasshopper,Pest
/scratch/user/jmagnew/datasets/insects/Grasshopper/Grasshopper_191.jpg,Grasshopper,Pest
/scratch/user/jmagnew/datasets/insects/Grasshopper/Grasshopper_271.jpg,Grasshopper,Pest
/scratch/user/jmagnew/datasets/insects/Grasshopper/Grasshopper_318.jpg,Grasshopper,Pest
/scratch/user/jmagnew/datasets/insects/Grasshopper/Grasshopper_644.jpg,Grasshopper,Pest
/scratch/user/jmagnew/datasets/insects/Grasshopper/Grasshopper_106.jpg,Grasshopper,Pest
/scratch/user/jmagnew/datasets/insects/Grasshopper/Grasshopper_317.jpg,Grasshopper,Pest
/scratch/user/jmagnew/datasets/insects/Grasshopper/Grasshopper_810.jpg,Grasshopper,Pest
/scratch/user/jmagnew/datasets/insects/Grasshopper/Grasshopper_172.jpg,Grasshopper,Pest
/scratch/user/jmagnew/datasets/insects/Grasshopper/Grasshopper_68.jpeg,Grasshopper,Pest
/scratch/user/jmagnew/datasets/insects/Grasshopper/Grasshopper_293.jpg,Grasshopper,Pest
/scratch/user/jmagnew/datasets/insects/Grasshopper/Grasshopper_551.jpg,Grasshopper,Pest
/scratch/user/jmagnew/datasets/insects/Grasshopper/Grasshopper_150.jpg,Grasshopper,Pest
/scratch/user/jmagnew/datasets/insects/Grasshopper/Grasshopper_347.jpeg,Grasshopper,Pest
/scratch/user/jmagnew/datasets/insects/Grasshopper/Grasshopper_643.jpg,Grasshopper,Pest
/scratch/user/jmagnew/datasets/insects/Grasshopper/Grasshopper_738.jpg,Grasshopper,Pest
/scratch/user/jmagnew/datasets/insects/Grasshopper/Grasshopper_342.jpg,Grasshopper,Pest
/scratch/user/jmagnew/datasets/insects/Grasshopper/Grasshopper_197.jpg,Grasshopper,Pest
/scratch/user/jmagnew/datasets/insects/Grasshopper/Grasshopper_823.jpg,Grasshopper,Pest
/scratch/user/jmagnew/datasets/insects/Grasshopper/Grasshopper_123.jpg,Grasshopper,Pest
/scratch/user/jmagnew/datasets/insects/Grasshopper/Grasshopper_677.jpg,Grasshopper,Pest
/scratch/user/jmagnew/datasets/insects/Grasshopper/Grasshopper_765.jpg,Grasshopper,Pest
/scratch/user/jmagnew/datasets/insects/Grasshopper/Grasshopper_305.jpg,Grasshopper,Pest
/scratch/user/jmagnew/datasets/insects/Grasshopper/Grasshopper_543.jpg,Grasshopper,Pest
/scratch/user/jmagnew/datasets/insects/Grasshopper/Grasshopper_450.jpg,Grasshopper,Pest
/scratch/user/jmagnew/datasets/insects/Grasshopper/Grasshopper_834.jpg,Grasshopper,Pest
/scratch/user/jmagnew/datasets/insects/Grasshopper/Grasshopper_101.jpg,Grasshopper,Pest
/scratch/user/jmagnew/datasets/insects/Grasshopper/Grasshopper_413.jpg,Grasshopper,Pest
/scratch/user/jmagnew/datasets/insects/Grasshopper/Grasshopper_167.jpg,Grasshopper,Pest
/scratch/user/jmagnew/datasets/insects/Grasshopper/Grasshopper_786.jpg,Grasshopper,Pest
/scratch/user/jmagnew/datasets/insects/Grasshopper/Grasshopper_776.jpg,Grasshopper,Pest
/scratch/user/jmagnew/datasets/insects/Grasshopper/Grasshopper_534.jpg,Grasshopper,Pest
/scratch/user/jmagnew/datasets/insects/Grasshopper/Grasshopper_601.jpg,Grasshopper,Pest
/scratch/user/jmagnew/datasets/insects/Grasshopper/Grasshopper_443.jpg,Grasshopper,Pest
/scratch/user/jmagnew/datasets/insects/Grasshopper/Grasshopper_365.jpg,Grasshopper,Pest
/scratch/user/jmagnew/datasets/insects/Grasshopper/Grasshopper_207.jpg,Grasshopper,Pest
/scratch/user/jmagnew/datasets/insects/Grasshopper/Grasshopper_122.jpg,Grasshopper,Pest
/scratch/user/jmagnew/datasets/insects/Grasshopper/Grasshopper_374.jpg,Grasshopper,Pest
/scratch/user/jmagnew/datasets/insects/Grasshopper/Grasshopper_35.jpg,Grasshopper,Pest
/scratch/user/jmagnew/datasets/insects/Grasshopper/Grasshopper_707.jpg,Grasshopper,Pest
/scratch/user/jmagnew/datasets/insects/Grasshopper/Grasshopper_504.jpg,Grasshopper,Pest
/scratch/user/jmagnew/datasets/insects/Grasshopper/Grasshopper_478.jpg,Grasshopper,Pest
/scratch/user/jmagnew/datasets/insects/Grasshopper/Grasshopper_322.jpg,Grasshopper,Pest
/scratch/user/jmagnew/datasets/insects/Grasshopper/Grasshopper_140.jpeg,Grasshopper,Pest
/scratch/user/jmagnew/datasets/insects/Grasshopper/Grasshopper_611.jpg,Grasshopper,Pest
/scratch/user/jmagnew/datasets/insects/Grasshopper/Grasshopper_514.jpg,Grasshopper,Pest
/scratch/user/jmagnew/datasets/insects/Grasshopper/Grasshopper_570.jpg,Grasshopper,Pest
/scratch/user/jmagnew/datasets/insects/Grasshopper/Grasshopper_133.jpg,Grasshopper,Pest
/scratch/user/jmagnew/datasets/insects/Grasshopper/Grasshopper_692.jpg,Grasshopper,Pest
/scratch/user/jmagnew/datasets/insects/Grasshopper/Grasshopper_76.jpg,Grasshopper,Pest
/scratch/user/jmagnew/datasets/insects/Grasshopper/Grasshopper_493.jpg,Grasshopper,Pest
/scratch/user/jmagnew/datasets/insects/Grasshopper/Grasshopper_423.jpg,Grasshopper,Pest
/scratch/user/jmagnew/datasets/insects/Grasshopper/Grasshopper_119.jpg,Grasshopper,Pest
/scratch/user/jmagnew/datasets/insects/Grasshopper/Grasshopper_255.jpg,Grasshopper,Pest
/scratch/user/jmagnew/datasets/insects/Grasshopper/Grasshopper_59.jpg,Grasshopper,Pest
/scratch/user/jmagnew/datasets/insects/Grasshopper/Grasshopper_506.jpg,Grasshopper,Pest
/scratch/user/jmagnew/datasets/insects/Grasshopper/Grasshopper_223.jpg,Grasshopper,Pest
/scratch/user/jmagnew/datasets/insects/Grasshopper/Grasshopper_431.jpg,Grasshopper,Pest
/scratch/user/jmagnew/datasets/insects/Grasshopper/Grasshopper_100.jpg,Grasshopper,Pest
/scratch/user/jmagnew/datasets/insects/Grasshopper/Grasshopper_282.jpg,Grasshopper,Pest
/scratch/user/jmagnew/datasets/insects/Grasshopper/Grasshopper_34.jpg,Grasshopper,Pest
/scratch/user/jmagnew/datasets/insects/Grasshopper/Grasshopper_778.jpg,Grasshopper,Pest
/scratch/user/jmagnew/datasets/insects/Grasshopper/Grasshopper_837.jpg,Grasshopper,Pest
/scratch/user/jmagnew/datasets/insects/Grasshopper/Grasshopper_560.jpg,Grasshopper,Pest
/scratch/user/jmagnew/datasets/insects/Grasshopper/Grasshopper_507.jpg,Grasshopper,Pest
/scratch/user/jmagnew/datasets/insects/Grasshopper/Grasshopper_577.jpg,Grasshopper,Pest
/scratch/user/jmagnew/datasets/insects/Grasshopper/Grasshopper_386.jpg,Grasshopper,Pest
/scratch/user/jmagnew/datasets/insects/Grasshopper/Grasshopper_689.jpg,Grasshopper,Pest
/scratch/user/jmagnew/datasets/insects/Grasshopper/Grasshopper_740.jpg,Grasshopper,Pest
/scratch/user/jmagnew/datasets/insects/Grasshopper/Grasshopper_343.jpg,Grasshopper,Pest
/scratch/user/jmagnew/datasets/insects/Grasshopper/Grasshopper_147.jpg,Grasshopper,Pest
/scratch/user/jmagnew/datasets/insects/Grasshopper/Grasshopper_303.jpg,Grasshopper,Pest
/scratch/user/jmagnew/datasets/insects/Grasshopper/Grasshopper_208.jpg,Grasshopper,Pest
/scratch/user/jmagnew/datasets/insects/Grasshopper/Grasshopper_549.png,Grasshopper,Pest
/scratch/user/jmagnew/datasets/insects/Grasshopper/Grasshopper_103.jpg,Grasshopper,Pest
/scratch/user/jmagnew/datasets/insects/Grasshopper/Grasshopper_572.jpg,Grasshopper,Pest
/scratch/user/jmagnew/datasets/insects/Grasshopper/Grasshopper_633.jpg,Grasshopper,Pest
/scratch/user/jmagnew/datasets/insects/Grasshopper/Grasshopper_835.jpg,Grasshopper,Pest
/scratch/user/jmagnew/datasets/insects/Grasshopper/Grasshopper_715.jpg,Grasshopper,Pest
/scratch/user/jmagnew/datasets/insects/Grasshopper/Grasshopper_503.jpg,Grasshopper,Pest
/scratch/user/jmagnew/datasets/insects/Grasshopper/Grasshopper_166.jpg,Grasshopper,Pest
/scratch/user/jmagnew/datasets/insects/Grasshopper/Grasshopper_723.jpeg,Grasshopper,Pest
/scratch/user/jmagnew/datasets/insects/Grasshopper/Grasshopper_311.jpg,Grasshopper,Pest
/scratch/user/jmagnew/datasets/insects/Grasshopper/Grasshopper_631.jpg,Grasshopper,Pest
/scratch/user/jmagnew/datasets/insects/Grasshopper/Grasshopper_535.jpg,Grasshopper,Pest
/scratch/user/jmagnew/datasets/insects/Grasshopper/Grasshopper_696.jpg,Grasshopper,Pest
/scratch/user/jmagnew/datasets/insects/Grasshopper/Grasshopper_141.jpg,Grasshopper,Pest
/scratch/user/jmagnew/datasets/insects/Grasshopper/Grasshopper_127.jpg,Grasshopper,Pest
/scratch/user/jmagnew/datasets/insects/Grasshopper/Grasshopper_699.jpg,Grasshopper,Pest
/scratch/user/jmagnew/datasets/insects/Grasshopper/Grasshopper_627.jpg,Grasshopper,Pest
/scratch/user/jmagnew/datasets/insects/Grasshopper/Grasshopper_452.jpg,Grasshopper,Pest
/scratch/user/jmagnew/datasets/insects/Grasshopper/Grasshopper_109.jpg,Grasshopper,Pest
/scratch/user/jmagnew/datasets/insects/Grasshopper/Grasshopper_224.jpg,Grasshopper,Pest
/scratch/user/jmagnew/datasets/insects/Grasshopper/Grasshopper_356.jpg,Grasshopper,Pest
/scratch/user/jmagnew/datasets/insects/Grasshopper/Grasshopper_177.jpg,Grasshopper,Pest
/scratch/user/jmagnew/datasets/insects/Grasshopper/Grasshopper_248.jpg,Grasshopper,Pest
/scratch/user/jmagnew/datasets/insects/Grasshopper/Grasshopper_126.jpg,Grasshopper,Pest
/scratch/user/jmagnew/datasets/insects/Grasshopper/Grasshopper_619.jpg,Grasshopper,Pest
/scratch/user/jmagnew/datasets/insects/Grasshopper/Grasshopper_29.jpg,Grasshopper,Pest
/scratch/user/jmagnew/datasets/insects/Grasshopper/Grasshopper_542.jpeg,Grasshopper,Pest
/scratch/user/jmagnew/datasets/insects/Grasshopper/Grasshopper_667.jpg,Grasshopper,Pest
/scratch/user/jmagnew/datasets/insects/Grasshopper/Grasshopper_263.jpg,Grasshopper,Pest
/scratch/user/jmagnew/datasets/insects/Grasshopper/Grasshopper_325.jpg,Grasshopper,Pest
/scratch/user/jmagnew/datasets/insects/Grasshopper/Grasshopper_262.jpg,Grasshopper,Pest
/scratch/user/jmagnew/datasets/insects/Grasshopper/Grasshopper_464.jpg,Grasshopper,Pest
/scratch/user/jmagnew/datasets/insects/Grasshopper/Grasshopper_379.jpg,Grasshopper,Pest
/scratch/user/jmagnew/datasets/insects/Grasshopper/Grasshopper_616.jpg,Grasshopper,Pest
/scratch/user/jmagnew/datasets/insects/Grasshopper/Grasshopper_587.jpg,Grasshopper,Pest
/scratch/user/jmagnew/datasets/insects/Grasshopper/Grasshopper_66.jpeg,Grasshopper,Pest
/scratch/user/jmagnew/datasets/insects/Grasshopper/Grasshopper_767.jpg,Grasshopper,Pest
/scratch/user/jmagnew/datasets/insects/Grasshopper/Grasshopper_474.jpg,Grasshopper,Pest
/scratch/user/jmagnew/datasets/insects/Grasshopper/Grasshopper_671.jpg,Grasshopper,Pest
/scratch/user/jmagnew/datasets/insects/Grasshopper/Grasshopper_655.jpg,Grasshopper,Pest
/scratch/user/jmagnew/datasets/insects/Grasshopper/Grasshopper_574.jpg,Grasshopper,Pest
/scratch/user/jmagnew/datasets/insects/Grasshopper/Grasshopper_291.jpg,Grasshopper,Pest
/scratch/user/jmagnew/datasets/insects/Grasshopper/Grasshopper_246.jpg,Grasshopper,Pest
/scratch/user/jmagnew/datasets/insects/Grasshopper/Grasshopper_213.jpg,Grasshopper,Pest
/scratch/user/jmagnew/datasets/insects/Grasshopper/Grasshopper_307.jpg,Grasshopper,Pest
/scratch/user/jmagnew/datasets/insects/Grasshopper/Grasshopper_691.jpg,Grasshopper,Pest
/scratch/user/jmagnew/datasets/insects/Grasshopper/Grasshopper_79.jpg,Grasshopper,Pest
/scratch/user/jmagnew/datasets/insects/Grasshopper/Grasshopper_468.jpg,Grasshopper,Pest
/scratch/user/jmagnew/datasets/insects/Grasshopper/Grasshopper_662.jpg,Grasshopper,Pest
/scratch/user/jmagnew/datasets/insects/Grasshopper/Grasshopper_789.jpg,Grasshopper,Pest
/scratch/user/jmagnew/datasets/insects/Grasshopper/Grasshopper_389.jpg,Grasshopper,Pest
/scratch/user/jmagnew/datasets/insects/Grasshopper/Grasshopper_708.jpg,Grasshopper,Pest
/scratch/user/jmagnew/datasets/insects/Grasshopper/Grasshopper_14.jpg,Grasshopper,Pest
/scratch/user/jmagnew/datasets/insects/Grasshopper/Grasshopper_475.jpg,Grasshopper,Pest
/scratch/user/jmagnew/datasets/insects/Grasshopper/Grasshopper_463.png,Grasshopper,Pest
/scratch/user/jmagnew/datasets/insects/Grasshopper/Grasshopper_185.jpg,Grasshopper,Pest
/scratch/user/jmagnew/datasets/insects/Grasshopper/Grasshopper_744.jpg,Grasshopper,Pest
/scratch/user/jmagnew/datasets/insects/Grasshopper/Grasshopper_807.jpg,Grasshopper,Pest
/scratch/user/jmagnew/datasets/insects/Grasshopper/Grasshopper_432.jpg,Grasshopper,Pest
/scratch/user/jmagnew/datasets/insects/Grasshopper/Grasshopper_797.jpg,Grasshopper,Pest
/scratch/user/jmagnew/datasets/insects/Grasshopper/Grasshopper_588.jpg,Grasshopper,Pest
/scratch/user/jmagnew/datasets/insects/Grasshopper/Grasshopper_731.jpg,Grasshopper,Pest
/scratch/user/jmagnew/datasets/insects/Grasshopper/Grasshopper_419.jpg,Grasshopper,Pest
/scratch/user/jmagnew/datasets/insects/Grasshopper/Grasshopper_81.jpg,Grasshopper,Pest
/scratch/user/jmagnew/datasets/insects/Grasshopper/Grasshopper_565.jpg,Grasshopper,Pest
/scratch/user/jmagnew/datasets/insects/Grasshopper/Grasshopper_410.jpg,Grasshopper,Pest
/scratch/user/jmagnew/datasets/insects/Grasshopper/Grasshopper_183.jpg,Grasshopper,Pest
/scratch/user/jmagnew/datasets/insects/Grasshopper/Grasshopper_454.jpg,Grasshopper,Pest
/scratch/user/jmagnew/datasets/insects/Grasshopper/Grasshopper_607.jpg,Grasshopper,Pest
/scratch/user/jmagnew/datasets/insects/Grasshopper/Grasshopper_798.jpg,Grasshopper,Pest
/scratch/user/jmagnew/datasets/insects/Grasshopper/Grasshopper_350.jpg,Grasshopper,Pest
/scratch/user/jmagnew/datasets/insects/Grasshopper/Grasshopper_593.jpg,Grasshopper,Pest
/scratch/user/jmagnew/datasets/insects/Grasshopper/Grasshopper_25.jpg,Grasshopper,Pest
/scratch/user/jmagnew/datasets/insects/Grasshopper/Grasshopper_496.jpg,Grasshopper,Pest
/scratch/user/jmagnew/datasets/insects/Grasshopper/Grasshopper_181.jpg,Grasshopper,Pest
/scratch/user/jmagnew/datasets/insects/Grasshopper/Grasshopper_421.jpg,Grasshopper,Pest
/scratch/user/jmagnew/datasets/insects/Grasshopper/Grasshopper_221.jpg,Grasshopper,Pest
/scratch/user/jmagnew/datasets/insects/Grasshopper/Grasshopper_473.jpg,Grasshopper,Pest
/scratch/user/jmagnew/datasets/insects/Grasshopper/Grasshopper_368.jpg,Grasshopper,Pest
/scratch/user/jmagnew/datasets/insects/Grasshopper/Grasshopper_394.jpg,Grasshopper,Pest
/scratch/user/jmagnew/datasets/insects/Grasshopper/Grasshopper_485.jpg,Grasshopper,Pest
/scratch/user/jmagnew/datasets/insects/Grasshopper/Grasshopper_169.jpg,Grasshopper,Pest
/scratch/user/jmagnew/datasets/insects/Grasshopper/Grasshopper_537.jpg,Grasshopper,Pest
/scratch/user/jmagnew/datasets/insects/Grasshopper/Grasshopper_243.jpg,Grasshopper,Pest
/scratch/user/jmagnew/datasets/insects/Grasshopper/Grasshopper_714.jpg,Grasshopper,Pest
/scratch/user/jmagnew/datasets/insects/Grasshopper/Grasshopper_621.jpg,Grasshopper,Pest
/scratch/user/jmagnew/datasets/insects/Grasshopper/Grasshopper_533.jpg,Grasshopper,Pest
/scratch/user/jmagnew/datasets/insects/Grasshopper/Grasshopper_92.jpg,Grasshopper,Pest
/scratch/user/jmagnew/datasets/insects/Grasshopper/Grasshopper_606.jpg,Grasshopper,Pest
/scratch/user/jmagnew/datasets/insects/Grasshopper/Grasshopper_411.jpg,Grasshopper,Pest
/scratch/user/jmagnew/datasets/insects/Grasshopper/Grasshopper_41.jpg,Grasshopper,Pest
/scratch/user/jmagnew/datasets/insects/Grasshopper/Grasshopper_665.jpg,Grasshopper,Pest
/scratch/user/jmagnew/datasets/insects/Grasshopper/Grasshopper_234.jpg,Grasshopper,Pest
/scratch/user/jmagnew/datasets/insects/Grasshopper/Grasshopper_36.jpg,Grasshopper,Pest
/scratch/user/jmagnew/datasets/insects/Grasshopper/Grasshopper_265.jpg,Grasshopper,Pest
/scratch/user/jmagnew/datasets/insects/Grasshopper/Grasshopper_62.jpg,Grasshopper,Pest
/scratch/user/jmagnew/datasets/insects/Grasshopper/Grasshopper_176.png,Grasshopper,Pest
/scratch/user/jmagnew/datasets/insects/Grasshopper/Grasshopper_785.jpg,Grasshopper,Pest
/scratch/user/jmagnew/datasets/insects/Grasshopper/Grasshopper_143.jpg,Grasshopper,Pest
/scratch/user/jmagnew/datasets/insects/Grasshopper/Grasshopper_405.jpg,Grasshopper,Pest
/scratch/user/jmagnew/datasets/insects/Grasshopper/Grasshopper_545.jpg,Grasshopper,Pest
/scratch/user/jmagnew/datasets/insects/Grasshopper/Grasshopper_377.jpg,Grasshopper,Pest
/scratch/user/jmagnew/datasets/insects/Grasshopper/Grasshopper_712.jpg,Grasshopper,Pest
/scratch/user/jmagnew/datasets/insects/Grasshopper/Grasshopper_237.jpg,Grasshopper,Pest
/scratch/user/jmagnew/datasets/insects/Grasshopper/Grasshopper_420.jpg,Grasshopper,Pest
/scratch/user/jmagnew/datasets/insects/Grasshopper/Grasshopper_414.png,Grasshopper,Pest
/scratch/user/jmagnew/datasets/insects/Grasshopper/Grasshopper_298.jpg,Grasshopper,Pest
/scratch/user/jmagnew/datasets/insects/Grasshopper/Grasshopper_435.jpg,Grasshopper,Pest
/scratch/user/jmagnew/datasets/insects/Grasshopper/Grasshopper_138.jpg,Grasshopper,Pest
/scratch/user/jmagnew/datasets/insects/Grasshopper/Grasshopper_417.jpg,Grasshopper,Pest
/scratch/user/jmagnew/datasets/insects/Grasshopper/Grasshopper_447.jpg,Grasshopper,Pest
/scratch/user/jmagnew/datasets/insects/Grasshopper/Grasshopper_139.jpg,Grasshopper,Pest
/scratch/user/jmagnew/datasets/insects/Grasshopper/Grasshopper_130.jpg,Grasshopper,Pest
/scratch/user/jmagnew/datasets/insects/Grasshopper/Grasshopper_618.jpg,Grasshopper,Pest
/scratch/user/jmagnew/datasets/insects/Grasshopper/Grasshopper_352.jpg,Grasshopper,Pest
/scratch/user/jmagnew/datasets/insects/Grasshopper/Grasshopper_755.png,Grasshopper,Pest
/scratch/user/jmagnew/datasets/insects/Grasshopper/Grasshopper_85.png,Grasshopper,Pest
/scratch/user/jmagnew/datasets/insects/Grasshopper/Grasshopper_145.jpg,Grasshopper,Pest
/scratch/user/jmagnew/datasets/insects/Grasshopper/Grasshopper_408.jpg,Grasshopper,Pest
/scratch/user/jmagnew/datasets/insects/Grasshopper/Grasshopper_39.jpg,Grasshopper,Pest
/scratch/user/jmagnew/datasets/insects/Grasshopper/Grasshopper_527.jpg,Grasshopper,Pest
/scratch/user/jmagnew/datasets/insects/Grasshopper/Grasshopper_756.jpg,Grasshopper,Pest
/scratch/user/jmagnew/datasets/insects/Grasshopper/Grasshopper_422.jpg,Grasshopper,Pest
/scratch/user/jmagnew/datasets/insects/Grasshopper/Grasshopper_321.jpg,Grasshopper,Pest
/scratch/user/jmagnew/datasets/insects/Grasshopper/Grasshopper_93.jpg,Grasshopper,Pest
/scratch/user/jmagnew/datasets/insects/Grasshopper/Grasshopper_626.jpg,Grasshopper,Pest
/scratch/user/jmagnew/datasets/insects/Grasshopper/Grasshopper_153.jpg,Grasshopper,Pest
/scratch/user/jmagnew/datasets/insects/Grasshopper/Grasshopper_806.jpg,Grasshopper,Pest
/scratch/user/jmagnew/datasets/insects/Grasshopper/Grasshopper_111.jpg,Grasshopper,Pest
/scratch/user/jmagnew/datasets/insects/Grasshopper/Grasshopper_32.jpg,Grasshopper,Pest
/scratch/user/jmagnew/datasets/insects/Grasshopper/Grasshopper_212.jpg,Grasshopper,Pest
/scratch/user/jmagnew/datasets/insects/Grasshopper/Grasshopper_594.jpg,Grasshopper,Pest
/scratch/user/jmagnew/datasets/insects/Grasshopper/Grasshopper_395.jpg,Grasshopper,Pest
/scratch/user/jmagnew/datasets/insects/Grasshopper/Grasshopper_773.jpg,Grasshopper,Pest
/scratch/user/jmagnew/datasets/insects/Grasshopper/Grasshopper_107.jpg,Grasshopper,Pest
/scratch/user/jmagnew/datasets/insects/Grasshopper/Grasshopper_541.jpeg,Grasshopper,Pest
/scratch/user/jmagnew/datasets/insects/Grasshopper/Grasshopper_673.jpg,Grasshopper,Pest
/scratch/user/jmagnew/datasets/insects/Grasshopper/Grasshopper_518.jpg,Grasshopper,Pest
/scratch/user/jmagnew/datasets/insects/Grasshopper/Grasshopper_822.jpg,Grasshopper,Pest
/scratch/user/jmagnew/datasets/insects/Grasshopper/Grasshopper_358.jpg,Grasshopper,Pest
/scratch/user/jmagnew/datasets/insects/Grasshopper/Grasshopper_247.jpg,Grasshopper,Pest
/scratch/user/jmagnew/datasets/insects/Grasshopper/Grasshopper_396.jpg,Grasshopper,Pest
/scratch/user/jmagnew/datasets/insects/Grasshopper/Grasshopper_385.jpg,Grasshopper,Pest
/scratch/user/jmagnew/datasets/insects/Grasshopper/Grasshopper_146.jpg,Grasshopper,Pest
/scratch/user/jmagnew/datasets/insects/Grasshopper/Grasshopper_256.jpg,Grasshopper,Pest
/scratch/user/jmagnew/datasets/insects/Grasshopper/Grasshopper_637.jpg,Grasshopper,Pest
/scratch/user/jmagnew/datasets/insects/Grasshopper/Grasshopper_42.jpg,Grasshopper,Pest
/scratch/user/jmagnew/datasets/insects/Grasshopper/Grasshopper_821.jpg,Grasshopper,Pest
/scratch/user/jmagnew/datasets/insects/Grasshopper/Grasshopper_171.jpg,Grasshopper,Pest
/scratch/user/jmagnew/datasets/insects/Grasshopper/Grasshopper_40.jpg,Grasshopper,Pest
/scratch/user/jmagnew/datasets/insects/Grasshopper/Grasshopper_190.jpg,Grasshopper,Pest
/scratch/user/jmagnew/datasets/insects/Grasshopper/Grasshopper_649.jpg,Grasshopper,Pest
/scratch/user/jmagnew/datasets/insects/Grasshopper/Grasshopper_2.jpg,Grasshopper,Pest
/scratch/user/jmagnew/datasets/insects/Grasshopper/Grasshopper_244.jpg,Grasshopper,Pest
/scratch/user/jmagnew/datasets/insects/Grasshopper/Grasshopper_38.jpg,Grasshopper,Pest
/scratch/user/jmagnew/datasets/insects/Grasshopper/Grasshopper_586.jpg,Grasshopper,Pest
/scratch/user/jmagnew/datasets/insects/Grasshopper/Grasshopper_174.jpg,Grasshopper,Pest
/scratch/user/jmagnew/datasets/insects/Grasshopper/Grasshopper_388.jpg,Grasshopper,Pest
/scratch/user/jmagnew/datasets/insects/Grasshopper/Grasshopper_515.jpg,Grasshopper,Pest
/scratch/user/jmagnew/datasets/insects/Grasshopper/Grasshopper_83.jpg,Grasshopper,Pest
/scratch/user/jmagnew/datasets/insects/Grasshopper/Grasshopper_476.jpg,Grasshopper,Pest
/scratch/user/jmagnew/datasets/insects/Grasshopper/Grasshopper_376.jpg,Grasshopper,Pest
/scratch/user/jmagnew/datasets/insects/Grasshopper/Grasshopper_6.jpg,Grasshopper,Pest
/scratch/user/jmagnew/datasets/insects/Grasshopper/Grasshopper_556.jpg,Grasshopper,Pest
/scratch/user/jmagnew/datasets/insects/Grasshopper/Grasshopper_43.jpg,Grasshopper,Pest
/scratch/user/jmagnew/datasets/insects/Grasshopper/Grasshopper_229.jpg,Grasshopper,Pest
/scratch/user/jmagnew/datasets/insects/Grasshopper/Grasshopper_460.jpg,Grasshopper,Pest
/scratch/user/jmagnew/datasets/insects/Grasshopper/Grasshopper_20.jpg,Grasshopper,Pest
/scratch/user/jmagnew/datasets/insects/Grasshopper/Grasshopper_453.jpg,Grasshopper,Pest
/scratch/user/jmagnew/datasets/insects/Grasshopper/Grasshopper_439.jpg,Grasshopper,Pest
/scratch/user/jmagnew/datasets/insects/Grasshopper/Grasshopper_86.jpg,Grasshopper,Pest
/scratch/user/jmagnew/datasets/insects/Grasshopper/Grasshopper_617.jpg,Grasshopper,Pest
/scratch/user/jmagnew/datasets/insects/Grasshopper/Grasshopper_680.jpg,Grasshopper,Pest
/scratch/user/jmagnew/datasets/insects/Grasshopper/Grasshopper_295.jpg,Grasshopper,Pest
/scratch/user/jmagnew/datasets/insects/Grasshopper/Grasshopper_214.jpg,Grasshopper,Pest
/scratch/user/jmagnew/datasets/insects/Grasshopper/Grasshopper_22.jpg,Grasshopper,Pest
/scratch/user/jmagnew/datasets/insects/Grasshopper/Grasshopper_451.jpg,Grasshopper,Pest
/scratch/user/jmagnew/datasets/insects/Grasshopper/Grasshopper_391.jpg,Grasshopper,Pest
/scratch/user/jmagnew/datasets/insects/Grasshopper/Grasshopper_578.jpg,Grasshopper,Pest
/scratch/user/jmagnew/datasets/insects/Grasshopper/Grasshopper_498.jpg,Grasshopper,Pest
/scratch/user/jmagnew/datasets/insects/Grasshopper/Grasshopper_157.jpg,Grasshopper,Pest
/scratch/user/jmagnew/datasets/insects/Grasshopper/Grasshopper_187.jpg,Grasshopper,Pest
/scratch/user/jmagnew/datasets/insects/Grasshopper/Grasshopper_605.jpg,Grasshopper,Pest
/scratch/user/jmagnew/datasets/insects/Grasshopper/Grasshopper_196.jpg,Grasshopper,Pest
/scratch/user/jmagnew/datasets/insects/Grasshopper/Grasshopper_151.jpg,Grasshopper,Pest
/scratch/user/jmagnew/datasets/insects/Grasshopper/Grasshopper_314.jpg,Grasshopper,Pest
/scratch/user/jmagnew/datasets/insects/Grasshopper/Grasshopper_348.jpg,Grasshopper,Pest
/scratch/user/jmagnew/datasets/insects/Grasshopper/Grasshopper_480.jpg,Grasshopper,Pest
/scratch/user/jmagnew/datasets/insects/Grasshopper/Grasshopper_595.jpg,Grasshopper,Pest
/scratch/user/jmagnew/datasets/insects/Grasshopper/Grasshopper_216.jpg,Grasshopper,Pest
/scratch/user/jmagnew/datasets/insects/Grasshopper/Grasshopper_91.jpg,Grasshopper,Pest
/scratch/user/jmagnew/datasets/insects/Grasshopper/Grasshopper_65.jpg,Grasshopper,Pest
/scratch/user/jmagnew/datasets/insects/Grasshopper/Grasshopper_250.jpg,Grasshopper,Pest
/scratch/user/jmagnew/datasets/insects/Grasshopper/Grasshopper_270.jpg,Grasshopper,Pest
/scratch/user/jmagnew/datasets/insects/Grasshopper/Grasshopper_390.jpg,Grasshopper,Pest
/scratch/user/jmagnew/datasets/insects/Grasshopper/Grasshopper_569.jpg,Grasshopper,Pest
/scratch/user/jmagnew/datasets/insects/Grasshopper/Grasshopper_734.jpg,Grasshopper,Pest
/scratch/user/jmagnew/datasets/insects/Grasshopper/Grasshopper_465.jpg,Grasshopper,Pest
/scratch/user/jmagnew/datasets/insects/Grasshopper/Grasshopper_173.jpg,Grasshopper,Pest
/scratch/user/jmagnew/datasets/insects/Grasshopper/Grasshopper_500.jpg,Grasshopper,Pest
/scratch/user/jmagnew/datasets/insects/Grasshopper/Grasshopper_632.jpg,Grasshopper,Pest
/scratch/user/jmagnew/datasets/insects/Grasshopper/Grasshopper_817.jpg,Grasshopper,Pest
/scratch/user/jmagnew/datasets/insects/Grasshopper/Grasshopper_12.jpg,Grasshopper,Pest
/scratch/user/jmagnew/datasets/insects/Grasshopper/Grasshopper_466.jpg,Grasshopper,Pest
/scratch/user/jmagnew/datasets/insects/Grasshopper/Grasshopper_164.jpg,Grasshopper,Pest
/scratch/user/jmagnew/datasets/insects/Grasshopper/Grasshopper_653.jpg,Grasshopper,Pest
/scratch/user/jmagnew/datasets/insects/Grasshopper/Grasshopper_768.jpeg,Grasshopper,Pest
/scratch/user/jmagnew/datasets/insects/Grasshopper/Grasshopper_804.jpg,Grasshopper,Pest
/scratch/user/jmagnew/datasets/insects/Grasshopper/Grasshopper_497.jpg,Grasshopper,Pest
/scratch/user/jmagnew/datasets/insects/Grasshopper/Grasshopper_609.jpg,Grasshopper,Pest
/scratch/user/jmagnew/datasets/insects/Grasshopper/Grasshopper_693.jpg,Grasshopper,Pest
/scratch/user/jmagnew/datasets/insects/Grasshopper/Grasshopper_716.jpg,Grasshopper,Pest
/scratch/user/jmagnew/datasets/insects/Grasshopper/Grasshopper_124.jpg,Grasshopper,Pest
/scratch/user/jmagnew/datasets/insects/Grasshopper/Grasshopper_561.jpg,Grasshopper,Pest
/scratch/user/jmagnew/datasets/insects/Grasshopper/Grasshopper_818.jpg,Grasshopper,Pest
/scratch/user/jmagnew/datasets/insects/Grasshopper/Grasshopper_630.jpg,Grasshopper,Pest
/scratch/user/jmagnew/datasets/insects/Grasshopper/Grasshopper_297.jpg,Grasshopper,Pest
/scratch/user/jmagnew/datasets/insects/Grasshopper/Grasshopper_299.jpg,Grasshopper,Pest
/scratch/user/jmagnew/datasets/insects/Grasshopper/Grasshopper_805.jpg,Grasshopper,Pest
/scratch/user/jmagnew/datasets/insects/Grasshopper/Grasshopper_719.jpg,Grasshopper,Pest
/scratch/user/jmagnew/datasets/insects/Grasshopper/Grasshopper_743.png,Grasshopper,Pest
/scratch/user/jmagnew/datasets/insects/Grasshopper/Grasshopper_664.jpg,Grasshopper,Pest
/scratch/user/jmagnew/datasets/insects/Grasshopper/Grasshopper_154.jpeg,Grasshopper,Pest
/scratch/user/jmagnew/datasets/insects/Grasshopper/Grasshopper_563.jpg,Grasshopper,Pest
/scratch/user/jmagnew/datasets/insects/Grasshopper/Grasshopper_218.png,Grasshopper,Pest
/scratch/user/jmagnew/datasets/insects/Grasshopper/Grasshopper_438.jpg,Grasshopper,Pest
/scratch/user/jmagnew/datasets/insects/Grasshopper/Grasshopper_95.jpg,Grasshopper,Pest
/scratch/user/jmagnew/datasets/insects/Grasshopper/Grasshopper_384.jpg,Grasshopper,Pest
/scratch/user/jmagnew/datasets/insects/Grasshopper/Grasshopper_115.jpg,Grasshopper,Pest
/scratch/user/jmagnew/datasets/insects/Grasshopper/Grasshopper_441.jpg,Grasshopper,Pest
/scratch/user/jmagnew/datasets/insects/Grasshopper/Grasshopper_538.jpg,Grasshopper,Pest
/scratch/user/jmagnew/datasets/insects/Grasshopper/Grasshopper_749.jpg,Grasshopper,Pest
/scratch/user/jmagnew/datasets/insects/Grasshopper/Grasshopper_200.jpg,Grasshopper,Pest
/scratch/user/jmagnew/datasets/insects/Grasshopper/Grasshopper_513.jpg,Grasshopper,Pest
/scratch/user/jmagnew/datasets/insects/Grasshopper/Grasshopper_516.jpg,Grasshopper,Pest
/scratch/user/jmagnew/datasets/insects/Grasshopper/Grasshopper_88.jpg,Grasshopper,Pest
/scratch/user/jmagnew/datasets/insects/Grasshopper/Grasshopper_205.jpg,Grasshopper,Pest
/scratch/user/jmagnew/datasets/insects/Grasshopper/Grasshopper_492.jpeg,Grasshopper,Pest
/scratch/user/jmagnew/datasets/insects/Grasshopper/Grasshopper_72.jpg,Grasshopper,Pest
/scratch/user/jmagnew/datasets/insects/Grasshopper/Grasshopper_568.jpg,Grasshopper,Pest
/scratch/user/jmagnew/datasets/insects/Grasshopper/Grasshopper_331.jpg,Grasshopper,Pest
/scratch/user/jmagnew/datasets/insects/Grasshopper/Grasshopper_10.jpg,Grasshopper,Pest
/scratch/user/jmagnew/datasets/insects/Grasshopper/Grasshopper_355.jpg,Grasshopper,Pest
/scratch/user/jmagnew/datasets/insects/Grasshopper/Grasshopper_53.jpg,Grasshopper,Pest
/scratch/user/jmagnew/datasets/insects/Grasshopper/Grasshopper_690.jpg,Grasshopper,Pest
/scratch/user/jmagnew/datasets/insects/Grasshopper/Grasshopper_660.jpg,Grasshopper,Pest
/scratch/user/jmagnew/datasets/insects/Grasshopper/Grasshopper_426.jpg,Grasshopper,Pest
/scratch/user/jmagnew/datasets/insects/Grasshopper/Grasshopper_558.jpg,Grasshopper,Pest
/scratch/user/jmagnew/datasets/insects/Grasshopper/Grasshopper_211.jpg,Grasshopper,Pest
/scratch/user/jmagnew/datasets/insects/Grasshopper/Grasshopper_539.jpg,Grasshopper,Pest
/scratch/user/jmagnew/datasets/insects/Grasshopper/Grasshopper_526.jpg,Grasshopper,Pest
/scratch/user/jmagnew/datasets/insects/Grasshopper/Grasshopper_826.jpg,Grasshopper,Pest
/scratch/user/jmagnew/datasets/insects/Grasshopper/Grasshopper_581.jpg,Grasshopper,Pest
/scratch/user/jmagnew/datasets/insects/Grasshopper/Grasshopper_792.jpg,Grasshopper,Pest
/scratch/user/jmagnew/datasets/insects/Grasshopper/Grasshopper_688.jpg,Grasshopper,Pest
/scratch/user/jmagnew/datasets/insects/Grasshopper/Grasshopper_55.jpg,Grasshopper,Pest
/scratch/user/jmagnew/datasets/insects/Grasshopper/Grasshopper_830.jpg,Grasshopper,Pest
/scratch/user/jmagnew/datasets/insects/Grasshopper/Grasshopper_272.jpg,Grasshopper,Pest
/scratch/user/jmagnew/datasets/insects/Grasshopper/Grasshopper_30.jpg,Grasshopper,Pest
/scratch/user/jmagnew/datasets/insects/Grasshopper/Grasshopper_685.jpg,Grasshopper,Pest
/scratch/user/jmagnew/datasets/insects/Grasshopper/Grasshopper_726.jpeg,Grasshopper,Pest
/scratch/user/jmagnew/datasets/insects/Grasshopper/Grasshopper_717.png,Grasshopper,Pest
/scratch/user/jmagnew/datasets/insects/Grasshopper/Grasshopper_764.jpg,Grasshopper,Pest
/scratch/user/jmagnew/datasets/insects/Grasshopper/Grasshopper_366.jpg,Grasshopper,Pest
/scratch/user/jmagnew/datasets/insects/Grasshopper/Grasshopper_582.jpg,Grasshopper,Pest
/scratch/user/jmagnew/datasets/insects/Grasshopper/Grasshopper_132.jpg,Grasshopper,Pest
/scratch/user/jmagnew/datasets/insects/Grasshopper/Grasshopper_168.jpg,Grasshopper,Pest
/scratch/user/jmagnew/datasets/insects/Grasshopper/Grasshopper_784.jpg,Grasshopper,Pest
/scratch/user/jmagnew/datasets/insects/Grasshopper/Grasshopper_359.jpg,Grasshopper,Pest
/scratch/user/jmagnew/datasets/insects/Grasshopper/Grasshopper_110.jpg,Grasshopper,Pest
/scratch/user/jmagnew/datasets/insects/Grasshopper/Grasshopper_74.jpg,Grasshopper,Pest
/scratch/user/jmagnew/datasets/insects/Grasshopper/Grasshopper_576.jpg,Grasshopper,Pest
/scratch/user/jmagnew/datasets/insects/Grasshopper/Grasshopper_695.jpg,Grasshopper,Pest
/scratch/user/jmagnew/datasets/insects/Grasshopper/Grasshopper_829.jpg,Grasshopper,Pest
/scratch/user/jmagnew/datasets/insects/Grasshopper/Grasshopper_684.jpg,Grasshopper,Pest
/scratch/user/jmagnew/datasets/insects/Grasshopper/Grasshopper_338.jpg,Grasshopper,Pest
/scratch/user/jmagnew/datasets/insects/Grasshopper/Grasshopper_57.jpg,Grasshopper,Pest
/scratch/user/jmagnew/datasets/insects/Grasshopper/Grasshopper_64.jpg,Grasshopper,Pest
/scratch/user/jmagnew/datasets/insects/Grasshopper/Grasshopper_249.jpg,Grasshopper,Pest
/scratch/user/jmagnew/datasets/insects/Grasshopper/Grasshopper_316.jpg,Grasshopper,Pest
/scratch/user/jmagnew/datasets/insects/Grasshopper/Grasshopper_195.jpeg,Grasshopper,Pest
/scratch/user/jmagnew/datasets/insects/Grasshopper/Grasshopper_323.jpg,Grasshopper,Pest
/scratch/user/jmagnew/datasets/insects/Grasshopper/Grasshopper_762.jpg,Grasshopper,Pest
/scratch/user/jmagnew/datasets/insects/Grasshopper/Grasshopper_612.jpg,Grasshopper,Pest
/scratch/user/jmagnew/datasets/insects/Grasshopper/Grasshopper_701.jpg,Grasshopper,Pest
/scratch/user/jmagnew/datasets/insects/Grasshopper/Grasshopper_407.jpg,Grasshopper,Pest
/scratch/user/jmagnew/datasets/insects/Grasshopper/Grasshopper_327.jpg,Grasshopper,Pest
/scratch/user/jmagnew/datasets/insects/Grasshopper/Grasshopper_532.jpg,Grasshopper,Pest
/scratch/user/jmagnew/datasets/insects/Grasshopper/Grasshopper_210.jpg,Grasshopper,Pest
/scratch/user/jmagnew/datasets/insects/Grasshopper/Grasshopper_217.jpg,Grasshopper,Pest
/scratch/user/jmagnew/datasets/insects/Grasshopper/Grasshopper_280.jpg,Grasshopper,Pest
/scratch/user/jmagnew/datasets/insects/Grasshopper/Grasshopper_252.jpg,Grasshopper,Pest
/scratch/user/jmagnew/datasets/insects/Grasshopper/Grasshopper_52.jpg,Grasshopper,Pest
/scratch/user/jmagnew/datasets/insects/Grasshopper/Grasshopper_378.jpg,Grasshopper,Pest
/scratch/user/jmagnew/datasets/insects/Grasshopper/Grasshopper_642.jpg,Grasshopper,Pest
/scratch/user/jmagnew/datasets/insects/Grasshopper/Grasshopper_469.jpg,Grasshopper,Pest
/scratch/user/jmagnew/datasets/insects/Grasshopper/Grasshopper_382.jpg,Grasshopper,Pest
/scratch/user/jmagnew/datasets/insects/Grasshopper/Grasshopper_204.png,Grasshopper,Pest
/scratch/user/jmagnew/datasets/insects/Grasshopper/Grasshopper_670.jpg,Grasshopper,Pest
/scratch/user/jmagnew/datasets/insects/Grasshopper/Grasshopper_808.jpg,Grasshopper,Pest
/scratch/user/jmagnew/datasets/insects/Grasshopper/Grasshopper_326.jpg,Grasshopper,Pest
/scratch/user/jmagnew/datasets/insects/Grasshopper/Grasshopper_608.jpg,Grasshopper,Pest
/scratch/user/jmagnew/datasets/insects/Grasshopper/Grasshopper_745.jpg,Grasshopper,Pest
/scratch/user/jmagnew/datasets/insects/Grasshopper/Grasshopper_37.jpg,Grasshopper,Pest
/scratch/user/jmagnew/datasets/insects/Grasshopper/Grasshopper_540.jpg,Grasshopper,Pest
/scratch/user/jmagnew/datasets/insects/Grasshopper/Grasshopper_114.jpg,Grasshopper,Pest
/scratch/user/jmagnew/datasets/insects/Grasshopper/Grasshopper_99.jpg,Grasshopper,Pest
/scratch/user/jmagnew/datasets/insects/Grasshopper/Grasshopper_799.jpg,Grasshopper,Pest
/scratch/user/jmagnew/datasets/insects/Grasshopper/Grasshopper_777.jpg,Grasshopper,Pest
/scratch/user/jmagnew/datasets/insects/Grasshopper/Grasshopper_67.jpeg,Grasshopper,Pest
/scratch/user/jmagnew/datasets/insects/Grasshopper/Grasshopper_508.jpg,Grasshopper,Pest
/scratch/user/jmagnew/datasets/insects/Grasshopper/Grasshopper_720.jpg,Grasshopper,Pest
/scratch/user/jmagnew/datasets/insects/Grasshopper/Grasshopper_96.jpg,Grasshopper,Pest
/scratch/user/jmagnew/datasets/insects/Grasshopper/Grasshopper_635.jpg,Grasshopper,Pest
/scratch/user/jmagnew/datasets/insects/Grasshopper/Grasshopper_102.jpg,Grasshopper,Pest
/scratch/user/jmagnew/datasets/insects/Grasshopper/Grasshopper_600.jpg,Grasshopper,Pest
/scratch/user/jmagnew/datasets/insects/Grasshopper/Grasshopper_89.jpg,Grasshopper,Pest
/scratch/user/jmagnew/datasets/insects/Grasshopper/Grasshopper_276.jpg,Grasshopper,Pest
/scratch/user/jmagnew/datasets/insects/Grasshopper/Grasshopper_747.jpg,Grasshopper,Pest
/scratch/user/jmagnew/datasets/insects/Grasshopper/Grasshopper_737.jpg,Grasshopper,Pest
/scratch/user/jmagnew/datasets/insects/Grasshopper/Grasshopper_531.jpg,Grasshopper,Pest
/scratch/user/jmagnew/datasets/insects/Grasshopper/Grasshopper_525.jpg,Grasshopper,Pest
/scratch/user/jmagnew/datasets/insects/Grasshopper/Grasshopper_449.jpg,Grasshopper,Pest
/scratch/user/jmagnew/datasets/insects/Grasshopper/Grasshopper_554.jpg,Grasshopper,Pest
/scratch/user/jmagnew/datasets/insects/Grasshopper/Grasshopper_566.jpg,Grasshopper,Pest
/scratch/user/jmagnew/datasets/insects/Grasshopper/Grasshopper_120.jpg,Grasshopper,Pest
/scratch/user/jmagnew/datasets/insects/Grasshopper/Grasshopper_180.jpg,Grasshopper,Pest
/scratch/user/jmagnew/datasets/insects/Grasshopper/Grasshopper_481.jpg,Grasshopper,Pest
/scratch/user/jmagnew/datasets/insects/Grasshopper/Grasshopper_838.jpg,Grasshopper,Pest
/scratch/user/jmagnew/datasets/insects/Grasshopper/Grasshopper_788.jpg,Grasshopper,Pest
/scratch/user/jmagnew/datasets/insects/Grasshopper/Grasshopper_529.jpg,Grasshopper,Pest
/scratch/user/jmagnew/datasets/insects/Grasshopper/Grasshopper_704.jpg,Grasshopper,Pest
/scratch/user/jmagnew/datasets/insects/Grasshopper/Grasshopper_258.jpg,Grasshopper,Pest
/scratch/user/jmagnew/datasets/insects/Grasshopper/Grasshopper_340.jpg,Grasshopper,Pest
/scratch/user/jmagnew/datasets/insects/Grasshopper/Grasshopper_202.jpeg,Grasshopper,Pest
/scratch/user/jmagnew/datasets/insects/Grasshopper/Grasshopper_253.jpg,Grasshopper,Pest
/scratch/user/jmagnew/datasets/insects/Grasshopper/Grasshopper_766.png,Grasshopper,Pest
/scratch/user/jmagnew/datasets/insects/Grasshopper/Grasshopper_335.jpg,Grasshopper,Pest
/scratch/user/jmagnew/datasets/insects/Grasshopper/Grasshopper_54.jpg,Grasshopper,Pest
/scratch/user/jmagnew/datasets/insects/Grasshopper/Grasshopper_550.jpg,Grasshopper,Pest
/scratch/user/jmagnew/datasets/insects/Grasshopper/Grasshopper_7.png,Grasshopper,Pest
/scratch/user/jmagnew/datasets/insects/Grasshopper/Grasshopper_344.jpg,Grasshopper,Pest
/scratch/user/jmagnew/datasets/insects/Grasshopper/Grasshopper_592.jpg,Grasshopper,Pest
/scratch/user/jmagnew/datasets/insects/Grasshopper/Grasshopper_31.jpg,Grasshopper,Pest
/scratch/user/jmagnew/datasets/insects/Grasshopper/Grasshopper_517.jpg,Grasshopper,Pest
/scratch/user/jmagnew/datasets/insects/Grasshopper/Grasshopper_686.jpg,Grasshopper,Pest
/scratch/user/jmagnew/datasets/insects/Grasshopper/Grasshopper_97.jpg,Grasshopper,Pest
/scratch/user/jmagnew/datasets/insects/Grasshopper/Grasshopper_672.jpg,Grasshopper,Pest
/scratch/user/jmagnew/datasets/insects/Grasshopper/Grasshopper_260.jpg,Grasshopper,Pest
/scratch/user/jmagnew/datasets/insects/Grasshopper/Grasshopper_442.jpeg,Grasshopper,Pest
/scratch/user/jmagnew/datasets/insects/Grasshopper/Grasshopper_713.jpeg,Grasshopper,Pest
/scratch/user/jmagnew/datasets/insects/Grasshopper/Grasshopper_698.jpg,Grasshopper,Pest
/scratch/user/jmagnew/datasets/insects/Grasshopper/Grasshopper_292.jpg,Grasshopper,Pest
/scratch/user/jmagnew/datasets/insects/Grasshopper/Grasshopper_300.jpg,Grasshopper,Pest
/scratch/user/jmagnew/datasets/insects/Grasshopper/Grasshopper_162.jpg,Grasshopper,Pest
/scratch/user/jmagnew/datasets/insects/Grasshopper/Grasshopper_412.jpg,Grasshopper,Pest
/scratch/user/jmagnew/datasets/insects/Grasshopper/Grasshopper_184.jpg,Grasshopper,Pest
/scratch/user/jmagnew/datasets/insects/Grasshopper/Grasshopper_753.jpg,Grasshopper,Pest
/scratch/user/jmagnew/datasets/insects/Grasshopper/Grasshopper_26.jpg,Grasshopper,Pest
/scratch/user/jmagnew/datasets/insects/Grasshopper/Grasshopper_137.jpg,Grasshopper,Pest
/scratch/user/jmagnew/datasets/insects/Grasshopper/Grasshopper_752.jpg,Grasshopper,Pest
/scratch/user/jmagnew/datasets/insects/Grasshopper/Grasshopper_448.jpg,Grasshopper,Pest
/scratch/user/jmagnew/datasets/insects/Grasshopper/Grasshopper_428.jpg,Grasshopper,Pest
/scratch/user/jmagnew/datasets/insects/Grasshopper/Grasshopper_159.jpg,Grasshopper,Pest
/scratch/user/jmagnew/datasets/insects/Grasshopper/Grasshopper_251.jpg,Grasshopper,Pest
/scratch/user/jmagnew/datasets/insects/Grasshopper/Grasshopper_628.jpg,Grasshopper,Pest
/scratch/user/jmagnew/datasets/insects/Grasshopper/Grasshopper_226.jpg,Grasshopper,Pest
/scratch/user/jmagnew/datasets/insects/Grasshopper/Grasshopper_401.jpg,Grasshopper,Pest
/scratch/user/jmagnew/datasets/insects/Grasshopper/Grasshopper_50.jpg,Grasshopper,Pest
/scratch/user/jmagnew/datasets/insects/Grasshopper/Grasshopper_648.jpg,Grasshopper,Pest
/scratch/user/jmagnew/datasets/insects/Grasshopper/Grasshopper_524.jpg,Grasshopper,Pest
/scratch/user/jmagnew/datasets/insects/Grasshopper/Grasshopper_727.jpeg,Grasshopper,Pest
/scratch/user/jmagnew/datasets/insects/Grasshopper/Grasshopper_84.jpg,Grasshopper,Pest
/scratch/user/jmagnew/datasets/insects/Grasshopper/Grasshopper_308.jpg,Grasshopper,Pest
/scratch/user/jmagnew/datasets/insects/Grasshopper/Grasshopper_722.jpg,Grasshopper,Pest
/scratch/user/jmagnew/datasets/insects/Grasshopper/Grasshopper_373.jpg,Grasshopper,Pest
/scratch/user/jmagnew/datasets/insects/Grasshopper/Grasshopper_278.jpg,Grasshopper,Pest
/scratch/user/jmagnew/datasets/insects/Grasshopper/Grasshopper_771.jpg,Grasshopper,Pest
/scratch/user/jmagnew/datasets/insects/Grasshopper/Grasshopper_583.jpg,Grasshopper,Pest
/scratch/user/jmagnew/datasets/insects/Grasshopper/Grasshopper_573.jpg,Grasshopper,Pest
/scratch/user/jmagnew/datasets/insects/Grasshopper/Grasshopper_228.jpg,Grasshopper,Pest
/scratch/user/jmagnew/datasets/insects/Grasshopper/Grasshopper_683.jpg,Grasshopper,Pest
/scratch/user/jmagnew/datasets/insects/Grasshopper/Grasshopper_781.png,Grasshopper,Pest
/scratch/user/jmagnew/datasets/insects/Grasshopper/Grasshopper_320.jpg,Grasshopper,Pest
/scratch/user/jmagnew/datasets/insects/Grasshopper/Grasshopper_90.jpg,Grasshopper,Pest
/scratch/user/jmagnew/datasets/insects/Grasshopper/Grasshopper_772.jpg,Grasshopper,Pest
/scratch/user/jmagnew/datasets/insects/Grasshopper/Grasshopper_615.jpg,Grasshopper,Pest
/scratch/user/jmagnew/datasets/insects/Grasshopper/Grasshopper_80.jpg,Grasshopper,Pest
/scratch/user/jmagnew/datasets/insects/Grasshopper/Grasshopper_461.jpg,Grasshopper,Pest
/scratch/user/jmagnew/datasets/insects/Grasshopper/Grasshopper_754.jpg,Grasshopper,Pest
/scratch/user/jmagnew/datasets/insects/Grasshopper/Grasshopper_148.jpeg,Grasshopper,Pest
/scratch/user/jmagnew/datasets/insects/Grasshopper/Grasshopper_267.jpg,Grasshopper,Pest
/scratch/user/jmagnew/datasets/insects/Grasshopper/Grasshopper_341.jpg,Grasshopper,Pest
/scratch/user/jmagnew/datasets/insects/Grasshopper/Grasshopper_511.jpg,Grasshopper,Pest
/scratch/user/jmagnew/datasets/insects/Grasshopper/Grasshopper_49.jpg,Grasshopper,Pest
/scratch/user/jmagnew/datasets/insects/Grasshopper/Grasshopper_697.jpg,Grasshopper,Pest
/scratch/user/jmagnew/datasets/insects/Grasshopper/Grasshopper_334.jpg,Grasshopper,Pest
/scratch/user/jmagnew/datasets/insects/Grasshopper/Grasshopper_440.jpg,Grasshopper,Pest
/scratch/user/jmagnew/datasets/insects/Grasshopper/Grasshopper_820.jpg,Grasshopper,Pest
/scratch/user/jmagnew/datasets/insects/Grasshopper/Grasshopper_661.jpg,Grasshopper,Pest
/scratch/user/jmagnew/datasets/insects/Grasshopper/Grasshopper_71.jpg,Grasshopper,Pest
/scratch/user/jmagnew/datasets/insects/Grasshopper/Grasshopper_328.jpg,Grasshopper,Pest
/scratch/user/jmagnew/datasets/insects/Grasshopper/Grasshopper_304.jpg,Grasshopper,Pest
/scratch/user/jmagnew/datasets/insects/Grasshopper/Grasshopper_675.jpg,Grasshopper,Pest
/scratch/user/jmagnew/datasets/insects/Grasshopper/Grasshopper_839.jpg,Grasshopper,Pest
/scratch/user/jmagnew/datasets/insects/Grasshopper/Grasshopper_199.jpg,Grasshopper,Pest
/scratch/user/jmagnew/datasets/insects/Grasshopper/Grasshopper_108.jpg,Grasshopper,Pest
/scratch/user/jmagnew/datasets/insects/Grasshopper/Grasshopper_477.jpg,Grasshopper,Pest
/scratch/user/jmagnew/datasets/insects/Grasshopper/Grasshopper_9.jpg,Grasshopper,Pest
/scratch/user/jmagnew/datasets/insects/Grasshopper/Grasshopper_705.jpg,Grasshopper,Pest
/scratch/user/jmagnew/datasets/insects/Grasshopper/Grasshopper_681.jpg,Grasshopper,Pest
/scratch/user/jmagnew/datasets/insects/Grasshopper/Grasshopper_357.jpg,Grasshopper,Pest
/scratch/user/jmagnew/datasets/insects/Grasshopper/Grasshopper_245.jpg,Grasshopper,Pest
/scratch/user/jmagnew/datasets/insects/Grasshopper/Grasshopper_155.jpg,Grasshopper,Pest
/scratch/user/jmagnew/datasets/insects/Grasshopper/Grasshopper_721.jpg,Grasshopper,Pest
/scratch/user/jmagnew/datasets/insects/Grasshopper/Grasshopper_711.jpg,Grasshopper,Pest
/scratch/user/jmagnew/datasets/insects/Grasshopper/Grasshopper_118.jpg,Grasshopper,Pest
/scratch/user/jmagnew/datasets/insects/Grasshopper/Grasshopper_669.jpg,Grasshopper,Pest
/scratch/user/jmagnew/datasets/insects/Grasshopper/Grasshopper_505.jpg,Grasshopper,Pest
/scratch/user/jmagnew/datasets/insects/Grasshopper/Grasshopper_444.jpeg,Grasshopper,Pest
/scratch/user/jmagnew/datasets/insects/Grasshopper/Grasshopper_222.jpg,Grasshopper,Pest
/scratch/user/jmagnew/datasets/insects/Grasshopper/Grasshopper_813.jpg,Grasshopper,Pest
/scratch/user/jmagnew/datasets/insects/Grasshopper/Grasshopper_182.jpg,Grasshopper,Pest
/scratch/user/jmagnew/datasets/insects/Grasshopper/Grasshopper_746.jpg,Grasshopper,Pest
/scratch/user/jmagnew/datasets/insects/Grasshopper/Grasshopper_546.jpg,Grasshopper,Pest
/scratch/user/jmagnew/datasets/insects/Grasshopper/Grasshopper_170.jpg,Grasshopper,Pest
/scratch/user/jmagnew/datasets/insects/Grasshopper/Grasshopper_27.jpg,Grasshopper,Pest
/scratch/user/jmagnew/datasets/insects/Grasshopper/Grasshopper_268.jpg,Grasshopper,Pest
/scratch/user/jmagnew/datasets/insects/Grasshopper/Grasshopper_694.jpg,Grasshopper,Pest
/scratch/user/jmagnew/datasets/insects/Grasshopper/Grasshopper_639.jpg,Grasshopper,Pest
/scratch/user/jmagnew/datasets/insects/Grasshopper/Grasshopper_702.jpg,Grasshopper,Pest
/scratch/user/jmagnew/datasets/insects/Grasshopper/Grasshopper_188.jpg,Grasshopper,Pest
/scratch/user/jmagnew/datasets/insects/Grasshopper/Grasshopper_285.jpeg,Grasshopper,Pest
/scratch/user/jmagnew/datasets/insects/Grasshopper/Grasshopper_484.jpg,Grasshopper,Pest
/scratch/user/jmagnew/datasets/insects/Grasshopper/Grasshopper_779.jpg,Grasshopper,Pest
/scratch/user/jmagnew/datasets/insects/Grasshopper/Grasshopper_225.jpg,Grasshopper,Pest
/scratch/user/jmagnew/datasets/insects/Grasshopper/Grasshopper_499.jpg,Grasshopper,Pest
/scratch/user/jmagnew/datasets/insects/Grasshopper/Grasshopper_209.jpg,Grasshopper,Pest
/scratch/user/jmagnew/datasets/insects/Grasshopper/Grasshopper_313.jpg,Grasshopper,Pest
/scratch/user/jmagnew/datasets/insects/Grasshopper/Grasshopper_375.jpg,Grasshopper,Pest
/scratch/user/jmagnew/datasets/insects/Grasshopper/Grasshopper_17.jpg,Grasshopper,Pest
/scratch/user/jmagnew/datasets/insects/Grasshopper/Grasshopper_336.jpg,Grasshopper,Pest
/scratch/user/jmagnew/datasets/insects/Grasshopper/Grasshopper_393.jpg,Grasshopper,Pest
/scratch/user/jmagnew/datasets/insects/Grasshopper/Grasshopper_559.jpg,Grasshopper,Pest
/scratch/user/jmagnew/datasets/insects/Grasshopper/Grasshopper_706.jpg,Grasshopper,Pest
/scratch/user/jmagnew/datasets/insects/Grasshopper/Grasshopper_622.jpg,Grasshopper,Pest
/scratch/user/jmagnew/datasets/insects/Grasshopper/Grasshopper_629.jpg,Grasshopper,Pest
/scratch/user/jmagnew/datasets/insects/Grasshopper/Grasshopper_160.jpg,Grasshopper,Pest
/scratch/user/jmagnew/datasets/insects/Grasshopper/Grasshopper_21.jpg,Grasshopper,Pest
/scratch/user/jmagnew/datasets/insects/Grasshopper/Grasshopper_264.jpg,Grasshopper,Pest
/scratch/user/jmagnew/datasets/insects/Grasshopper/Grasshopper_739.jpg,Grasshopper,Pest
/scratch/user/jmagnew/datasets/insects/Grasshopper/Grasshopper_634.jpg,Grasshopper,Pest
/scratch/user/jmagnew/datasets/insects/Grasshopper/Grasshopper_220.jpg,Grasshopper,Pest
/scratch/user/jmagnew/datasets/insects/Grasshopper/Grasshopper_783.jpg,Grasshopper,Pest
/scratch/user/jmagnew/datasets/insects/Grasshopper/Grasshopper_579.jpg,Grasshopper,Pest
/scratch/user/jmagnew/datasets/insects/Grasshopper/Grasshopper_509.jpg,Grasshopper,Pest
/scratch/user/jmagnew/datasets/insects/Grasshopper/Grasshopper_470.jpeg,Grasshopper,Pest
/scratch/user/jmagnew/datasets/insects/Grasshopper/Grasshopper_597.jpg,Grasshopper,Pest
/scratch/user/jmagnew/datasets/insects/Grasshopper/Grasshopper_125.jpg,Grasshopper,Pest
/scratch/user/jmagnew/datasets/insects/Grasshopper/Grasshopper_94.jpg,Grasshopper,Pest
/scratch/user/jmagnew/datasets/insects/Grasshopper/Grasshopper_488.jpg,Grasshopper,Pest
/scratch/user/jmagnew/datasets/insects/Grasshopper/Grasshopper_471.jpg,Grasshopper,Pest
/scratch/user/jmagnew/datasets/insects/Grasshopper/Grasshopper_302.jpg,Grasshopper,Pest
/scratch/user/jmagnew/datasets/insects/Grasshopper/Grasshopper_179.jpg,Grasshopper,Pest
/scratch/user/jmagnew/datasets/insects/Grasshopper/Grasshopper_811.jpg,Grasshopper,Pest
/scratch/user/jmagnew/datasets/insects/Grasshopper/Grasshopper_112.jpg,Grasshopper,Pest
/scratch/user/jmagnew/datasets/insects/Grasshopper/Grasshopper_131.jpg,Grasshopper,Pest
/scratch/user/jmagnew/datasets/insects/Grasshopper/Grasshopper_575.jpg,Grasshopper,Pest
/scratch/user/jmagnew/datasets/insects/Grasshopper/Grasshopper_819.jpg,Grasshopper,Pest
/scratch/user/jmagnew/datasets/insects/Grasshopper/Grasshopper_668.jpg,Grasshopper,Pest
/scratch/user/jmagnew/datasets/insects/Grasshopper/Grasshopper_296.jpg,Grasshopper,Pest
/scratch/user/jmagnew/datasets/insects/Grasshopper/Grasshopper_666.jpg,Grasshopper,Pest
/scratch/user/jmagnew/datasets/insects/Grasshopper/Grasshopper_832.jpg,Grasshopper,Pest
/scratch/user/jmagnew/datasets/insects/Grasshopper/Grasshopper_571.jpeg,Grasshopper,Pest
/scratch/user/jmagnew/datasets/insects/Grasshopper/Grasshopper_730.jpg,Grasshopper,Pest
/scratch/user/jmagnew/datasets/insects/Grasshopper/Grasshopper_462.jpg,Grasshopper,Pest
/scratch/user/jmagnew/datasets/insects/Grasshopper/Grasshopper_51.jpg,Grasshopper,Pest
/scratch/user/jmagnew/datasets/insects/Grasshopper/Grasshopper_149.jpeg,Grasshopper,Pest
/scratch/user/jmagnew/datasets/insects/Grasshopper/Grasshopper_46.jpg,Grasshopper,Pest
/scratch/user/jmagnew/datasets/insects/Grasshopper/Grasshopper_591.jpg,Grasshopper,Pest
/scratch/user/jmagnew/datasets/insects/Grasshopper/Grasshopper_113.jpg,Grasshopper,Pest
/scratch/user/jmagnew/datasets/insects/Grasshopper/Grasshopper_650.jpg,Grasshopper,Pest
/scratch/user/jmagnew/datasets/insects/Grasshopper/Grasshopper_790.jpg,Grasshopper,Pest
/scratch/user/jmagnew/datasets/insects/Grasshopper/Grasshopper_87.jpg,Grasshopper,Pest
/scratch/user/jmagnew/datasets/insects/Grasshopper/Grasshopper_44.jpg,Grasshopper,Pest
/scratch/user/jmagnew/datasets/insects/Grasshopper/Grasshopper_491.png,Grasshopper,Pest
/scratch/user/jmagnew/datasets/insects/Grasshopper/Grasshopper_345.jpg,Grasshopper,Pest
/scratch/user/jmagnew/datasets/insects/Grasshopper/Grasshopper_346.jpg,Grasshopper,Pest
/scratch/user/jmagnew/datasets/insects/Grasshopper/Grasshopper_163.jpg,Grasshopper,Pest
/scratch/user/jmagnew/datasets/insects/Grasshopper/Grasshopper_458.jpg,Grasshopper,Pest
/scratch/user/jmagnew/datasets/insects/Grasshopper/Grasshopper_175.jpg,Grasshopper,Pest
/scratch/user/jmagnew/datasets/insects/Grasshopper/Grasshopper_315.jpg,Grasshopper,Pest
/scratch/user/jmagnew/datasets/insects/Grasshopper/Grasshopper_658.jpg,Grasshopper,Pest
/scratch/user/jmagnew/datasets/insects/Grasshopper/Grasshopper_519.jpg,Grasshopper,Pest
/scratch/user/jmagnew/datasets/insects/Grasshopper/Grasshopper_651.jpg,Grasshopper,Pest
/scratch/user/jmagnew/datasets/insects/Grasshopper/Grasshopper_732.jpg,Grasshopper,Pest
/scratch/user/jmagnew/datasets/insects/Grasshopper/Grasshopper_703.jpg,Grasshopper,Pest
/scratch/user/jmagnew/datasets/insects/Grasshopper/Grasshopper_663.jpg,Grasshopper,Pest
/scratch/user/jmagnew/datasets/insects/Grasshopper/Grasshopper_564.jpg,Grasshopper,Pest
/scratch/user/jmagnew/datasets/insects/Grasshopper/Grasshopper_735.jpg,Grasshopper,Pest
/scratch/user/jmagnew/datasets/insects/Grasshopper/Grasshopper_75.jpg,Grasshopper,Pest
/scratch/user/jmagnew/datasets/insects/Grasshopper/Grasshopper_780.jpg,Grasshopper,Pest
/scratch/user/jmagnew/datasets/insects/Grasshopper/Grasshopper_281.jpg,Grasshopper,Pest
/scratch/user/jmagnew/datasets/insects/Grasshopper/Grasshopper_370.jpg,Grasshopper,Pest
/scratch/user/jmagnew/datasets/insects/Grasshopper/Grasshopper_657.jpg,Grasshopper,Pest
/scratch/user/jmagnew/datasets/insects/Grasshopper/Grasshopper_791.jpg,Grasshopper,Pest
/scratch/user/jmagnew/datasets/insects/Grasshopper/Grasshopper_257.jpg,Grasshopper,Pest
/scratch/user/jmagnew/datasets/insects/Grasshopper/Grasshopper_367.jpg,Grasshopper,Pest
/scratch/user/jmagnew/datasets/insects/Grasshopper/Grasshopper_227.jpg,Grasshopper,Pest
/scratch/user/jmagnew/datasets/insects/Grasshopper/Grasshopper_801.jpg,Grasshopper,Pest
/scratch/user/jmagnew/datasets/insects/Grasshopper/Grasshopper_809.jpg,Grasshopper,Pest
/scratch/user/jmagnew/datasets/insects/Grasshopper/Grasshopper_161.jpg,Grasshopper,Pest
/scratch/user/jmagnew/datasets/insects/Grasshopper/Grasshopper_654.jpg,Grasshopper,Pest
/scratch/user/jmagnew/datasets/insects/Grasshopper/Grasshopper_467.jpg,Grasshopper,Pest
/scratch/user/jmagnew/datasets/insects/Grasshopper/Grasshopper_128.jpg,Grasshopper,Pest
/scratch/user/jmagnew/datasets/insects/Grasshopper/Grasshopper_360.jpg,Grasshopper,Pest
/scratch/user/jmagnew/datasets/insects/Grasshopper/Grasshopper_678.jpg,Grasshopper,Pest
/scratch/user/jmagnew/datasets/insects/Grasshopper/Grasshopper_18.jpg,Grasshopper,Pest
/scratch/user/jmagnew/datasets/insects/Grasshopper/Grasshopper_306.jpg,Grasshopper,Pest
/scratch/user/jmagnew/datasets/insects/Grasshopper/Grasshopper_337.jpg,Grasshopper,Pest
/scratch/user/jmagnew/datasets/insects/Grasshopper/Grasshopper_277.jpg,Grasshopper,Pest
/scratch/user/jmagnew/datasets/insects/Grasshopper/Grasshopper_512.jpg,Grasshopper,Pest
/scratch/user/jmagnew/datasets/insects/Grasshopper/Grasshopper_77.jpg,Grasshopper,Pest
/scratch/user/jmagnew/datasets/insects/Grasshopper/Grasshopper_647.jpg,Grasshopper,Pest
/scratch/user/jmagnew/datasets/insects/Grasshopper/Grasshopper_522.jpg,Grasshopper,Pest
/scratch/user/jmagnew/datasets/insects/Grasshopper/Grasshopper_279.jpg,Grasshopper,Pest
/scratch/user/jmagnew/datasets/insects/Grasshopper/Grasshopper_489.jpg,Grasshopper,Pest
/scratch/user/jmagnew/datasets/insects/Grasshopper/Grasshopper_759.jpg,Grasshopper,Pest
/scratch/user/jmagnew/datasets/insects/Grasshopper/Grasshopper_232.jpg,Grasshopper,Pest
/scratch/user/jmagnew/datasets/insects/Grasshopper/Grasshopper_794.jpg,Grasshopper,Pest
/scratch/user/jmagnew/datasets/insects/Grasshopper/Grasshopper_60.jpg,Grasshopper,Pest
/scratch/user/jmagnew/datasets/insects/Grasshopper/Grasshopper_397.jpg,Grasshopper,Pest
/scratch/user/jmagnew/datasets/insects/Grasshopper/Grasshopper_623.jpg,Grasshopper,Pest
/scratch/user/jmagnew/datasets/insects/Grasshopper/Grasshopper_409.jpg,Grasshopper,Pest
/scratch/user/jmagnew/datasets/insects/Grasshopper/Grasshopper_775.jpg,Grasshopper,Pest
/scratch/user/jmagnew/datasets/insects/Grasshopper/Grasshopper_624.jpg,Grasshopper,Pest
/scratch/user/jmagnew/datasets/insects/Grasshopper/Grasshopper_748.jpg,Grasshopper,Pest
/scratch/user/jmagnew/datasets/insects/Grasshopper/Grasshopper_724.jpeg,Grasshopper,Pest
/scratch/user/jmagnew/datasets/insects/Grasshopper/Grasshopper_380.jpg,Grasshopper,Pest
/scratch/user/jmagnew/datasets/insects/Grasshopper/Grasshopper_294.jpg,Grasshopper,Pest
/scratch/user/jmagnew/datasets/insects/Grasshopper/Grasshopper_189.jpg,Grasshopper,Pest
/scratch/user/jmagnew/datasets/insects/Grasshopper/Grasshopper_625.jpg,Grasshopper,Pest
/scratch/user/jmagnew/datasets/insects/Grasshopper/Grasshopper_760.jpg,Grasshopper,Pest
/scratch/user/jmagnew/datasets/insects/Grasshopper/Grasshopper_589.jpg,Grasshopper,Pest
/scratch/user/jmagnew/datasets/insects/Grasshopper/Grasshopper_319.jpg,Grasshopper,Pest
/scratch/user/jmagnew/datasets/insects/Grasshopper/Grasshopper_15.jpg,Grasshopper,Pest
/scratch/user/jmagnew/datasets/insects/Grasshopper/Grasshopper_709.jpg,Grasshopper,Pest
/scratch/user/jmagnew/datasets/insects/Grasshopper/Grasshopper_16.jpg,Grasshopper,Pest
/scratch/user/jmagnew/datasets/insects/Grasshopper/Grasshopper_274.jpg,Grasshopper,Pest
/scratch/user/jmagnew/datasets/insects/Grasshopper/Grasshopper_552.jpg,Grasshopper,Pest
/scratch/user/jmagnew/datasets/insects/Grasshopper/Grasshopper_28.jpg,Grasshopper,Pest
/scratch/user/jmagnew/datasets/insects/Grasshopper/Grasshopper_825.jpg,Grasshopper,Pest
/scratch/user/jmagnew/datasets/insects/Grasshopper/Grasshopper_502.jpg,Grasshopper,Pest
/scratch/user/jmagnew/datasets/insects/Grasshopper/Grasshopper_309.jpg,Grasshopper,Pest
/scratch/user/jmagnew/datasets/insects/Grasshopper/Grasshopper_459.jpg,Grasshopper,Pest
/scratch/user/jmagnew/datasets/insects/Grasshopper/Grasshopper_158.jpg,Grasshopper,Pest
/scratch/user/jmagnew/datasets/insects/Grasshopper/Grasshopper_733.jpg,Grasshopper,Pest
/scratch/user/jmagnew/datasets/insects/Grasshopper/Grasshopper_329.png,Grasshopper,Pest
/scratch/user/jmagnew/datasets/insects/Grasshopper/Grasshopper_192.jpg,Grasshopper,Pest
/scratch/user/jmagnew/datasets/insects/Grasshopper/Grasshopper_536.jpg,Grasshopper,Pest
/scratch/user/jmagnew/datasets/insects/Grasshopper/Grasshopper_178.jpg,Grasshopper,Pest
/scratch/user/jmagnew/datasets/insects/Grasshopper/Grasshopper_330.jpg,Grasshopper,Pest
/scratch/user/jmagnew/datasets/insects/Grasshopper/Grasshopper_645.jpg,Grasshopper,Pest
/scratch/user/jmagnew/datasets/insects/Grasshopper/Grasshopper_750.jpg,Grasshopper,Pest
/scratch/user/jmagnew/datasets/insects/Grasshopper/Grasshopper_557.jpg,Grasshopper,Pest
/scratch/user/jmagnew/datasets/insects/Grasshopper/Grasshopper_585.jpg,Grasshopper,Pest
/scratch/user/jmagnew/datasets/insects/Grasshopper/Grasshopper_815.jpg,Grasshopper,Pest
/scratch/user/jmagnew/datasets/insects/Grasshopper/Grasshopper_406.jpg,Grasshopper,Pest
/scratch/user/jmagnew/datasets/insects/Grasshopper/Grasshopper_656.jpg,Grasshopper,Pest
/scratch/user/jmagnew/datasets/insects/Grasshopper/Grasshopper_833.jpg,Grasshopper,Pest
/scratch/user/jmagnew/datasets/insects/Grasshopper/Grasshopper_599.jpg,Grasshopper,Pest
/scratch/user/jmagnew/datasets/insects/Grasshopper/Grasshopper_580.jpg,Grasshopper,Pest
/scratch/user/jmagnew/datasets/insects/Grasshopper/Grasshopper_259.jpg,Grasshopper,Pest
/scratch/user/jmagnew/datasets/insects/Grasshopper/Grasshopper_152.jpg,Grasshopper,Pest
/scratch/user/jmagnew/datasets/insects/Grasshopper/Grasshopper_142.jpg,Grasshopper,Pest
/scratch/user/jmagnew/datasets/insects/Grasshopper/Grasshopper_479.jpg,Grasshopper,Pest
/scratch/user/jmagnew/datasets/insects/Grasshopper/Grasshopper_404.png,Grasshopper,Pest
/scratch/user/jmagnew/datasets/insects/Grasshopper/Grasshopper_369.jpg,Grasshopper,Pest
/scratch/user/jmagnew/datasets/insects/Grasshopper/Grasshopper_429.jpg,Grasshopper,Pest
/scratch/user/jmagnew/datasets/insects/Grasshopper/Grasshopper_483.jpg,Grasshopper,Pest
/scratch/user/jmagnew/datasets/insects/Grasshopper/Grasshopper_69.jpeg,Grasshopper,Pest
/scratch/user/jmagnew/datasets/insects/Grasshopper/Grasshopper_193.jpg,Grasshopper,Pest
/scratch/user/jmagnew/datasets/insects/Grasshopper/Grasshopper_814.jpg,Grasshopper,Pest
/scratch/user/jmagnew/datasets/insects/Grasshopper/Grasshopper_353.jpg,Grasshopper,Pest
/scratch/user/jmagnew/datasets/insects/Grasshopper/Grasshopper_63.jpg,Grasshopper,Pest
/scratch/user/jmagnew/datasets/insects/Grasshopper/Grasshopper_349.jpg,Grasshopper,Pest
/scratch/user/jmagnew/datasets/insects/Grasshopper/Grasshopper_584.jpg,Grasshopper,Pest
/scratch/user/jmagnew/datasets/insects/Grasshopper/Grasshopper_636.jpg,Grasshopper,Pest
/scratch/user/jmagnew/datasets/insects/Grasshopper/Grasshopper_490.jpg,Grasshopper,Pest
/scratch/user/jmagnew/datasets/insects/Grasshopper/Grasshopper_254.jpg,Grasshopper,Pest
/scratch/user/jmagnew/datasets/insects/Grasshopper/Grasshopper_105.png,Grasshopper,Pest
/scratch/user/jmagnew/datasets/insects/Grasshopper/Grasshopper_11.jpg,Grasshopper,Pest
/scratch/user/jmagnew/datasets/insects/Grasshopper/Grasshopper_495.jpg,Grasshopper,Pest
/scratch/user/jmagnew/datasets/insects/Grasshopper/Grasshopper_310.jpg,Grasshopper,Pest
/scratch/user/jmagnew/datasets/insects/Grasshopper/Grasshopper_236.jpg,Grasshopper,Pest
/scratch/user/jmagnew/datasets/insects/Grasshopper/Grasshopper_456.jpg,Grasshopper,Pest
/scratch/user/jmagnew/datasets/insects/Grasshopper/Grasshopper_487.jpg,Grasshopper,Pest
/scratch/user/jmagnew/datasets/insects/Grasshopper/Grasshopper_802.jpg,Grasshopper,Pest
/scratch/user/jmagnew/datasets/insects/Grasshopper/Grasshopper_646.jpg,Grasshopper,Pest
/scratch/user/jmagnew/datasets/insects/Grasshopper/Grasshopper_301.jpg,Grasshopper,Pest
/scratch/user/jmagnew/datasets/insects/Grasshopper/Grasshopper_339.jpg,Grasshopper,Pest
/scratch/user/jmagnew/datasets/insects/Grasshopper/Grasshopper_117.jpg,Grasshopper,Pest
/scratch/user/jmagnew/datasets/insects/Grasshopper/Grasshopper_403.jpg,Grasshopper,Pest
/scratch/user/jmagnew/datasets/insects/Grasshopper/Grasshopper_604.jpg,Grasshopper,Pest
/scratch/user/jmagnew/datasets/insects/Grasshopper/Grasshopper_58.jpg,Grasshopper,Pest
/scratch/user/jmagnew/datasets/insects/Grasshopper/Grasshopper_425.jpg,Grasshopper,Pest
/scratch/user/jmagnew/datasets/insects/Grasshopper/Grasshopper_486.jpg,Grasshopper,Pest
/scratch/user/jmagnew/datasets/insects/Grasshopper/Grasshopper_129.jpg,Grasshopper,Pest
/scratch/user/jmagnew/datasets/insects/Grasshopper/Grasshopper_710.jpg,Grasshopper,Pest
/scratch/user/jmagnew/datasets/insects/Grasshopper/Grasshopper_241.jpg,Grasshopper,Pest
/scratch/user/jmagnew/datasets/insects/Grasshopper/Grasshopper_56.jpg,Grasshopper,Pest
/scratch/user/jmagnew/datasets/insects/Grasshopper/Grasshopper_640.jpg,Grasshopper,Pest
/scratch/user/jmagnew/datasets/insects/Grasshopper/Grasshopper_333.jpg,Grasshopper,Pest
/scratch/user/jmagnew/datasets/insects/Grasshopper/Grasshopper_70.jpg,Grasshopper,Pest
/scratch/user/jmagnew/datasets/insects/Grasshopper/Grasshopper_544.jpg,Grasshopper,Pest
/scratch/user/jmagnew/datasets/insects/Grasshopper/Grasshopper_283.jpg,Grasshopper,Pest
/scratch/user/jmagnew/datasets/insects/Grasshopper/Grasshopper_392.jpg,Grasshopper,Pest
/scratch/user/jmagnew/datasets/insects/Grasshopper/Grasshopper_641.jpg,Grasshopper,Pest
/scratch/user/jmagnew/datasets/insects/Grasshopper/Grasshopper_796.jpg,Grasshopper,Pest
/scratch/user/jmagnew/datasets/insects/Grasshopper/Grasshopper_472.jpg,Grasshopper,Pest
/scratch/user/jmagnew/datasets/insects/Grasshopper/Grasshopper_19.jpg,Grasshopper,Pest
/scratch/user/jmagnew/datasets/insects/Grasshopper/Grasshopper_4.jpg,Grasshopper,Pest
/scratch/user/jmagnew/datasets/insects/Grasshopper/Grasshopper_144.jpg,Grasshopper,Pest
/scratch/user/jmagnew/datasets/insects/Grasshopper/Grasshopper_433.jpg,Grasshopper,Pest
/scratch/user/jmagnew/datasets/insects/Grasshopper/Grasshopper_736.jpg,Grasshopper,Pest
/scratch/user/jmagnew/datasets/insects/Grasshopper/Grasshopper_494.jpg,Grasshopper,Pest
/scratch/user/jmagnew/datasets/insects/Grasshopper/Grasshopper_652.jpg,Grasshopper,Pest
/scratch/user/jmagnew/datasets/insects/Grasshopper/Grasshopper_782.jpg,Grasshopper,Pest
/scratch/user/jmagnew/datasets/insects/Grasshopper/Grasshopper_718.jpg,Grasshopper,Pest
/scratch/user/jmagnew/datasets/insects/Grasshopper/Grasshopper_387.jpg,Grasshopper,Pest
/scratch/user/jmagnew/datasets/insects/Grasshopper/Grasshopper_434.jpg,Grasshopper,Pest
/scratch/user/jmagnew/datasets/insects/Grasshopper/Grasshopper_48.jpg,Grasshopper,Pest
/scratch/user/jmagnew/datasets/insects/Grasshopper/Grasshopper_610.jpg,Grasshopper,Pest
/scratch/user/jmagnew/datasets/insects/Grasshopper/Grasshopper_5.jpg,Grasshopper,Pest
/scratch/user/jmagnew/datasets/insects/Grasshopper/Grasshopper_831.jpg,Grasshopper,Pest
/scratch/user/jmagnew/datasets/insects/Grasshopper/Grasshopper_400.jpg,Grasshopper,Pest
/scratch/user/jmagnew/datasets/insects/Grasshopper/Grasshopper_700.jpg,Grasshopper,Pest
/scratch/user/jmagnew/datasets/insects/Grasshopper/Grasshopper_371.jpg,Grasshopper,Pest
/scratch/user/jmagnew/datasets/insects/Grasshopper/Grasshopper_398.jpg,Grasshopper,Pest
/scratch/user/jmagnew/datasets/insects/Grasshopper/Grasshopper_758.jpg,Grasshopper,Pest
/scratch/user/jmagnew/datasets/insects/Grasshopper/Grasshopper_203.jpg,Grasshopper,Pest
/scratch/user/jmagnew/datasets/insects/Grasshopper/Grasshopper_614.jpg,Grasshopper,Pest
/scratch/user/jmagnew/datasets/insects/Grasshopper/Grasshopper_13.jpg,Grasshopper,Pest
/scratch/user/jmagnew/datasets/insects/Grasshopper/Grasshopper_761.jpg,Grasshopper,Pest
/scratch/user/jmagnew/datasets/insects/Grasshopper/Grasshopper_437.jpg,Grasshopper,Pest
/scratch/user/jmagnew/datasets/insects/Grasshopper/Grasshopper_659.jpg,Grasshopper,Pest
/scratch/user/jmagnew/datasets/insects/Grasshopper/Grasshopper_61.jpg,Grasshopper,Pest
/scratch/user/jmagnew/datasets/insects/Grasshopper/Grasshopper_116.jpg,Grasshopper,Pest
/scratch/user/jmagnew/datasets/insects/Grasshopper/Grasshopper_787.png,Grasshopper,Pest
/scratch/user/jmagnew/datasets/insects/Grasshopper/Grasshopper_231.png,Grasshopper,Pest
/scratch/user/jmagnew/datasets/insects/Grasshopper/Grasshopper_816.jpg,Grasshopper,Pest
/scratch/user/jmagnew/datasets/insects/Grasshopper/Grasshopper_827.jpg,Grasshopper,Pest
/scratch/user/jmagnew/datasets/insects/Grasshopper/Grasshopper_230.jpg,Grasshopper,Pest
/scratch/user/jmagnew/datasets/insects/Grasshopper/Grasshopper_24.jpg,Grasshopper,Pest
/scratch/user/jmagnew/datasets/insects/Grasshopper/Grasshopper_312.jpg,Grasshopper,Pest
/scratch/user/jmagnew/datasets/insects/Grasshopper/Grasshopper_399.jpg,Grasshopper,Pest
/scratch/user/jmagnew/datasets/insects/Grasshopper/Grasshopper_676.jpg,Grasshopper,Pest
/scratch/user/jmagnew/datasets/insects/Grasshopper/Grasshopper_165.jpg,Grasshopper,Pest
/scratch/user/jmagnew/datasets/insects/Grasshopper/Grasshopper_261.jpg,Grasshopper,Pest
/scratch/user/jmagnew/datasets/insects/Grasshopper/Grasshopper_242.jpg,Grasshopper,Pest
/scratch/user/jmagnew/datasets/insects/Grasshopper/Grasshopper_47.jpg,Grasshopper,Pest
/scratch/user/jmagnew/datasets/insects/Grasshopper/Grasshopper_763.png,Grasshopper,Pest
/scratch/user/jmagnew/datasets/insects/Grasshopper/Grasshopper_751.jpg,Grasshopper,Pest
/scratch/user/jmagnew/datasets/insects/Grasshopper/Grasshopper_520.png,Grasshopper,Pest
/scratch/user/jmagnew/datasets/insects/Grasshopper/Grasshopper_555.jpg,Grasshopper,Pest
/scratch/user/jmagnew/datasets/insects/Grasshopper/Grasshopper_725.jpeg,Grasshopper,Pest
/scratch/user/jmagnew/datasets/insects/Grasshopper/Grasshopper_427.jpg,Grasshopper,Pest
/scratch/user/jmagnew/datasets/insects/Grasshopper/Grasshopper_418.jpg,Grasshopper,Pest
/scratch/user/jmagnew/datasets/insects/Grasshopper/Grasshopper_674.jpg,Grasshopper,Pest
/scratch/user/jmagnew/datasets/insects/Grasshopper/Grasshopper_436.jpg,Grasshopper,Pest
/scratch/user/jmagnew/datasets/insects/Grasshopper/Grasshopper_602.jpg,Grasshopper,Pest
/scratch/user/jmagnew/datasets/insects/Grasshopper/Grasshopper_240.jpg,Grasshopper,Pest
/scratch/user/jmagnew/datasets/insects/Grasshopper/Grasshopper_351.jpg,Grasshopper,Pest
/scratch/user/jmagnew/datasets/insects/Grasshopper/Grasshopper_424.jpg,Grasshopper,Pest
/scratch/user/jmagnew/datasets/insects/Grasshopper/Grasshopper_233.jpg,Grasshopper,Pest
/scratch/user/jmagnew/datasets/insects/Grasshopper/Grasshopper_156.jpg,Grasshopper,Pest
/scratch/user/jmagnew/datasets/insects/Grasshopper/Grasshopper_836.jpg,Grasshopper,Pest
/scratch/user/jmagnew/datasets/insects/Grasshopper/Grasshopper_795.jpg,Grasshopper,Pest
/scratch/user/jmagnew/datasets/insects/Grasshopper/Grasshopper_757.jpg,Grasshopper,Pest
/scratch/user/jmagnew/datasets/insects/Grasshopper/Grasshopper_416.jpg,Grasshopper,Pest
/scratch/user/jmagnew/datasets/insects/Grasshopper/Grasshopper_134.jpg,Grasshopper,Pest
/scratch/user/jmagnew/datasets/insects/Grasshopper/Grasshopper_104.png,Grasshopper,Pest
/scratch/user/jmagnew/datasets/insects/Grasshopper/Grasshopper_603.jpg,Grasshopper,Pest
/scratch/user/jmagnew/datasets/insects/Grasshopper/Grasshopper_741.jpg,Grasshopper,Pest
/scratch/user/jmagnew/datasets/insects/Grasshopper/Grasshopper_364.jpg,Grasshopper,Pest
/scratch/user/jmagnew/datasets/insects/Grasshopper/Grasshopper_3.jpg,Grasshopper,Pest
/scratch/user/jmagnew/datasets/insects/Grasshopper/Grasshopper_523.jpg,Grasshopper,Pest
/scratch/user/jmagnew/datasets/insects/Grasshopper/Grasshopper_402.jpg,Grasshopper,Pest
/scratch/user/jmagnew/datasets/insects/Grasshopper/Grasshopper_812.jpg,Grasshopper,Pest
/scratch/user/jmagnew/datasets/insects/Grasshopper/Grasshopper_239.jpeg,Grasshopper,Pest
/scratch/user/jmagnew/datasets/insects/Grasshopper/Grasshopper_238.jpg,Grasshopper,Pest
/scratch/user/jmagnew/datasets/insects/Grasshopper/Grasshopper_590.jpg,Grasshopper,Pest
/scratch/user/jmagnew/datasets/insects/Grasshopper/Grasshopper_1.jpg,Grasshopper,Pest
/scratch/user/jmagnew/datasets/insects/Grasshopper/Grasshopper_596.jpg,Grasshopper,Pest
/scratch/user/jmagnew/datasets/insects/Grasshopper/Grasshopper_742.png,Grasshopper,Pest
/scratch/user/jmagnew/datasets/insects/Grasshopper/Grasshopper_219.jpg,Grasshopper,Pest
/scratch/user/jmagnew/datasets/insects/Grasshopper/Grasshopper_679.jpg,Grasshopper,Pest
/scratch/user/jmagnew/datasets/insects/Grasshopper/Grasshopper_362.jpg,Grasshopper,Pest
/scratch/user/jmagnew/datasets/insects/Grasshopper/Grasshopper_23.jpg,Grasshopper,Pest
/scratch/user/jmagnew/datasets/insects/Grasshopper/Grasshopper_638.jpg,Grasshopper,Pest
/scratch/user/jmagnew/datasets/insects/Grasshopper/Grasshopper_567.jpg,Grasshopper,Pest
/scratch/user/jmagnew/datasets/insects/Grasshopper/Grasshopper_135.jpg,Grasshopper,Pest
/scratch/user/jmagnew/datasets/insects/Grasshopper/Grasshopper_354.jpg,Grasshopper,Pest
/scratch/user/jmagnew/datasets/insects/Grasshopper/Grasshopper_521.jpg,Grasshopper,Pest
/scratch/user/jmagnew/datasets/insects/Grasshopper/Grasshopper_455.jpg,Grasshopper,Pest
/scratch/user/jmagnew/datasets/insects/Grasshopper/Grasshopper_235.jpg,Grasshopper,Pest
/scratch/user/jmagnew/datasets/insects/Grasshopper/Grasshopper_201.jpeg,Grasshopper,Pest
/scratch/user/jmagnew/datasets/insects/Grasshopper/Grasshopper_121.jpg,Grasshopper,Pest
/scratch/user/jmagnew/datasets/insects/Grasshopper/Grasshopper_363.jpg,Grasshopper,Pest
/scratch/user/jmagnew/datasets/insects/Grasshopper/Grasshopper_45.jpg,Grasshopper,Pest
/scratch/user/jmagnew/datasets/insects/Grasshopper/Grasshopper_194.jpg,Grasshopper,Pest
/scratch/user/jmagnew/datasets/insects/Grasshopper/Grasshopper_430.jpg,Grasshopper,Pest
/scratch/user/jmagnew/datasets/insects/Grasshopper/Grasshopper_8.jpg,Grasshopper,Pest
/scratch/user/jmagnew/datasets/insects/Grasshopper/Grasshopper_78.jpg,Grasshopper,Pest
/scratch/user/jmagnew/datasets/insects/Grasshopper/Grasshopper_82.jpg,Grasshopper,Pest
/scratch/user/jmagnew/datasets/insects/Grasshopper/Grasshopper_682.jpg,Grasshopper,Pest
/scratch/user/jmagnew/datasets/insects/Grasshopper/Grasshopper_598.jpg,Grasshopper,Pest
/scratch/user/jmagnew/datasets/insects/Grasshopper/Grasshopper_273.jpg,Grasshopper,Pest
/scratch/user/jmagnew/datasets/insects/Grasshopper/Grasshopper_774.jpg,Grasshopper,Pest
/scratch/user/jmagnew/datasets/insects/Grasshopper/Grasshopper_33.jpg,Grasshopper,Pest
/scratch/user/jmagnew/datasets/insects/Grasshopper/Grasshopper_73.jpg,Grasshopper,Pest
/scratch/user/jmagnew/datasets/insects/Grasshopper/Grasshopper_415.jpg,Grasshopper,Pest
/scratch/user/jmagnew/datasets/insects/Grasshopper/Grasshopper_687.jpg,Grasshopper,Pest
/scratch/user/jmagnew/datasets/insects/Grasshopper/Grasshopper_361.jpg,Grasshopper,Pest
/scratch/user/jmagnew/datasets/insects/Grasshopper/Grasshopper_548.jpg,Grasshopper,Pest
/scratch/user/jmagnew/datasets/insects/Wasp/Wasp_606.jpg,Wasp,Pest
/scratch/user/jmagnew/datasets/insects/Wasp/Wasp_434.jpg,Wasp,Pest
/scratch/user/jmagnew/datasets/insects/Wasp/Wasp_776.jpg,Wasp,Pest
/scratch/user/jmagnew/datasets/insects/Wasp/Wasp_647.jpg,Wasp,Pest
/scratch/user/jmagnew/datasets/insects/Wasp/Wasp_94.jpg,Wasp,Pest
/scratch/user/jmagnew/datasets/insects/Wasp/Wasp_584.jpg,Wasp,Pest
/scratch/user/jmagnew/datasets/insects/Wasp/Wasp_736.jpg,Wasp,Pest
/scratch/user/jmagnew/datasets/insects/Wasp/Wasp_25.jpeg,Wasp,Pest
/scratch/user/jmagnew/datasets/insects/Wasp/Wasp_381.jpg,Wasp,Pest
/scratch/user/jmagnew/datasets/insects/Wasp/Wasp_519.jpg,Wasp,Pest
/scratch/user/jmagnew/datasets/insects/Wasp/Wasp_250.jpeg,Wasp,Pest
/scratch/user/jmagnew/datasets/insects/Wasp/Wasp_120.jpg,Wasp,Pest
/scratch/user/jmagnew/datasets/insects/Wasp/Wasp_582.jpg,Wasp,Pest
/scratch/user/jmagnew/datasets/insects/Wasp/Wasp_219.jpg,Wasp,Pest
/scratch/user/jmagnew/datasets/insects/Wasp/Wasp_682.jpg,Wasp,Pest
/scratch/user/jmagnew/datasets/insects/Wasp/Wasp_503.jpg,Wasp,Pest
/scratch/user/jmagnew/datasets/insects/Wasp/Wasp_405.jpg,Wasp,Pest
/scratch/user/jmagnew/datasets/insects/Wasp/Wasp_716.jpg,Wasp,Pest
/scratch/user/jmagnew/datasets/insects/Wasp/Wasp_292.png,Wasp,Pest
/scratch/user/jmagnew/datasets/insects/Wasp/Wasp_372.jpg,Wasp,Pest
/scratch/user/jmagnew/datasets/insects/Wasp/Wasp_619.jpg,Wasp,Pest
/scratch/user/jmagnew/datasets/insects/Wasp/Wasp_729.jpg,Wasp,Pest
/scratch/user/jmagnew/datasets/insects/Wasp/Wasp_628.jpg,Wasp,Pest
/scratch/user/jmagnew/datasets/insects/Wasp/Wasp_53.jpg,Wasp,Pest
/scratch/user/jmagnew/datasets/insects/Wasp/Wasp_517.jpg,Wasp,Pest
/scratch/user/jmagnew/datasets/insects/Wasp/Wasp_116.jpg,Wasp,Pest
/scratch/user/jmagnew/datasets/insects/Wasp/Wasp_424.jpg,Wasp,Pest
/scratch/user/jmagnew/datasets/insects/Wasp/Wasp_515.jpg,Wasp,Pest
/scratch/user/jmagnew/datasets/insects/Wasp/Wasp_782.jpg,Wasp,Pest
/scratch/user/jmagnew/datasets/insects/Wasp/Wasp_246.jpg,Wasp,Pest
/scratch/user/jmagnew/datasets/insects/Wasp/Wasp_105.jpg,Wasp,Pest
/scratch/user/jmagnew/datasets/insects/Wasp/Wasp_261.jpg,Wasp,Pest
/scratch/user/jmagnew/datasets/insects/Wasp/Wasp_420.jpg,Wasp,Pest
/scratch/user/jmagnew/datasets/insects/Wasp/Wasp_216.jpg,Wasp,Pest
/scratch/user/jmagnew/datasets/insects/Wasp/Wasp_422.jpg,Wasp,Pest
/scratch/user/jmagnew/datasets/insects/Wasp/Wasp_385.jpg,Wasp,Pest
/scratch/user/jmagnew/datasets/insects/Wasp/Wasp_779.png,Wasp,Pest
/scratch/user/jmagnew/datasets/insects/Wasp/Wasp_264.jpg,Wasp,Pest
/scratch/user/jmagnew/datasets/insects/Wasp/Wasp_107.jpg,Wasp,Pest
/scratch/user/jmagnew/datasets/insects/Wasp/Wasp_544.jpg,Wasp,Pest
/scratch/user/jmagnew/datasets/insects/Wasp/Wasp_268.jpg,Wasp,Pest
/scratch/user/jmagnew/datasets/insects/Wasp/Wasp_592.jpg,Wasp,Pest
/scratch/user/jmagnew/datasets/insects/Wasp/Wasp_749.jpg,Wasp,Pest
/scratch/user/jmagnew/datasets/insects/Wasp/Wasp_89.jpg,Wasp,Pest
/scratch/user/jmagnew/datasets/insects/Wasp/Wasp_172.jpg,Wasp,Pest
/scratch/user/jmagnew/datasets/insects/Wasp/Wasp_458.jpg,Wasp,Pest
/scratch/user/jmagnew/datasets/insects/Wasp/Wasp_815.jpg,Wasp,Pest
/scratch/user/jmagnew/datasets/insects/Wasp/Wasp_681.jpg,Wasp,Pest
/scratch/user/jmagnew/datasets/insects/Wasp/Wasp_602.jpg,Wasp,Pest
/scratch/user/jmagnew/datasets/insects/Wasp/Wasp_695.jpg,Wasp,Pest
/scratch/user/jmagnew/datasets/insects/Wasp/Wasp_333.jpg,Wasp,Pest
/scratch/user/jmagnew/datasets/insects/Wasp/Wasp_90.jpg,Wasp,Pest
/scratch/user/jmagnew/datasets/insects/Wasp/Wasp_649.jpg,Wasp,Pest
/scratch/user/jmagnew/datasets/insects/Wasp/Wasp_398.jpg,Wasp,Pest
/scratch/user/jmagnew/datasets/insects/Wasp/Wasp_765.jpg,Wasp,Pest
/scratch/user/jmagnew/datasets/insects/Wasp/Wasp_663.jpg,Wasp,Pest
/scratch/user/jmagnew/datasets/insects/Wasp/Wasp_128.jpg,Wasp,Pest
/scratch/user/jmagnew/datasets/insects/Wasp/Wasp_330.jpg,Wasp,Pest
/scratch/user/jmagnew/datasets/insects/Wasp/Wasp_16.jpg,Wasp,Pest
/scratch/user/jmagnew/datasets/insects/Wasp/Wasp_78.jpg,Wasp,Pest
/scratch/user/jmagnew/datasets/insects/Wasp/Wasp_671.jpg,Wasp,Pest
/scratch/user/jmagnew/datasets/insects/Wasp/Wasp_289.jpg,Wasp,Pest
/scratch/user/jmagnew/datasets/insects/Wasp/Wasp_280.jpg,Wasp,Pest
/scratch/user/jmagnew/datasets/insects/Wasp/Wasp_340.jpeg,Wasp,Pest
/scratch/user/jmagnew/datasets/insects/Wasp/Wasp_345.jpg,Wasp,Pest
/scratch/user/jmagnew/datasets/insects/Wasp/Wasp_170.jpg,Wasp,Pest
/scratch/user/jmagnew/datasets/insects/Wasp/Wasp_123.jpg,Wasp,Pest
/scratch/user/jmagnew/datasets/insects/Wasp/Wasp_144.jpg,Wasp,Pest
/scratch/user/jmagnew/datasets/insects/Wasp/Wasp_122.jpg,Wasp,Pest
/scratch/user/jmagnew/datasets/insects/Wasp/Wasp_463.jpg,Wasp,Pest
/scratch/user/jmagnew/datasets/insects/Wasp/Wasp_39.jpg,Wasp,Pest
/scratch/user/jmagnew/datasets/insects/Wasp/Wasp_286.jpg,Wasp,Pest
/scratch/user/jmagnew/datasets/insects/Wasp/Wasp_631.jpg,Wasp,Pest
/scratch/user/jmagnew/datasets/insects/Wasp/Wasp_296.jpg,Wasp,Pest
/scratch/user/jmagnew/datasets/insects/Wasp/Wasp_675.jpg,Wasp,Pest
/scratch/user/jmagnew/datasets/insects/Wasp/Wasp_654.jpg,Wasp,Pest
/scratch/user/jmagnew/datasets/insects/Wasp/Wasp_504.jpg,Wasp,Pest
/scratch/user/jmagnew/datasets/insects/Wasp/Wasp_551.jpg,Wasp,Pest
/scratch/user/jmagnew/datasets/insects/Wasp/Wasp_169.jpg,Wasp,Pest
/scratch/user/jmagnew/datasets/insects/Wasp/Wasp_415.jpg,Wasp,Pest
/scratch/user/jmagnew/datasets/insects/Wasp/Wasp_234.jpg,Wasp,Pest
/scratch/user/jmagnew/datasets/insects/Wasp/Wasp_108.jpg,Wasp,Pest
/scratch/user/jmagnew/datasets/insects/Wasp/Wasp_497.jpg,Wasp,Pest
/scratch/user/jmagnew/datasets/insects/Wasp/Wasp_382.jpg,Wasp,Pest
/scratch/user/jmagnew/datasets/insects/Wasp/Wasp_439.jpg,Wasp,Pest
/scratch/user/jmagnew/datasets/insects/Wasp/Wasp_810.jpg,Wasp,Pest
/scratch/user/jmagnew/datasets/insects/Wasp/Wasp_528.jpg,Wasp,Pest
/scratch/user/jmagnew/datasets/insects/Wasp/Wasp_540.jpg,Wasp,Pest
/scratch/user/jmagnew/datasets/insects/Wasp/Wasp_573.jpg,Wasp,Pest
/scratch/user/jmagnew/datasets/insects/Wasp/Wasp_220.jpg,Wasp,Pest
/scratch/user/jmagnew/datasets/insects/Wasp/Wasp_131.jpg,Wasp,Pest
/scratch/user/jmagnew/datasets/insects/Wasp/Wasp_300.jpg,Wasp,Pest
/scratch/user/jmagnew/datasets/insects/Wasp/Wasp_733.jpg,Wasp,Pest
/scratch/user/jmagnew/datasets/insects/Wasp/Wasp_140.jpeg,Wasp,Pest
/scratch/user/jmagnew/datasets/insects/Wasp/Wasp_741.jpg,Wasp,Pest
/scratch/user/jmagnew/datasets/insects/Wasp/Wasp_57.jpg,Wasp,Pest
/scratch/user/jmagnew/datasets/insects/Wasp/Wasp_28.png,Wasp,Pest
/scratch/user/jmagnew/datasets/insects/Wasp/Wasp_351.jpg,Wasp,Pest
/scratch/user/jmagnew/datasets/insects/Wasp/Wasp_138.png,Wasp,Pest
/scratch/user/jmagnew/datasets/insects/Wasp/Wasp_384.jpg,Wasp,Pest
/scratch/user/jmagnew/datasets/insects/Wasp/Wasp_54.jpg,Wasp,Pest
/scratch/user/jmagnew/datasets/insects/Wasp/Wasp_342.jpg,Wasp,Pest
/scratch/user/jmagnew/datasets/insects/Wasp/Wasp_69.jpg,Wasp,Pest
/scratch/user/jmagnew/datasets/insects/Wasp/Wasp_175.png,Wasp,Pest
/scratch/user/jmagnew/datasets/insects/Wasp/Wasp_44.jpg,Wasp,Pest
/scratch/user/jmagnew/datasets/insects/Wasp/Wasp_41.jpg,Wasp,Pest
/scratch/user/jmagnew/datasets/insects/Wasp/Wasp_154.jpg,Wasp,Pest
/scratch/user/jmagnew/datasets/insects/Wasp/Wasp_327.jpg,Wasp,Pest
/scratch/user/jmagnew/datasets/insects/Wasp/Wasp_36.jpg,Wasp,Pest
/scratch/user/jmagnew/datasets/insects/Wasp/Wasp_450.jpg,Wasp,Pest
/scratch/user/jmagnew/datasets/insects/Wasp/Wasp_629.jpg,Wasp,Pest
/scratch/user/jmagnew/datasets/insects/Wasp/Wasp_3.jpg,Wasp,Pest
/scratch/user/jmagnew/datasets/insects/Wasp/Wasp_812.jpg,Wasp,Pest
/scratch/user/jmagnew/datasets/insects/Wasp/Wasp_530.jpg,Wasp,Pest
/scratch/user/jmagnew/datasets/insects/Wasp/Wasp_375.jpg,Wasp,Pest
/scratch/user/jmagnew/datasets/insects/Wasp/Wasp_403.jpg,Wasp,Pest
/scratch/user/jmagnew/datasets/insects/Wasp/Wasp_788.jpg,Wasp,Pest
/scratch/user/jmagnew/datasets/insects/Wasp/Wasp_60.jpg,Wasp,Pest
/scratch/user/jmagnew/datasets/insects/Wasp/Wasp_774.png,Wasp,Pest
/scratch/user/jmagnew/datasets/insects/Wasp/Wasp_52.jpg,Wasp,Pest
/scratch/user/jmagnew/datasets/insects/Wasp/Wasp_784.jpg,Wasp,Pest
/scratch/user/jmagnew/datasets/insects/Wasp/Wasp_443.jpg,Wasp,Pest
/scratch/user/jmagnew/datasets/insects/Wasp/Wasp_417.jpg,Wasp,Pest
/scratch/user/jmagnew/datasets/insects/Wasp/Wasp_171.jpg,Wasp,Pest
/scratch/user/jmagnew/datasets/insects/Wasp/Wasp_555.jpg,Wasp,Pest
/scratch/user/jmagnew/datasets/insects/Wasp/Wasp_487.jpg,Wasp,Pest
/scratch/user/jmagnew/datasets/insects/Wasp/Wasp_85.jpg,Wasp,Pest
/scratch/user/jmagnew/datasets/insects/Wasp/Wasp_373.jpg,Wasp,Pest
/scratch/user/jmagnew/datasets/insects/Wasp/Wasp_272.jpg,Wasp,Pest
/scratch/user/jmagnew/datasets/insects/Wasp/Wasp_738.png,Wasp,Pest
/scratch/user/jmagnew/datasets/insects/Wasp/Wasp_665.jpg,Wasp,Pest
/scratch/user/jmagnew/datasets/insects/Wasp/Wasp_277.jpg,Wasp,Pest
/scratch/user/jmagnew/datasets/insects/Wasp/Wasp_1.jpg,Wasp,Pest
/scratch/user/jmagnew/datasets/insects/Wasp/Wasp_499.jpg,Wasp,Pest
/scratch/user/jmagnew/datasets/insects/Wasp/Wasp_579.jpg,Wasp,Pest
/scratch/user/jmagnew/datasets/insects/Wasp/Wasp_149.jpg,Wasp,Pest
/scratch/user/jmagnew/datasets/insects/Wasp/Wasp_317.jpg,Wasp,Pest
/scratch/user/jmagnew/datasets/insects/Wasp/Wasp_574.jpg,Wasp,Pest
/scratch/user/jmagnew/datasets/insects/Wasp/Wasp_363.jpg,Wasp,Pest
/scratch/user/jmagnew/datasets/insects/Wasp/Wasp_38.jpg,Wasp,Pest
/scratch/user/jmagnew/datasets/insects/Wasp/Wasp_710.jpg,Wasp,Pest
/scratch/user/jmagnew/datasets/insects/Wasp/Wasp_449.jpg,Wasp,Pest
/scratch/user/jmagnew/datasets/insects/Wasp/Wasp_259.jpg,Wasp,Pest
/scratch/user/jmagnew/datasets/insects/Wasp/Wasp_22.jpg,Wasp,Pest
/scratch/user/jmagnew/datasets/insects/Wasp/Wasp_440.jpg,Wasp,Pest
/scratch/user/jmagnew/datasets/insects/Wasp/Wasp_130.jpg,Wasp,Pest
/scratch/user/jmagnew/datasets/insects/Wasp/Wasp_247.jpeg,Wasp,Pest
/scratch/user/jmagnew/datasets/insects/Wasp/Wasp_115.jpg,Wasp,Pest
/scratch/user/jmagnew/datasets/insects/Wasp/Wasp_275.jpg,Wasp,Pest
/scratch/user/jmagnew/datasets/insects/Wasp/Wasp_608.jpg,Wasp,Pest
/scratch/user/jmagnew/datasets/insects/Wasp/Wasp_293.jpg,Wasp,Pest
/scratch/user/jmagnew/datasets/insects/Wasp/Wasp_396.jpg,Wasp,Pest
/scratch/user/jmagnew/datasets/insects/Wasp/Wasp_478.jpg,Wasp,Pest
/scratch/user/jmagnew/datasets/insects/Wasp/Wasp_288.jpg,Wasp,Pest
/scratch/user/jmagnew/datasets/insects/Wasp/Wasp_639.png,Wasp,Pest
/scratch/user/jmagnew/datasets/insects/Wasp/Wasp_556.jpg,Wasp,Pest
/scratch/user/jmagnew/datasets/insects/Wasp/Wasp_577.jpg,Wasp,Pest
/scratch/user/jmagnew/datasets/insects/Wasp/Wasp_335.jpg,Wasp,Pest
/scratch/user/jmagnew/datasets/insects/Wasp/Wasp_746.jpg,Wasp,Pest
/scratch/user/jmagnew/datasets/insects/Wasp/Wasp_694.jpg,Wasp,Pest
/scratch/user/jmagnew/datasets/insects/Wasp/Wasp_636.jpg,Wasp,Pest
/scratch/user/jmagnew/datasets/insects/Wasp/Wasp_378.jpg,Wasp,Pest
/scratch/user/jmagnew/datasets/insects/Wasp/Wasp_406.jpg,Wasp,Pest
/scratch/user/jmagnew/datasets/insects/Wasp/Wasp_752.jpg,Wasp,Pest
/scratch/user/jmagnew/datasets/insects/Wasp/Wasp_548.jpg,Wasp,Pest
/scratch/user/jmagnew/datasets/insects/Wasp/Wasp_475.jpg,Wasp,Pest
/scratch/user/jmagnew/datasets/insects/Wasp/Wasp_511.jpg,Wasp,Pest
/scratch/user/jmagnew/datasets/insects/Wasp/Wasp_412.jpg,Wasp,Pest
/scratch/user/jmagnew/datasets/insects/Wasp/Wasp_324.jpg,Wasp,Pest
/scratch/user/jmagnew/datasets/insects/Wasp/Wasp_485.jpg,Wasp,Pest
/scratch/user/jmagnew/datasets/insects/Wasp/Wasp_718.jpg,Wasp,Pest
/scratch/user/jmagnew/datasets/insects/Wasp/Wasp_533.jpg,Wasp,Pest
/scratch/user/jmagnew/datasets/insects/Wasp/Wasp_563.jpg,Wasp,Pest
/scratch/user/jmagnew/datasets/insects/Wasp/Wasp_147.jpeg,Wasp,Pest
/scratch/user/jmagnew/datasets/insects/Wasp/Wasp_255.jpg,Wasp,Pest
/scratch/user/jmagnew/datasets/insects/Wasp/Wasp_347.jpg,Wasp,Pest
/scratch/user/jmagnew/datasets/insects/Wasp/Wasp_728.jpg,Wasp,Pest
/scratch/user/jmagnew/datasets/insects/Wasp/Wasp_454.jpg,Wasp,Pest
/scratch/user/jmagnew/datasets/insects/Wasp/Wasp_389.jpg,Wasp,Pest
/scratch/user/jmagnew/datasets/insects/Wasp/Wasp_564.jpg,Wasp,Pest
/scratch/user/jmagnew/datasets/insects/Wasp/Wasp_707.jpg,Wasp,Pest
/scratch/user/jmagnew/datasets/insects/Wasp/Wasp_494.jpg,Wasp,Pest
/scratch/user/jmagnew/datasets/insects/Wasp/Wasp_744.jpg,Wasp,Pest
/scratch/user/jmagnew/datasets/insects/Wasp/Wasp_283.png,Wasp,Pest
/scratch/user/jmagnew/datasets/insects/Wasp/Wasp_65.jpg,Wasp,Pest
/scratch/user/jmagnew/datasets/insects/Wasp/Wasp_532.jpg,Wasp,Pest
/scratch/user/jmagnew/datasets/insects/Wasp/Wasp_696.jpg,Wasp,Pest
/scratch/user/jmagnew/datasets/insects/Wasp/Wasp_672.jpg,Wasp,Pest
/scratch/user/jmagnew/datasets/insects/Wasp/Wasp_460.jpg,Wasp,Pest
/scratch/user/jmagnew/datasets/insects/Wasp/Wasp_753.png,Wasp,Pest
/scratch/user/jmagnew/datasets/insects/Wasp/Wasp_448.jpg,Wasp,Pest
/scratch/user/jmagnew/datasets/insects/Wasp/Wasp_404.jpg,Wasp,Pest
/scratch/user/jmagnew/datasets/insects/Wasp/Wasp_179.jpg,Wasp,Pest
/scratch/user/jmagnew/datasets/insects/Wasp/Wasp_47.jpg,Wasp,Pest
/scratch/user/jmagnew/datasets/insects/Wasp/Wasp_549.jpg,Wasp,Pest
/scratch/user/jmagnew/datasets/insects/Wasp/Wasp_775.png,Wasp,Pest
/scratch/user/jmagnew/datasets/insects/Wasp/Wasp_437.jpg,Wasp,Pest
/scratch/user/jmagnew/datasets/insects/Wasp/Wasp_67.jpg,Wasp,Pest
/scratch/user/jmagnew/datasets/insects/Wasp/Wasp_767.jpg,Wasp,Pest
/scratch/user/jmagnew/datasets/insects/Wasp/Wasp_201.jpeg,Wasp,Pest
/scratch/user/jmagnew/datasets/insects/Wasp/Wasp_655.jpg,Wasp,Pest
/scratch/user/jmagnew/datasets/insects/Wasp/Wasp_143.jpg,Wasp,Pest
/scratch/user/jmagnew/datasets/insects/Wasp/Wasp_500.jpg,Wasp,Pest
/scratch/user/jmagnew/datasets/insects/Wasp/Wasp_806.jpg,Wasp,Pest
/scratch/user/jmagnew/datasets/insects/Wasp/Wasp_273.jpg,Wasp,Pest
/scratch/user/jmagnew/datasets/insects/Wasp/Wasp_371.jpg,Wasp,Pest
/scratch/user/jmagnew/datasets/insects/Wasp/Wasp_208.jpg,Wasp,Pest
/scratch/user/jmagnew/datasets/insects/Wasp/Wasp_119.jpg,Wasp,Pest
/scratch/user/jmagnew/datasets/insects/Wasp/Wasp_212.jpg,Wasp,Pest
/scratch/user/jmagnew/datasets/insects/Wasp/Wasp_496.jpg,Wasp,Pest
/scratch/user/jmagnew/datasets/insects/Wasp/Wasp_98.jpg,Wasp,Pest
/scratch/user/jmagnew/datasets/insects/Wasp/Wasp_634.jpg,Wasp,Pest
/scratch/user/jmagnew/datasets/insects/Wasp/Wasp_625.jpg,Wasp,Pest
/scratch/user/jmagnew/datasets/insects/Wasp/Wasp_82.jpg,Wasp,Pest
/scratch/user/jmagnew/datasets/insects/Wasp/Wasp_512.jpg,Wasp,Pest
/scratch/user/jmagnew/datasets/insects/Wasp/Wasp_244.jpg,Wasp,Pest
/scratch/user/jmagnew/datasets/insects/Wasp/Wasp_124.jpg,Wasp,Pest
/scratch/user/jmagnew/datasets/insects/Wasp/Wasp_73.jpg,Wasp,Pest
/scratch/user/jmagnew/datasets/insects/Wasp/Wasp_768.jpg,Wasp,Pest
/scratch/user/jmagnew/datasets/insects/Wasp/Wasp_294.png,Wasp,Pest
/scratch/user/jmagnew/datasets/insects/Wasp/Wasp_155.jpg,Wasp,Pest
/scratch/user/jmagnew/datasets/insects/Wasp/Wasp_266.jpg,Wasp,Pest
/scratch/user/jmagnew/datasets/insects/Wasp/Wasp_543.jpg,Wasp,Pest
/scratch/user/jmagnew/datasets/insects/Wasp/Wasp_9.jpg,Wasp,Pest
/scratch/user/jmagnew/datasets/insects/Wasp/Wasp_151.jpg,Wasp,Pest
/scratch/user/jmagnew/datasets/insects/Wasp/Wasp_762.jpeg,Wasp,Pest
/scratch/user/jmagnew/datasets/insects/Wasp/Wasp_17.jpg,Wasp,Pest
/scratch/user/jmagnew/datasets/insects/Wasp/Wasp_239.jpg,Wasp,Pest
/scratch/user/jmagnew/datasets/insects/Wasp/Wasp_339.jpg,Wasp,Pest
/scratch/user/jmagnew/datasets/insects/Wasp/Wasp_750.jpg,Wasp,Pest
/scratch/user/jmagnew/datasets/insects/Wasp/Wasp_667.jpg,Wasp,Pest
/scratch/user/jmagnew/datasets/insects/Wasp/Wasp_63.jpg,Wasp,Pest
/scratch/user/jmagnew/datasets/insects/Wasp/Wasp_312.jpg,Wasp,Pest
/scratch/user/jmagnew/datasets/insects/Wasp/Wasp_181.jpg,Wasp,Pest
/scratch/user/jmagnew/datasets/insects/Wasp/Wasp_635.jpg,Wasp,Pest
/scratch/user/jmagnew/datasets/insects/Wasp/Wasp_778.jpg,Wasp,Pest
/scratch/user/jmagnew/datasets/insects/Wasp/Wasp_507.jpg,Wasp,Pest
/scratch/user/jmagnew/datasets/insects/Wasp/Wasp_402.jpg,Wasp,Pest
/scratch/user/jmagnew/datasets/insects/Wasp/Wasp_617.jpg,Wasp,Pest
/scratch/user/jmagnew/datasets/insects/Wasp/Wasp_557.jpg,Wasp,Pest
/scratch/user/jmagnew/datasets/insects/Wasp/Wasp_204.jpg,Wasp,Pest
/scratch/user/jmagnew/datasets/insects/Wasp/Wasp_482.jpg,Wasp,Pest
/scratch/user/jmagnew/datasets/insects/Wasp/Wasp_522.jpg,Wasp,Pest
/scratch/user/jmagnew/datasets/insects/Wasp/Wasp_99.jpg,Wasp,Pest
/scratch/user/jmagnew/datasets/insects/Wasp/Wasp_270.jpg,Wasp,Pest
/scratch/user/jmagnew/datasets/insects/Wasp/Wasp_229.jpg,Wasp,Pest
/scratch/user/jmagnew/datasets/insects/Wasp/Wasp_461.jpg,Wasp,Pest
/scratch/user/jmagnew/datasets/insects/Wasp/Wasp_133.jpg,Wasp,Pest
/scratch/user/jmagnew/datasets/insects/Wasp/Wasp_334.jpg,Wasp,Pest
/scratch/user/jmagnew/datasets/insects/Wasp/Wasp_585.jpg,Wasp,Pest
/scratch/user/jmagnew/datasets/insects/Wasp/Wasp_575.jpg,Wasp,Pest
/scratch/user/jmagnew/datasets/insects/Wasp/Wasp_285.jpg,Wasp,Pest
/scratch/user/jmagnew/datasets/insects/Wasp/Wasp_591.jpg,Wasp,Pest
/scratch/user/jmagnew/datasets/insects/Wasp/Wasp_640.jpg,Wasp,Pest
/scratch/user/jmagnew/datasets/insects/Wasp/Wasp_377.jpg,Wasp,Pest
/scratch/user/jmagnew/datasets/insects/Wasp/Wasp_356.jpg,Wasp,Pest
/scratch/user/jmagnew/datasets/insects/Wasp/Wasp_700.jpg,Wasp,Pest
/scratch/user/jmagnew/datasets/insects/Wasp/Wasp_518.jpg,Wasp,Pest
/scratch/user/jmagnew/datasets/insects/Wasp/Wasp_200.jpg,Wasp,Pest
/scratch/user/jmagnew/datasets/insects/Wasp/Wasp_153.jpg,Wasp,Pest
/scratch/user/jmagnew/datasets/insects/Wasp/Wasp_206.jpg,Wasp,Pest
/scratch/user/jmagnew/datasets/insects/Wasp/Wasp_102.jpg,Wasp,Pest
/scratch/user/jmagnew/datasets/insects/Wasp/Wasp_297.jpg,Wasp,Pest
/scratch/user/jmagnew/datasets/insects/Wasp/Wasp_493.jpg,Wasp,Pest
/scratch/user/jmagnew/datasets/insects/Wasp/Wasp_669.jpg,Wasp,Pest
/scratch/user/jmagnew/datasets/insects/Wasp/Wasp_794.jpg,Wasp,Pest
/scratch/user/jmagnew/datasets/insects/Wasp/Wasp_178.jpg,Wasp,Pest
/scratch/user/jmagnew/datasets/insects/Wasp/Wasp_238.jpg,Wasp,Pest
/scratch/user/jmagnew/datasets/insects/Wasp/Wasp_474.jpg,Wasp,Pest
/scratch/user/jmagnew/datasets/insects/Wasp/Wasp_578.jpg,Wasp,Pest
/scratch/user/jmagnew/datasets/insects/Wasp/Wasp_457.jpg,Wasp,Pest
/scratch/user/jmagnew/datasets/insects/Wasp/Wasp_580.jpg,Wasp,Pest
/scratch/user/jmagnew/datasets/insects/Wasp/Wasp_688.jpg,Wasp,Pest
/scratch/user/jmagnew/datasets/insects/Wasp/Wasp_232.jpg,Wasp,Pest
/scratch/user/jmagnew/datasets/insects/Wasp/Wasp_793.jpg,Wasp,Pest
/scratch/user/jmagnew/datasets/insects/Wasp/Wasp_727.jpg,Wasp,Pest
/scratch/user/jmagnew/datasets/insects/Wasp/Wasp_407.jpg,Wasp,Pest
/scratch/user/jmagnew/datasets/insects/Wasp/Wasp_734.jpg,Wasp,Pest
/scratch/user/jmagnew/datasets/insects/Wasp/Wasp_295.jpg,Wasp,Pest
/scratch/user/jmagnew/datasets/insects/Wasp/Wasp_258.jpg,Wasp,Pest
/scratch/user/jmagnew/datasets/insects/Wasp/Wasp_284.jpg,Wasp,Pest
/scratch/user/jmagnew/datasets/insects/Wasp/Wasp_720.jpg,Wasp,Pest
/scratch/user/jmagnew/datasets/insects/Wasp/Wasp_332.jpg,Wasp,Pest
/scratch/user/jmagnew/datasets/insects/Wasp/Wasp_724.jpg,Wasp,Pest
/scratch/user/jmagnew/datasets/insects/Wasp/Wasp_590.jpg,Wasp,Pest
/scratch/user/jmagnew/datasets/insects/Wasp/Wasp_783.jpg,Wasp,Pest
/scratch/user/jmagnew/datasets/insects/Wasp/Wasp_790.png,Wasp,Pest
/scratch/user/jmagnew/datasets/insects/Wasp/Wasp_505.jpg,Wasp,Pest
/scratch/user/jmagnew/datasets/insects/Wasp/Wasp_593.png,Wasp,Pest
/scratch/user/jmagnew/datasets/insects/Wasp/Wasp_338.jpg,Wasp,Pest
/scratch/user/jmagnew/datasets/insects/Wasp/Wasp_534.jpg,Wasp,Pest
/scratch/user/jmagnew/datasets/insects/Wasp/Wasp_708.jpg,Wasp,Pest
/scratch/user/jmagnew/datasets/insects/Wasp/Wasp_58.jpg,Wasp,Pest
/scratch/user/jmagnew/datasets/insects/Wasp/Wasp_418.jpg,Wasp,Pest
/scratch/user/jmagnew/datasets/insects/Wasp/Wasp_715.jpg,Wasp,Pest
/scratch/user/jmagnew/datasets/insects/Wasp/Wasp_520.jpg,Wasp,Pest
/scratch/user/jmagnew/datasets/insects/Wasp/Wasp_435.jpg,Wasp,Pest
/scratch/user/jmagnew/datasets/insects/Wasp/Wasp_659.jpg,Wasp,Pest
/scratch/user/jmagnew/datasets/insects/Wasp/Wasp_568.jpg,Wasp,Pest
/scratch/user/jmagnew/datasets/insects/Wasp/Wasp_366.jpg,Wasp,Pest
/scratch/user/jmagnew/datasets/insects/Wasp/Wasp_13.jpg,Wasp,Pest
/scratch/user/jmagnew/datasets/insects/Wasp/Wasp_759.jpg,Wasp,Pest
/scratch/user/jmagnew/datasets/insects/Wasp/Wasp_539.jpg,Wasp,Pest
/scratch/user/jmagnew/datasets/insects/Wasp/Wasp_365.jpg,Wasp,Pest
/scratch/user/jmagnew/datasets/insects/Wasp/Wasp_572.jpg,Wasp,Pest
/scratch/user/jmagnew/datasets/insects/Wasp/Wasp_595.jpeg,Wasp,Pest
/scratch/user/jmagnew/datasets/insects/Wasp/Wasp_185.jpg,Wasp,Pest
/scratch/user/jmagnew/datasets/insects/Wasp/Wasp_262.jpg,Wasp,Pest
/scratch/user/jmagnew/datasets/insects/Wasp/Wasp_390.jpg,Wasp,Pest
/scratch/user/jmagnew/datasets/insects/Wasp/Wasp_400.jpg,Wasp,Pest
/scratch/user/jmagnew/datasets/insects/Wasp/Wasp_686.jpg,Wasp,Pest
/scratch/user/jmagnew/datasets/insects/Wasp/Wasp_45.jpg,Wasp,Pest
/scratch/user/jmagnew/datasets/insects/Wasp/Wasp_562.jpg,Wasp,Pest
/scratch/user/jmagnew/datasets/insects/Wasp/Wasp_64.jpg,Wasp,Pest
/scratch/user/jmagnew/datasets/insects/Wasp/Wasp_243.jpg,Wasp,Pest
/scratch/user/jmagnew/datasets/insects/Wasp/Wasp_525.jpg,Wasp,Pest
/scratch/user/jmagnew/datasets/insects/Wasp/Wasp_689.jpg,Wasp,Pest
/scratch/user/jmagnew/datasets/insects/Wasp/Wasp_683.jpg,Wasp,Pest
/scratch/user/jmagnew/datasets/insects/Wasp/Wasp_80.png,Wasp,Pest
/scratch/user/jmagnew/datasets/insects/Wasp/Wasp_513.jpg,Wasp,Pest
/scratch/user/jmagnew/datasets/insects/Wasp/Wasp_315.jpg,Wasp,Pest
/scratch/user/jmagnew/datasets/insects/Wasp/Wasp_598.jpg,Wasp,Pest
/scratch/user/jmagnew/datasets/insects/Wasp/Wasp_441.jpg,Wasp,Pest
/scratch/user/jmagnew/datasets/insects/Wasp/Wasp_156.jpg,Wasp,Pest
/scratch/user/jmagnew/datasets/insects/Wasp/Wasp_472.jpg,Wasp,Pest
/scratch/user/jmagnew/datasets/insects/Wasp/Wasp_763.jpg,Wasp,Pest
/scratch/user/jmagnew/datasets/insects/Wasp/Wasp_70.jpg,Wasp,Pest
/scratch/user/jmagnew/datasets/insects/Wasp/Wasp_383.jpg,Wasp,Pest
/scratch/user/jmagnew/datasets/insects/Wasp/Wasp_19.jpg,Wasp,Pest
/scratch/user/jmagnew/datasets/insects/Wasp/Wasp_253.jpg,Wasp,Pest
/scratch/user/jmagnew/datasets/insects/Wasp/Wasp_514.jpg,Wasp,Pest
/scratch/user/jmagnew/datasets/insects/Wasp/Wasp_177.jpg,Wasp,Pest
/scratch/user/jmagnew/datasets/insects/Wasp/Wasp_5.jpg,Wasp,Pest
/scratch/user/jmagnew/datasets/insects/Wasp/Wasp_306.jpg,Wasp,Pest
/scratch/user/jmagnew/datasets/insects/Wasp/Wasp_196.jpg,Wasp,Pest
/scratch/user/jmagnew/datasets/insects/Wasp/Wasp_781.jpg,Wasp,Pest
/scratch/user/jmagnew/datasets/insects/Wasp/Wasp_193.jpeg,Wasp,Pest
/scratch/user/jmagnew/datasets/insects/Wasp/Wasp_167.jpg,Wasp,Pest
/scratch/user/jmagnew/datasets/insects/Wasp/Wasp_316.jpg,Wasp,Pest
/scratch/user/jmagnew/datasets/insects/Wasp/Wasp_662.jpg,Wasp,Pest
/scratch/user/jmagnew/datasets/insects/Wasp/Wasp_326.jpg,Wasp,Pest
/scratch/user/jmagnew/datasets/insects/Wasp/Wasp_748.jpg,Wasp,Pest
/scratch/user/jmagnew/datasets/insects/Wasp/Wasp_76.jpg,Wasp,Pest
/scratch/user/jmagnew/datasets/insects/Wasp/Wasp_20.jpg,Wasp,Pest
/scratch/user/jmagnew/datasets/insects/Wasp/Wasp_453.jpg,Wasp,Pest
/scratch/user/jmagnew/datasets/insects/Wasp/Wasp_690.jpg,Wasp,Pest
/scratch/user/jmagnew/datasets/insects/Wasp/Wasp_428.jpg,Wasp,Pest
/scratch/user/jmagnew/datasets/insects/Wasp/Wasp_638.jpg,Wasp,Pest
/scratch/user/jmagnew/datasets/insects/Wasp/Wasp_421.jpg,Wasp,Pest
/scratch/user/jmagnew/datasets/insects/Wasp/Wasp_11.jpg,Wasp,Pest
/scratch/user/jmagnew/datasets/insects/Wasp/Wasp_451.jpg,Wasp,Pest
/scratch/user/jmagnew/datasets/insects/Wasp/Wasp_278.jpg,Wasp,Pest
/scratch/user/jmagnew/datasets/insects/Wasp/Wasp_190.jpg,Wasp,Pest
/scratch/user/jmagnew/datasets/insects/Wasp/Wasp_701.jpg,Wasp,Pest
/scratch/user/jmagnew/datasets/insects/Wasp/Wasp_6.jpg,Wasp,Pest
/scratch/user/jmagnew/datasets/insects/Wasp/Wasp_321.jpg,Wasp,Pest
/scratch/user/jmagnew/datasets/insects/Wasp/Wasp_110.jpg,Wasp,Pest
/scratch/user/jmagnew/datasets/insects/Wasp/Wasp_50.jpg,Wasp,Pest
/scratch/user/jmagnew/datasets/insects/Wasp/Wasp_536.jpg,Wasp,Pest
/scratch/user/jmagnew/datasets/insects/Wasp/Wasp_597.jpeg,Wasp,Pest
/scratch/user/jmagnew/datasets/insects/Wasp/Wasp_56.jpg,Wasp,Pest
/scratch/user/jmagnew/datasets/insects/Wasp/Wasp_785.jpg,Wasp,Pest
/scratch/user/jmagnew/datasets/insects/Wasp/Wasp_121.jpg,Wasp,Pest
/scratch/user/jmagnew/datasets/insects/Wasp/Wasp_18.png,Wasp,Pest
/scratch/user/jmagnew/datasets/insects/Wasp/Wasp_2.jpeg,Wasp,Pest
/scratch/user/jmagnew/datasets/insects/Wasp/Wasp_586.jpg,Wasp,Pest
/scratch/user/jmagnew/datasets/insects/Wasp/Wasp_83.jpg,Wasp,Pest
/scratch/user/jmagnew/datasets/insects/Wasp/Wasp_661.jpg,Wasp,Pest
/scratch/user/jmagnew/datasets/insects/Wasp/Wasp_271.jpg,Wasp,Pest
/scratch/user/jmagnew/datasets/insects/Wasp/Wasp_426.jpg,Wasp,Pest
/scratch/user/jmagnew/datasets/insects/Wasp/Wasp_91.jpg,Wasp,Pest
/scratch/user/jmagnew/datasets/insects/Wasp/Wasp_613.jpg,Wasp,Pest
/scratch/user/jmagnew/datasets/insects/Wasp/Wasp_614.jpg,Wasp,Pest
/scratch/user/jmagnew/datasets/insects/Wasp/Wasp_508.jpg,Wasp,Pest
/scratch/user/jmagnew/datasets/insects/Wasp/Wasp_679.jpg,Wasp,Pest
/scratch/user/jmagnew/datasets/insects/Wasp/Wasp_446.jpg,Wasp,Pest
/scratch/user/jmagnew/datasets/insects/Wasp/Wasp_209.jpg,Wasp,Pest
/scratch/user/jmagnew/datasets/insects/Wasp/Wasp_214.png,Wasp,Pest
/scratch/user/jmagnew/datasets/insects/Wasp/Wasp_537.jpg,Wasp,Pest
/scratch/user/jmagnew/datasets/insects/Wasp/Wasp_159.jpg,Wasp,Pest
/scratch/user/jmagnew/datasets/insects/Wasp/Wasp_413.jpg,Wasp,Pest
/scratch/user/jmagnew/datasets/insects/Wasp/Wasp_432.jpg,Wasp,Pest
/scratch/user/jmagnew/datasets/insects/Wasp/Wasp_726.jpeg,Wasp,Pest
/scratch/user/jmagnew/datasets/insects/Wasp/Wasp_571.jpg,Wasp,Pest
/scratch/user/jmagnew/datasets/insects/Wasp/Wasp_719.jpg,Wasp,Pest
/scratch/user/jmagnew/datasets/insects/Wasp/Wasp_304.jpg,Wasp,Pest
/scratch/user/jmagnew/datasets/insects/Wasp/Wasp_692.jpg,Wasp,Pest
/scratch/user/jmagnew/datasets/insects/Wasp/Wasp_291.jpg,Wasp,Pest
/scratch/user/jmagnew/datasets/insects/Wasp/Wasp_362.jpg,Wasp,Pest
/scratch/user/jmagnew/datasets/insects/Wasp/Wasp_444.jpg,Wasp,Pest
/scratch/user/jmagnew/datasets/insects/Wasp/Wasp_633.jpg,Wasp,Pest
/scratch/user/jmagnew/datasets/insects/Wasp/Wasp_693.jpeg,Wasp,Pest
/scratch/user/jmagnew/datasets/insects/Wasp/Wasp_236.jpg,Wasp,Pest
/scratch/user/jmagnew/datasets/insects/Wasp/Wasp_279.jpg,Wasp,Pest
/scratch/user/jmagnew/datasets/insects/Wasp/Wasp_735.png,Wasp,Pest
/scratch/user/jmagnew/datasets/insects/Wasp/Wasp_603.jpg,Wasp,Pest
/scratch/user/jmagnew/datasets/insects/Wasp/Wasp_305.jpg,Wasp,Pest
/scratch/user/jmagnew/datasets/insects/Wasp/Wasp_199.jpg,Wasp,Pest
/scratch/user/jmagnew/datasets/insects/Wasp/Wasp_751.jpg,Wasp,Pest
/scratch/user/jmagnew/datasets/insects/Wasp/Wasp_146.jpg,Wasp,Pest
/scratch/user/jmagnew/datasets/insects/Wasp/Wasp_495.jpg,Wasp,Pest
/scratch/user/jmagnew/datasets/insects/Wasp/Wasp_299.jpg,Wasp,Pest
/scratch/user/jmagnew/datasets/insects/Wasp/Wasp_559.jpg,Wasp,Pest
/scratch/user/jmagnew/datasets/insects/Wasp/Wasp_10.jpg,Wasp,Pest
/scratch/user/jmagnew/datasets/insects/Wasp/Wasp_483.jpg,Wasp,Pest
/scratch/user/jmagnew/datasets/insects/Wasp/Wasp_15.jpg,Wasp,Pest
/scratch/user/jmagnew/datasets/insects/Wasp/Wasp_256.jpg,Wasp,Pest
/scratch/user/jmagnew/datasets/insects/Wasp/Wasp_14.jpg,Wasp,Pest
/scratch/user/jmagnew/datasets/insects/Wasp/Wasp_49.png,Wasp,Pest
/scratch/user/jmagnew/datasets/insects/Wasp/Wasp_802.jpg,Wasp,Pest
/scratch/user/jmagnew/datasets/insects/Wasp/Wasp_174.png,Wasp,Pest
/scratch/user/jmagnew/datasets/insects/Wasp/Wasp_93.jpg,Wasp,Pest
/scratch/user/jmagnew/datasets/insects/Wasp/Wasp_764.png,Wasp,Pest
/scratch/user/jmagnew/datasets/insects/Wasp/Wasp_66.jpg,Wasp,Pest
/scratch/user/jmagnew/datasets/insects/Wasp/Wasp_465.jpg,Wasp,Pest
/scratch/user/jmagnew/datasets/insects/Wasp/Wasp_429.jpg,Wasp,Pest
/scratch/user/jmagnew/datasets/insects/Wasp/Wasp_370.jpg,Wasp,Pest
/scratch/user/jmagnew/datasets/insects/Wasp/Wasp_337.jpg,Wasp,Pest
/scratch/user/jmagnew/datasets/insects/Wasp/Wasp_8.jpg,Wasp,Pest
/scratch/user/jmagnew/datasets/insects/Wasp/Wasp_685.jpg,Wasp,Pest
/scratch/user/jmagnew/datasets/insects/Wasp/Wasp_329.jpg,Wasp,Pest
/scratch/user/jmagnew/datasets/insects/Wasp/Wasp_369.jpg,Wasp,Pest
/scratch/user/jmagnew/datasets/insects/Wasp/Wasp_74.jpg,Wasp,Pest
/scratch/user/jmagnew/datasets/insects/Wasp/Wasp_542.jpg,Wasp,Pest
/scratch/user/jmagnew/datasets/insects/Wasp/Wasp_604.jpg,Wasp,Pest
/scratch/user/jmagnew/datasets/insects/Wasp/Wasp_632.jpg,Wasp,Pest
/scratch/user/jmagnew/datasets/insects/Wasp/Wasp_354.jpg,Wasp,Pest
/scratch/user/jmagnew/datasets/insects/Wasp/Wasp_552.jpg,Wasp,Pest
/scratch/user/jmagnew/datasets/insects/Wasp/Wasp_225.jpg,Wasp,Pest
/scratch/user/jmagnew/datasets/insects/Wasp/Wasp_565.jpg,Wasp,Pest
/scratch/user/jmagnew/datasets/insects/Wasp/Wasp_309.jpg,Wasp,Pest
/scratch/user/jmagnew/datasets/insects/Wasp/Wasp_157.jpg,Wasp,Pest
/scratch/user/jmagnew/datasets/insects/Wasp/Wasp_717.jpg,Wasp,Pest
/scratch/user/jmagnew/datasets/insects/Wasp/Wasp_600.jpg,Wasp,Pest
/scratch/user/jmagnew/datasets/insects/Wasp/Wasp_502.jpg,Wasp,Pest
/scratch/user/jmagnew/datasets/insects/Wasp/Wasp_230.jpg,Wasp,Pest
/scratch/user/jmagnew/datasets/insects/Wasp/Wasp_677.jpg,Wasp,Pest
/scratch/user/jmagnew/datasets/insects/Wasp/Wasp_77.jpg,Wasp,Pest
/scratch/user/jmagnew/datasets/insects/Wasp/Wasp_611.jpg,Wasp,Pest
/scratch/user/jmagnew/datasets/insects/Wasp/Wasp_792.jpg,Wasp,Pest
/scratch/user/jmagnew/datasets/insects/Wasp/Wasp_319.png,Wasp,Pest
/scratch/user/jmagnew/datasets/insects/Wasp/Wasp_86.jpg,Wasp,Pest
/scratch/user/jmagnew/datasets/insects/Wasp/Wasp_221.jpg,Wasp,Pest
/scratch/user/jmagnew/datasets/insects/Wasp/Wasp_410.jpg,Wasp,Pest
/scratch/user/jmagnew/datasets/insects/Wasp/Wasp_31.jpg,Wasp,Pest
/scratch/user/jmagnew/datasets/insects/Wasp/Wasp_702.jpg,Wasp,Pest
/scratch/user/jmagnew/datasets/insects/Wasp/Wasp_126.jpg,Wasp,Pest
/scratch/user/jmagnew/datasets/insects/Wasp/Wasp_442.jpg,Wasp,Pest
/scratch/user/jmagnew/datasets/insects/Wasp/Wasp_263.jpg,Wasp,Pest
/scratch/user/jmagnew/datasets/insects/Wasp/Wasp_660.png,Wasp,Pest
/scratch/user/jmagnew/datasets/insects/Wasp/Wasp_742.jpg,Wasp,Pest
/scratch/user/jmagnew/datasets/insects/Wasp/Wasp_364.jpg,Wasp,Pest
/scratch/user/jmagnew/datasets/insects/Wasp/Wasp_401.jpg,Wasp,Pest
/scratch/user/jmagnew/datasets/insects/Wasp/Wasp_43.jpg,Wasp,Pest
/scratch/user/jmagnew/datasets/insects/Wasp/Wasp_129.jpg,Wasp,Pest
/scratch/user/jmagnew/datasets/insects/Wasp/Wasp_92.jpg,Wasp,Pest
/scratch/user/jmagnew/datasets/insects/Wasp/Wasp_331.jpg,Wasp,Pest
/scratch/user/jmagnew/datasets/insects/Wasp/Wasp_452.jpg,Wasp,Pest
/scratch/user/jmagnew/datasets/insects/Wasp/Wasp_192.jpg,Wasp,Pest
/scratch/user/jmagnew/datasets/insects/Wasp/Wasp_27.jpg,Wasp,Pest
/scratch/user/jmagnew/datasets/insects/Wasp/Wasp_187.jpg,Wasp,Pest
/scratch/user/jmagnew/datasets/insects/Wasp/Wasp_40.jpg,Wasp,Pest
/scratch/user/jmagnew/datasets/insects/Wasp/Wasp_687.jpg,Wasp,Pest
/scratch/user/jmagnew/datasets/insects/Wasp/Wasp_527.jpg,Wasp,Pest
/scratch/user/jmagnew/datasets/insects/Wasp/Wasp_612.jpg,Wasp,Pest
/scratch/user/jmagnew/datasets/insects/Wasp/Wasp_473.jpg,Wasp,Pest
/scratch/user/jmagnew/datasets/insects/Wasp/Wasp_166.jpg,Wasp,Pest
/scratch/user/jmagnew/datasets/insects/Wasp/Wasp_526.jpg,Wasp,Pest
/scratch/user/jmagnew/datasets/insects/Wasp/Wasp_691.jpg,Wasp,Pest
/scratch/user/jmagnew/datasets/insects/Wasp/Wasp_265.jpg,Wasp,Pest
/scratch/user/jmagnew/datasets/insects/Wasp/Wasp_160.jpg,Wasp,Pest
/scratch/user/jmagnew/datasets/insects/Wasp/Wasp_416.jpg,Wasp,Pest
/scratch/user/jmagnew/datasets/insects/Wasp/Wasp_755.jpeg,Wasp,Pest
/scratch/user/jmagnew/datasets/insects/Wasp/Wasp_745.jpg,Wasp,Pest
/scratch/user/jmagnew/datasets/insects/Wasp/Wasp_215.jpg,Wasp,Pest
/scratch/user/jmagnew/datasets/insects/Wasp/Wasp_427.jpg,Wasp,Pest
/scratch/user/jmagnew/datasets/insects/Wasp/Wasp_651.jpeg,Wasp,Pest
/scratch/user/jmagnew/datasets/insects/Wasp/Wasp_394.jpg,Wasp,Pest
/scratch/user/jmagnew/datasets/insects/Wasp/Wasp_4.jpg,Wasp,Pest
/scratch/user/jmagnew/datasets/insects/Wasp/Wasp_226.jpg,Wasp,Pest
/scratch/user/jmagnew/datasets/insects/Wasp/Wasp_223.jpg,Wasp,Pest
/scratch/user/jmagnew/datasets/insects/Wasp/Wasp_96.jpg,Wasp,Pest
/scratch/user/jmagnew/datasets/insects/Wasp/Wasp_491.jpg,Wasp,Pest
/scratch/user/jmagnew/datasets/insects/Wasp/Wasp_233.jpg,Wasp,Pest
/scratch/user/jmagnew/datasets/insects/Wasp/Wasp_328.jpg,Wasp,Pest
/scratch/user/jmagnew/datasets/insects/Wasp/Wasp_393.jpg,Wasp,Pest
/scratch/user/jmagnew/datasets/insects/Wasp/Wasp_469.jpg,Wasp,Pest
/scratch/user/jmagnew/datasets/insects/Wasp/Wasp_231.jpg,Wasp,Pest
/scratch/user/jmagnew/datasets/insects/Wasp/Wasp_680.jpg,Wasp,Pest
/scratch/user/jmagnew/datasets/insects/Wasp/Wasp_455.jpg,Wasp,Pest
/scratch/user/jmagnew/datasets/insects/Wasp/Wasp_399.jpg,Wasp,Pest
/scratch/user/jmagnew/datasets/insects/Wasp/Wasp_217.jpg,Wasp,Pest
/scratch/user/jmagnew/datasets/insects/Wasp/Wasp_541.jpg,Wasp,Pest
/scratch/user/jmagnew/datasets/insects/Wasp/Wasp_609.jpg,Wasp,Pest
/scratch/user/jmagnew/datasets/insects/Wasp/Wasp_132.jpg,Wasp,Pest
/scratch/user/jmagnew/datasets/insects/Wasp/Wasp_348.jpg,Wasp,Pest
/scratch/user/jmagnew/datasets/insects/Wasp/Wasp_772.jpg,Wasp,Pest
/scratch/user/jmagnew/datasets/insects/Wasp/Wasp_33.jpg,Wasp,Pest
/scratch/user/jmagnew/datasets/insects/Wasp/Wasp_343.jpg,Wasp,Pest
/scratch/user/jmagnew/datasets/insects/Wasp/Wasp_242.jpg,Wasp,Pest
/scratch/user/jmagnew/datasets/insects/Wasp/Wasp_583.jpg,Wasp,Pest
/scratch/user/jmagnew/datasets/insects/Wasp/Wasp_569.jpg,Wasp,Pest
/scratch/user/jmagnew/datasets/insects/Wasp/Wasp_456.jpg,Wasp,Pest
/scratch/user/jmagnew/datasets/insects/Wasp/Wasp_72.jpg,Wasp,Pest
/scratch/user/jmagnew/datasets/insects/Wasp/Wasp_757.jpg,Wasp,Pest
/scratch/user/jmagnew/datasets/insects/Wasp/Wasp_747.jpg,Wasp,Pest
/scratch/user/jmagnew/datasets/insects/Wasp/Wasp_470.jpg,Wasp,Pest
/scratch/user/jmagnew/datasets/insects/Wasp/Wasp_182.jpg,Wasp,Pest
/scratch/user/jmagnew/datasets/insects/Wasp/Wasp_198.jpg,Wasp,Pest
/scratch/user/jmagnew/datasets/insects/Wasp/Wasp_191.jpg,Wasp,Pest
/scratch/user/jmagnew/datasets/insects/Wasp/Wasp_699.jpg,Wasp,Pest
/scratch/user/jmagnew/datasets/insects/Wasp/Wasp_12.jpg,Wasp,Pest
/scratch/user/jmagnew/datasets/insects/Wasp/Wasp_355.jpg,Wasp,Pest
/scratch/user/jmagnew/datasets/insects/Wasp/Wasp_814.jpg,Wasp,Pest
/scratch/user/jmagnew/datasets/insects/Wasp/Wasp_570.jpg,Wasp,Pest
/scratch/user/jmagnew/datasets/insects/Wasp/Wasp_248.jpg,Wasp,Pest
/scratch/user/jmagnew/datasets/insects/Wasp/Wasp_678.jpg,Wasp,Pest
/scratch/user/jmagnew/datasets/insects/Wasp/Wasp_481.jpg,Wasp,Pest
/scratch/user/jmagnew/datasets/insects/Wasp/Wasp_111.jpg,Wasp,Pest
/scratch/user/jmagnew/datasets/insects/Wasp/Wasp_626.jpg,Wasp,Pest
/scratch/user/jmagnew/datasets/insects/Wasp/Wasp_706.png,Wasp,Pest
/scratch/user/jmagnew/datasets/insects/Wasp/Wasp_222.jpg,Wasp,Pest
/scratch/user/jmagnew/datasets/insects/Wasp/Wasp_618.jpg,Wasp,Pest
/scratch/user/jmagnew/datasets/insects/Wasp/Wasp_703.jpg,Wasp,Pest
/scratch/user/jmagnew/datasets/insects/Wasp/Wasp_350.jpg,Wasp,Pest
/scratch/user/jmagnew/datasets/insects/Wasp/Wasp_645.jpg,Wasp,Pest
/scratch/user/jmagnew/datasets/insects/Wasp/Wasp_117.jpg,Wasp,Pest
/scratch/user/jmagnew/datasets/insects/Wasp/Wasp_118.jpeg,Wasp,Pest
/scratch/user/jmagnew/datasets/insects/Wasp/Wasp_622.png,Wasp,Pest
/scratch/user/jmagnew/datasets/insects/Wasp/Wasp_257.png,Wasp,Pest
/scratch/user/jmagnew/datasets/insects/Wasp/Wasp_87.jpg,Wasp,Pest
/scratch/user/jmagnew/datasets/insects/Wasp/Wasp_310.jpg,Wasp,Pest
/scratch/user/jmagnew/datasets/insects/Wasp/Wasp_484.jpg,Wasp,Pest
/scratch/user/jmagnew/datasets/insects/Wasp/Wasp_698.jpg,Wasp,Pest
/scratch/user/jmagnew/datasets/insects/Wasp/Wasp_658.jpg,Wasp,Pest
/scratch/user/jmagnew/datasets/insects/Wasp/Wasp_641.jpg,Wasp,Pest
/scratch/user/jmagnew/datasets/insects/Wasp/Wasp_743.jpg,Wasp,Pest
/scratch/user/jmagnew/datasets/insects/Wasp/Wasp_615.jpg,Wasp,Pest
/scratch/user/jmagnew/datasets/insects/Wasp/Wasp_809.jpeg,Wasp,Pest
/scratch/user/jmagnew/datasets/insects/Wasp/Wasp_395.jpg,Wasp,Pest
/scratch/user/jmagnew/datasets/insects/Wasp/Wasp_581.jpg,Wasp,Pest
/scratch/user/jmagnew/datasets/insects/Wasp/Wasp_623.jpg,Wasp,Pest
/scratch/user/jmagnew/datasets/insects/Wasp/Wasp_789.jpg,Wasp,Pest
/scratch/user/jmagnew/datasets/insects/Wasp/Wasp_561.jpg,Wasp,Pest
/scratch/user/jmagnew/datasets/insects/Wasp/Wasp_211.jpg,Wasp,Pest
/scratch/user/jmagnew/datasets/insects/Wasp/Wasp_538.jpg,Wasp,Pest
/scratch/user/jmagnew/datasets/insects/Wasp/Wasp_464.jpg,Wasp,Pest
/scratch/user/jmagnew/datasets/insects/Wasp/Wasp_145.jpg,Wasp,Pest
/scratch/user/jmagnew/datasets/insects/Wasp/Wasp_430.jpg,Wasp,Pest
/scratch/user/jmagnew/datasets/insects/Wasp/Wasp_771.jpg,Wasp,Pest
/scratch/user/jmagnew/datasets/insects/Wasp/Wasp_61.jpg,Wasp,Pest
/scratch/user/jmagnew/datasets/insects/Wasp/Wasp_436.jpg,Wasp,Pest
/scratch/user/jmagnew/datasets/insects/Wasp/Wasp_739.png,Wasp,Pest
/scratch/user/jmagnew/datasets/insects/Wasp/Wasp_386.jpg,Wasp,Pest
/scratch/user/jmagnew/datasets/insects/Wasp/Wasp_55.jpg,Wasp,Pest
/scratch/user/jmagnew/datasets/insects/Wasp/Wasp_353.jpg,Wasp,Pest
/scratch/user/jmagnew/datasets/insects/Wasp/Wasp_139.jpg,Wasp,Pest
/scratch/user/jmagnew/datasets/insects/Wasp/Wasp_477.jpg,Wasp,Pest
/scratch/user/jmagnew/datasets/insects/Wasp/Wasp_605.jpg,Wasp,Pest
/scratch/user/jmagnew/datasets/insects/Wasp/Wasp_51.jpg,Wasp,Pest
/scratch/user/jmagnew/datasets/insects/Wasp/Wasp_359.jpg,Wasp,Pest
/scratch/user/jmagnew/datasets/insects/Wasp/Wasp_769.png,Wasp,Pest
/scratch/user/jmagnew/datasets/insects/Wasp/Wasp_183.jpg,Wasp,Pest
/scratch/user/jmagnew/datasets/insects/Wasp/Wasp_344.jpg,Wasp,Pest
/scratch/user/jmagnew/datasets/insects/Wasp/Wasp_722.jpg,Wasp,Pest
/scratch/user/jmagnew/datasets/insects/Wasp/Wasp_322.jpg,Wasp,Pest
/scratch/user/jmagnew/datasets/insects/Wasp/Wasp_249.jpg,Wasp,Pest
/scratch/user/jmagnew/datasets/insects/Wasp/Wasp_807.jpg,Wasp,Pest
/scratch/user/jmagnew/datasets/insects/Wasp/Wasp_490.jpg,Wasp,Pest
/scratch/user/jmagnew/datasets/insects/Wasp/Wasp_433.jpg,Wasp,Pest
/scratch/user/jmagnew/datasets/insects/Wasp/Wasp_740.png,Wasp,Pest
/scratch/user/jmagnew/datasets/insects/Wasp/Wasp_301.jpg,Wasp,Pest
/scratch/user/jmagnew/datasets/insects/Wasp/Wasp_730.jpg,Wasp,Pest
/scratch/user/jmagnew/datasets/insects/Wasp/Wasp_801.jpg,Wasp,Pest
/scratch/user/jmagnew/datasets/insects/Wasp/Wasp_800.jpg,Wasp,Pest
/scratch/user/jmagnew/datasets/insects/Wasp/Wasp_714.jpg,Wasp,Pest
/scratch/user/jmagnew/datasets/insects/Wasp/Wasp_553.jpg,Wasp,Pest
/scratch/user/jmagnew/datasets/insects/Wasp/Wasp_737.png,Wasp,Pest
/scratch/user/jmagnew/datasets/insects/Wasp/Wasp_302.jpg,Wasp,Pest
/scratch/user/jmagnew/datasets/insects/Wasp/Wasp_650.jpg,Wasp,Pest
/scratch/user/jmagnew/datasets/insects/Wasp/Wasp_114.jpg,Wasp,Pest
/scratch/user/jmagnew/datasets/insects/Wasp/Wasp_184.jpg,Wasp,Pest
/scratch/user/jmagnew/datasets/insects/Wasp/Wasp_282.jpg,Wasp,Pest
/scratch/user/jmagnew/datasets/insects/Wasp/Wasp_489.jpg,Wasp,Pest
/scratch/user/jmagnew/datasets/insects/Wasp/Wasp_251.jpg,Wasp,Pest
/scratch/user/jmagnew/datasets/insects/Wasp/Wasp_652.jpg,Wasp,Pest
/scratch/user/jmagnew/datasets/insects/Wasp/Wasp_535.jpg,Wasp,Pest
/scratch/user/jmagnew/datasets/insects/Wasp/Wasp_670.jpg,Wasp,Pest
/scratch/user/jmagnew/datasets/insects/Wasp/Wasp_358.jpg,Wasp,Pest
/scratch/user/jmagnew/datasets/insects/Wasp/Wasp_523.jpg,Wasp,Pest
/scratch/user/jmagnew/datasets/insects/Wasp/Wasp_471.jpg,Wasp,Pest
/scratch/user/jmagnew/datasets/insects/Wasp/Wasp_241.jpg,Wasp,Pest
/scratch/user/jmagnew/datasets/insects/Wasp/Wasp_488.jpg,Wasp,Pest
/scratch/user/jmagnew/datasets/insects/Wasp/Wasp_346.jpg,Wasp,Pest
/scratch/user/jmagnew/datasets/insects/Wasp/Wasp_554.jpg,Wasp,Pest
/scratch/user/jmagnew/datasets/insects/Wasp/Wasp_163.jpg,Wasp,Pest
/scratch/user/jmagnew/datasets/insects/Wasp/Wasp_303.jpg,Wasp,Pest
/scratch/user/jmagnew/datasets/insects/Wasp/Wasp_210.jpg,Wasp,Pest
/scratch/user/jmagnew/datasets/insects/Wasp/Wasp_21.jpg,Wasp,Pest
/scratch/user/jmagnew/datasets/insects/Wasp/Wasp_307.jpg,Wasp,Pest
/scratch/user/jmagnew/datasets/insects/Wasp/Wasp_162.png,Wasp,Pest
/scratch/user/jmagnew/datasets/insects/Wasp/Wasp_797.jpg,Wasp,Pest
/scratch/user/jmagnew/datasets/insects/Wasp/Wasp_684.jpg,Wasp,Pest
/scratch/user/jmagnew/datasets/insects/Wasp/Wasp_723.jpg,Wasp,Pest
/scratch/user/jmagnew/datasets/insects/Wasp/Wasp_594.png,Wasp,Pest
/scratch/user/jmagnew/datasets/insects/Wasp/Wasp_773.jpg,Wasp,Pest
/scratch/user/jmagnew/datasets/insects/Wasp/Wasp_37.jpg,Wasp,Pest
/scratch/user/jmagnew/datasets/insects/Wasp/Wasp_164.png,Wasp,Pest
/scratch/user/jmagnew/datasets/insects/Wasp/Wasp_397.jpg,Wasp,Pest
/scratch/user/jmagnew/datasets/insects/Wasp/Wasp_668.jpg,Wasp,Pest
/scratch/user/jmagnew/datasets/insects/Wasp/Wasp_290.jpg,Wasp,Pest
/scratch/user/jmagnew/datasets/insects/Wasp/Wasp_254.jpg,Wasp,Pest
/scratch/user/jmagnew/datasets/insects/Wasp/Wasp_447.jpg,Wasp,Pest
/scratch/user/jmagnew/datasets/insects/Wasp/Wasp_425.jpg,Wasp,Pest
/scratch/user/jmagnew/datasets/insects/Wasp/Wasp_260.jpg,Wasp,Pest
/scratch/user/jmagnew/datasets/insects/Wasp/Wasp_189.jpg,Wasp,Pest
/scratch/user/jmagnew/datasets/insects/Wasp/Wasp_269.jpg,Wasp,Pest
/scratch/user/jmagnew/datasets/insects/Wasp/Wasp_150.jpg,Wasp,Pest
/scratch/user/jmagnew/datasets/insects/Wasp/Wasp_653.jpg,Wasp,Pest
/scratch/user/jmagnew/datasets/insects/Wasp/Wasp_630.jpg,Wasp,Pest
/scratch/user/jmagnew/datasets/insects/Wasp/Wasp_601.jpg,Wasp,Pest
/scratch/user/jmagnew/datasets/insects/Wasp/Wasp_624.jpg,Wasp,Pest
/scratch/user/jmagnew/datasets/insects/Wasp/Wasp_237.jpg,Wasp,Pest
/scratch/user/jmagnew/datasets/insects/Wasp/Wasp_756.jpg,Wasp,Pest
/scratch/user/jmagnew/datasets/insects/Wasp/Wasp_808.jpg,Wasp,Pest
/scratch/user/jmagnew/datasets/insects/Wasp/Wasp_657.jpg,Wasp,Pest
/scratch/user/jmagnew/datasets/insects/Wasp/Wasp_501.jpg,Wasp,Pest
/scratch/user/jmagnew/datasets/insects/Wasp/Wasp_676.jpg,Wasp,Pest
/scratch/user/jmagnew/datasets/insects/Wasp/Wasp_796.jpg,Wasp,Pest
/scratch/user/jmagnew/datasets/insects/Wasp/Wasp_267.jpg,Wasp,Pest
/scratch/user/jmagnew/datasets/insects/Wasp/Wasp_137.jpg,Wasp,Pest
/scratch/user/jmagnew/datasets/insects/Wasp/Wasp_34.jpg,Wasp,Pest
/scratch/user/jmagnew/datasets/insects/Wasp/Wasp_795.jpg,Wasp,Pest
/scratch/user/jmagnew/datasets/insects/Wasp/Wasp_97.jpg,Wasp,Pest
/scratch/user/jmagnew/datasets/insects/Wasp/Wasp_148.jpg,Wasp,Pest
/scratch/user/jmagnew/datasets/insects/Wasp/Wasp_308.jpg,Wasp,Pest
/scratch/user/jmagnew/datasets/insects/Wasp/Wasp_596.jpg,Wasp,Pest
/scratch/user/jmagnew/datasets/insects/Wasp/Wasp_341.jpg,Wasp,Pest
/scratch/user/jmagnew/datasets/insects/Wasp/Wasp_387.jpg,Wasp,Pest
/scratch/user/jmagnew/datasets/insects/Wasp/Wasp_158.jpg,Wasp,Pest
/scratch/user/jmagnew/datasets/insects/Wasp/Wasp_725.jpg,Wasp,Pest
/scratch/user/jmagnew/datasets/insects/Wasp/Wasp_516.jpg,Wasp,Pest
/scratch/user/jmagnew/datasets/insects/Wasp/Wasp_228.jpg,Wasp,Pest
/scratch/user/jmagnew/datasets/insects/Wasp/Wasp_664.jpg,Wasp,Pest
/scratch/user/jmagnew/datasets/insects/Wasp/Wasp_459.jpg,Wasp,Pest
/scratch/user/jmagnew/datasets/insects/Wasp/Wasp_761.jpg,Wasp,Pest
/scratch/user/jmagnew/datasets/insects/Wasp/Wasp_161.jpg,Wasp,Pest
/scratch/user/jmagnew/datasets/insects/Wasp/Wasp_408.jpg,Wasp,Pest
/scratch/user/jmagnew/datasets/insects/Wasp/Wasp_558.jpg,Wasp,Pest
/scratch/user/jmagnew/datasets/insects/Wasp/Wasp_357.jpg,Wasp,Pest
/scratch/user/jmagnew/datasets/insects/Wasp/Wasp_95.jpg,Wasp,Pest
/scratch/user/jmagnew/datasets/insects/Wasp/Wasp_336.jpg,Wasp,Pest
/scratch/user/jmagnew/datasets/insects/Wasp/Wasp_75.jpg,Wasp,Pest
/scratch/user/jmagnew/datasets/insects/Wasp/Wasp_176.jpg,Wasp,Pest
/scratch/user/jmagnew/datasets/insects/Wasp/Wasp_197.jpg,Wasp,Pest
/scratch/user/jmagnew/datasets/insects/Wasp/Wasp_152.jpg,Wasp,Pest
/scratch/user/jmagnew/datasets/insects/Wasp/Wasp_674.jpg,Wasp,Pest
/scratch/user/jmagnew/datasets/insects/Wasp/Wasp_786.jpg,Wasp,Pest
/scratch/user/jmagnew/datasets/insects/Wasp/Wasp_180.jpg,Wasp,Pest
/scratch/user/jmagnew/datasets/insects/Wasp/Wasp_531.jpg,Wasp,Pest
/scratch/user/jmagnew/datasets/insects/Wasp/Wasp_360.jpg,Wasp,Pest
/scratch/user/jmagnew/datasets/insects/Wasp/Wasp_486.jpg,Wasp,Pest
/scratch/user/jmagnew/datasets/insects/Wasp/Wasp_813.jpg,Wasp,Pest
/scratch/user/jmagnew/datasets/insects/Wasp/Wasp_134.jpg,Wasp,Pest
/scratch/user/jmagnew/datasets/insects/Wasp/Wasp_616.jpg,Wasp,Pest
/scratch/user/jmagnew/datasets/insects/Wasp/Wasp_709.jpg,Wasp,Pest
/scratch/user/jmagnew/datasets/insects/Wasp/Wasp_168.jpeg,Wasp,Pest
/scratch/user/jmagnew/datasets/insects/Wasp/Wasp_318.jpg,Wasp,Pest
/scratch/user/jmagnew/datasets/insects/Wasp/Wasp_646.jpg,Wasp,Pest
/scratch/user/jmagnew/datasets/insects/Wasp/Wasp_88.jpg,Wasp,Pest
/scratch/user/jmagnew/datasets/insects/Wasp/Wasp_29.jpg,Wasp,Pest
/scratch/user/jmagnew/datasets/insects/Wasp/Wasp_203.jpg,Wasp,Pest
/scratch/user/jmagnew/datasets/insects/Wasp/Wasp_32.jpg,Wasp,Pest
/scratch/user/jmagnew/datasets/insects/Wasp/Wasp_805.jpg,Wasp,Pest
/scratch/user/jmagnew/datasets/insects/Wasp/Wasp_419.jpg,Wasp,Pest
/scratch/user/jmagnew/datasets/insects/Wasp/Wasp_252.jpg,Wasp,Pest
/scratch/user/jmagnew/datasets/insects/Wasp/Wasp_479.jpg,Wasp,Pest
/scratch/user/jmagnew/datasets/insects/Wasp/Wasp_298.jpeg,Wasp,Pest
/scratch/user/jmagnew/datasets/insects/Wasp/Wasp_207.jpg,Wasp,Pest
/scratch/user/jmagnew/datasets/insects/Wasp/Wasp_368.jpg,Wasp,Pest
/scratch/user/jmagnew/datasets/insects/Wasp/Wasp_165.jpg,Wasp,Pest
/scratch/user/jmagnew/datasets/insects/Wasp/Wasp_414.jpg,Wasp,Pest
/scratch/user/jmagnew/datasets/insects/Wasp/Wasp_791.jpg,Wasp,Pest
/scratch/user/jmagnew/datasets/insects/Wasp/Wasp_627.jpg,Wasp,Pest
/scratch/user/jmagnew/datasets/insects/Wasp/Wasp_7.jpg,Wasp,Pest
/scratch/user/jmagnew/datasets/insects/Wasp/Wasp_816.jpg,Wasp,Pest
/scratch/user/jmagnew/datasets/insects/Wasp/Wasp_545.jpg,Wasp,Pest
/scratch/user/jmagnew/datasets/insects/Wasp/Wasp_480.jpg,Wasp,Pest
/scratch/user/jmagnew/datasets/insects/Wasp/Wasp_566.jpg,Wasp,Pest
/scratch/user/jmagnew/datasets/insects/Wasp/Wasp_620.jpg,Wasp,Pest
/scratch/user/jmagnew/datasets/insects/Wasp/Wasp_462.jpg,Wasp,Pest
/scratch/user/jmagnew/datasets/insects/Wasp/Wasp_506.jpg,Wasp,Pest
/scratch/user/jmagnew/datasets/insects/Wasp/Wasp_656.jpg,Wasp,Pest
/scratch/user/jmagnew/datasets/insects/Wasp/Wasp_287.jpg,Wasp,Pest
/scratch/user/jmagnew/datasets/insects/Wasp/Wasp_376.jpg,Wasp,Pest
/scratch/user/jmagnew/datasets/insects/Wasp/Wasp_35.jpg,Wasp,Pest
/scratch/user/jmagnew/datasets/insects/Wasp/Wasp_576.jpg,Wasp,Pest
/scratch/user/jmagnew/datasets/insects/Wasp/Wasp_274.jpg,Wasp,Pest
/scratch/user/jmagnew/datasets/insects/Wasp/Wasp_411.jpg,Wasp,Pest
/scratch/user/jmagnew/datasets/insects/Wasp/Wasp_711.jpg,Wasp,Pest
/scratch/user/jmagnew/datasets/insects/Wasp/Wasp_642.png,Wasp,Pest
/scratch/user/jmagnew/datasets/insects/Wasp/Wasp_621.jpg,Wasp,Pest
/scratch/user/jmagnew/datasets/insects/Wasp/Wasp_712.jpg,Wasp,Pest
/scratch/user/jmagnew/datasets/insects/Wasp/Wasp_599.jpg,Wasp,Pest
/scratch/user/jmagnew/datasets/insects/Wasp/Wasp_113.jpg,Wasp,Pest
/scratch/user/jmagnew/datasets/insects/Wasp/Wasp_311.jpg,Wasp,Pest
/scratch/user/jmagnew/datasets/insects/Wasp/Wasp_23.jpg,Wasp,Pest
/scratch/user/jmagnew/datasets/insects/Wasp/Wasp_587.jpg,Wasp,Pest
/scratch/user/jmagnew/datasets/insects/Wasp/Wasp_766.jpg,Wasp,Pest
/scratch/user/jmagnew/datasets/insects/Wasp/Wasp_803.png,Wasp,Pest
/scratch/user/jmagnew/datasets/insects/Wasp/Wasp_349.jpg,Wasp,Pest
/scratch/user/jmagnew/datasets/insects/Wasp/Wasp_666.jpg,Wasp,Pest
/scratch/user/jmagnew/datasets/insects/Wasp/Wasp_281.jpg,Wasp,Pest
/scratch/user/jmagnew/datasets/insects/Wasp/Wasp_103.jpg,Wasp,Pest
/scratch/user/jmagnew/datasets/insects/Wasp/Wasp_498.jpg,Wasp,Pest
/scratch/user/jmagnew/datasets/insects/Wasp/Wasp_423.jpg,Wasp,Pest
/scratch/user/jmagnew/datasets/insects/Wasp/Wasp_445.jpg,Wasp,Pest
/scratch/user/jmagnew/datasets/insects/Wasp/Wasp_109.jpg,Wasp,Pest
/scratch/user/jmagnew/datasets/insects/Wasp/Wasp_313.jpg,Wasp,Pest
/scratch/user/jmagnew/datasets/insects/Wasp/Wasp_325.jpg,Wasp,Pest
/scratch/user/jmagnew/datasets/insects/Wasp/Wasp_30.jpg,Wasp,Pest
/scratch/user/jmagnew/datasets/insects/Wasp/Wasp_112.jpg,Wasp,Pest
/scratch/user/jmagnew/datasets/insects/Wasp/Wasp_205.jpg,Wasp,Pest
/scratch/user/jmagnew/datasets/insects/Wasp/Wasp_141.jpeg,Wasp,Pest
/scratch/user/jmagnew/datasets/insects/Wasp/Wasp_391.jpg,Wasp,Pest
/scratch/user/jmagnew/datasets/insects/Wasp/Wasp_547.jpg,Wasp,Pest
/scratch/user/jmagnew/datasets/insects/Wasp/Wasp_276.jpg,Wasp,Pest
/scratch/user/jmagnew/datasets/insects/Wasp/Wasp_71.jpg,Wasp,Pest
/scratch/user/jmagnew/datasets/insects/Wasp/Wasp_79.jpg,Wasp,Pest
/scratch/user/jmagnew/datasets/insects/Wasp/Wasp_704.jpg,Wasp,Pest
/scratch/user/jmagnew/datasets/insects/Wasp/Wasp_392.jpg,Wasp,Pest
/scratch/user/jmagnew/datasets/insects/Wasp/Wasp_777.jpg,Wasp,Pest
/scratch/user/jmagnew/datasets/insects/Wasp/Wasp_240.jpg,Wasp,Pest
/scratch/user/jmagnew/datasets/insects/Wasp/Wasp_125.jpg,Wasp,Pest
/scratch/user/jmagnew/datasets/insects/Wasp/Wasp_546.jpg,Wasp,Pest
/scratch/user/jmagnew/datasets/insects/Wasp/Wasp_431.jpg,Wasp,Pest
/scratch/user/jmagnew/datasets/insects/Wasp/Wasp_466.jpg,Wasp,Pest
/scratch/user/jmagnew/datasets/insects/Wasp/Wasp_492.jpg,Wasp,Pest
/scratch/user/jmagnew/datasets/insects/Wasp/Wasp_476.jpg,Wasp,Pest
/scratch/user/jmagnew/datasets/insects/Wasp/Wasp_227.jpg,Wasp,Pest
/scratch/user/jmagnew/datasets/insects/Wasp/Wasp_42.jpg,Wasp,Pest
/scratch/user/jmagnew/datasets/insects/Wasp/Wasp_380.jpg,Wasp,Pest
/scratch/user/jmagnew/datasets/insects/Wasp/Wasp_589.jpg,Wasp,Pest
/scratch/user/jmagnew/datasets/insects/Wasp/Wasp_235.jpg,Wasp,Pest
/scratch/user/jmagnew/datasets/insects/Wasp/Wasp_186.jpg,Wasp,Pest
/scratch/user/jmagnew/datasets/insects/Wasp/Wasp_607.jpg,Wasp,Pest
/scratch/user/jmagnew/datasets/insects/Wasp/Wasp_188.jpg,Wasp,Pest
/scratch/user/jmagnew/datasets/insects/Wasp/Wasp_104.jpg,Wasp,Pest
/scratch/user/jmagnew/datasets/insects/Wasp/Wasp_68.jpg,Wasp,Pest
/scratch/user/jmagnew/datasets/insects/Wasp/Wasp_509.jpg,Wasp,Pest
/scratch/user/jmagnew/datasets/insects/Wasp/Wasp_468.jpg,Wasp,Pest
/scratch/user/jmagnew/datasets/insects/Wasp/Wasp_760.jpg,Wasp,Pest
/scratch/user/jmagnew/datasets/insects/Wasp/Wasp_213.jpg,Wasp,Pest
/scratch/user/jmagnew/datasets/insects/Wasp/Wasp_224.jpg,Wasp,Pest
/scratch/user/jmagnew/datasets/insects/Wasp/Wasp_26.jpeg,Wasp,Pest
/scratch/user/jmagnew/datasets/insects/Wasp/Wasp_314.jpeg,Wasp,Pest
/scratch/user/jmagnew/datasets/insects/Wasp/Wasp_721.jpg,Wasp,Pest
/scratch/user/jmagnew/datasets/insects/Wasp/Wasp_218.jpg,Wasp,Pest
/scratch/user/jmagnew/datasets/insects/Wasp/Wasp_550.jpg,Wasp,Pest
/scratch/user/jmagnew/datasets/insects/Wasp/Wasp_713.jpg,Wasp,Pest
/scratch/user/jmagnew/datasets/insects/Wasp/Wasp_770.jpg,Wasp,Pest
/scratch/user/jmagnew/datasets/insects/Wasp/Wasp_135.jpeg,Wasp,Pest
/scratch/user/jmagnew/datasets/insects/Wasp/Wasp_811.jpg,Wasp,Pest
/scratch/user/jmagnew/datasets/insects/Wasp/Wasp_648.jpg,Wasp,Pest
/scratch/user/jmagnew/datasets/insects/Wasp/Wasp_361.jpg,Wasp,Pest
/scratch/user/jmagnew/datasets/insects/Wasp/Wasp_136.jpg,Wasp,Pest
/scratch/user/jmagnew/datasets/insects/Wasp/Wasp_84.jpg,Wasp,Pest
/scratch/user/jmagnew/datasets/insects/Wasp/Wasp_320.jpg,Wasp,Pest
/scratch/user/jmagnew/datasets/insects/Wasp/Wasp_379.jpg,Wasp,Pest
/scratch/user/jmagnew/datasets/insects/Wasp/Wasp_643.jpg,Wasp,Pest
/scratch/user/jmagnew/datasets/insects/Wasp/Wasp_194.jpg,Wasp,Pest
/scratch/user/jmagnew/datasets/insects/Wasp/Wasp_173.jpg,Wasp,Pest
/scratch/user/jmagnew/datasets/insects/Wasp/Wasp_731.jpg,Wasp,Pest
/scratch/user/jmagnew/datasets/insects/Wasp/Wasp_467.jpg,Wasp,Pest
/scratch/user/jmagnew/datasets/insects/Wasp/Wasp_510.jpg,Wasp,Pest
/scratch/user/jmagnew/datasets/insects/Wasp/Wasp_438.jpg,Wasp,Pest
/scratch/user/jmagnew/datasets/insects/Wasp/Wasp_521.jpg,Wasp,Pest
/scratch/user/jmagnew/datasets/insects/Wasp/Wasp_62.jpg,Wasp,Pest
/scratch/user/jmagnew/datasets/insects/Wasp/Wasp_323.jpg,Wasp,Pest
/scratch/user/jmagnew/datasets/insects/Wasp/Wasp_732.jpg,Wasp,Pest
/scratch/user/jmagnew/datasets/insects/Wasp/Wasp_804.jpg,Wasp,Pest
/scratch/user/jmagnew/datasets/insects/Wasp/Wasp_101.jpg,Wasp,Pest
/scratch/user/jmagnew/datasets/insects/Wasp/Wasp_644.jpg,Wasp,Pest
/scratch/user/jmagnew/datasets/insects/Wasp/Wasp_245.jpg,Wasp,Pest
/scratch/user/jmagnew/datasets/insects/Wasp/Wasp_374.jpg,Wasp,Pest
/scratch/user/jmagnew/datasets/insects/Wasp/Wasp_24.jpg,Wasp,Pest
/scratch/user/jmagnew/datasets/insects/Wasp/Wasp_705.jpg,Wasp,Pest
/scratch/user/jmagnew/datasets/insects/Wasp/Wasp_560.jpg,Wasp,Pest
/scratch/user/jmagnew/datasets/insects/Wasp/Wasp_195.jpg,Wasp,Pest
/scratch/user/jmagnew/datasets/insects/Wasp/Wasp_367.jpg,Wasp,Pest
/scratch/user/jmagnew/datasets/insects/Wasp/Wasp_637.png,Wasp,Pest
/scratch/user/jmagnew/datasets/insects/Wasp/Wasp_127.jpg,Wasp,Pest
/scratch/user/jmagnew/datasets/insects/Wasp/Wasp_409.jpg,Wasp,Pest
/scratch/user/jmagnew/datasets/insects/Wasp/Wasp_48.jpg,Wasp,Pest
/scratch/user/jmagnew/datasets/insects/Wasp/Wasp_799.jpg,Wasp,Pest
/scratch/user/jmagnew/datasets/insects/Wasp/Wasp_524.jpg,Wasp,Pest
/scratch/user/jmagnew/datasets/insects/Wasp/Wasp_529.jpg,Wasp,Pest
/scratch/user/jmagnew/datasets/insects/Wasp/Wasp_100.jpg,Wasp,Pest
/scratch/user/jmagnew/datasets/insects/Wasp/Wasp_780.jpg,Wasp,Pest
/scratch/user/jmagnew/datasets/insects/Wasp/Wasp_787.jpg,Wasp,Pest
/scratch/user/jmagnew/datasets/insects/Wasp/Wasp_106.jpg,Wasp,Pest
/scratch/user/jmagnew/datasets/insects/Wasp/Wasp_142.jpg,Wasp,Pest
/scratch/user/jmagnew/datasets/insects/Wasp/Wasp_758.jpg,Wasp,Pest
/scratch/user/jmagnew/datasets/insects/Wasp/Wasp_81.png,Wasp,Pest
/scratch/user/jmagnew/datasets/insects/Wasp/Wasp_567.jpg,Wasp,Pest
/scratch/user/jmagnew/datasets/insects/Wasp/Wasp_59.jpg,Wasp,Pest
/scratch/user/jmagnew/datasets/insects/Wasp/Wasp_798.jpg,Wasp,Pest
/scratch/user/jmagnew/datasets/insects/Wasp/Wasp_388.jpg,Wasp,Pest
/scratch/user/jmagnew/datasets/insects/Wasp/Wasp_754.jpg,Wasp,Pest
/scratch/user/jmagnew/datasets/insects/Beetle/Beetle_917.jpg,Beetle,Pest
/scratch/user/jmagnew/datasets/insects/Beetle/Beetle_732.jpg,Beetle,Pest
/scratch/user/jmagnew/datasets/insects/Beetle/Beetle_337.jpg,Beetle,Pest
/scratch/user/jmagnew/datasets/insects/Beetle/Beetle_262.jpg,Beetle,Pest
/scratch/user/jmagnew/datasets/insects/Beetle/Beetle_851.jpg,Beetle,Pest
/scratch/user/jmagnew/datasets/insects/Beetle/Beetle_53.jpg,Beetle,Pest
/scratch/user/jmagnew/datasets/insects/Beetle/Beetle_514.jpg,Beetle,Pest
/scratch/user/jmagnew/datasets/insects/Beetle/Beetle_24.jpeg,Beetle,Pest
/scratch/user/jmagnew/datasets/insects/Beetle/Beetle_887.jpg,Beetle,Pest
/scratch/user/jmagnew/datasets/insects/Beetle/Beetle_462.jpg,Beetle,Pest
/scratch/user/jmagnew/datasets/insects/Beetle/Beetle_865.jpg,Beetle,Pest
/scratch/user/jmagnew/datasets/insects/Beetle/Beetle_569.jpg,Beetle,Pest
/scratch/user/jmagnew/datasets/insects/Beetle/Beetle_802.jpg,Beetle,Pest
/scratch/user/jmagnew/datasets/insects/Beetle/Beetle_416.jpg,Beetle,Pest
/scratch/user/jmagnew/datasets/insects/Beetle/Beetle_500.jpg,Beetle,Pest
/scratch/user/jmagnew/datasets/insects/Beetle/Beetle_595.jpg,Beetle,Pest
/scratch/user/jmagnew/datasets/insects/Beetle/Beetle_146.jpg,Beetle,Pest
/scratch/user/jmagnew/datasets/insects/Beetle/Beetle_496.jpg,Beetle,Pest
/scratch/user/jmagnew/datasets/insects/Beetle/Beetle_189.jpg,Beetle,Pest
/scratch/user/jmagnew/datasets/insects/Beetle/Beetle_712.jpg,Beetle,Pest
/scratch/user/jmagnew/datasets/insects/Beetle/Beetle_46.jpg,Beetle,Pest
/scratch/user/jmagnew/datasets/insects/Beetle/Beetle_145.jpg,Beetle,Pest
/scratch/user/jmagnew/datasets/insects/Beetle/Beetle_923.jpg,Beetle,Pest
/scratch/user/jmagnew/datasets/insects/Beetle/Beetle_803.jpg,Beetle,Pest
/scratch/user/jmagnew/datasets/insects/Beetle/Beetle_394.jpg,Beetle,Pest
/scratch/user/jmagnew/datasets/insects/Beetle/Beetle_568.jpg,Beetle,Pest
/scratch/user/jmagnew/datasets/insects/Beetle/Beetle_200.jpg,Beetle,Pest
/scratch/user/jmagnew/datasets/insects/Beetle/Beetle_653.jpg,Beetle,Pest
/scratch/user/jmagnew/datasets/insects/Beetle/Beetle_191.jpg,Beetle,Pest
/scratch/user/jmagnew/datasets/insects/Beetle/Beetle_622.jpg,Beetle,Pest
/scratch/user/jmagnew/datasets/insects/Beetle/Beetle_230.jpg,Beetle,Pest
/scratch/user/jmagnew/datasets/insects/Beetle/Beetle_163.jpg,Beetle,Pest
/scratch/user/jmagnew/datasets/insects/Beetle/Beetle_449.jpg,Beetle,Pest
/scratch/user/jmagnew/datasets/insects/Beetle/Beetle_360.jpg,Beetle,Pest
/scratch/user/jmagnew/datasets/insects/Beetle/Beetle_364.jpg,Beetle,Pest
/scratch/user/jmagnew/datasets/insects/Beetle/Beetle_775.jpg,Beetle,Pest
/scratch/user/jmagnew/datasets/insects/Beetle/Beetle_236.jpeg,Beetle,Pest
/scratch/user/jmagnew/datasets/insects/Beetle/Beetle_863.jpg,Beetle,Pest
/scratch/user/jmagnew/datasets/insects/Beetle/Beetle_620.jpg,Beetle,Pest
/scratch/user/jmagnew/datasets/insects/Beetle/Beetle_563.jpg,Beetle,Pest
/scratch/user/jmagnew/datasets/insects/Beetle/Beetle_128.jpg,Beetle,Pest
/scratch/user/jmagnew/datasets/insects/Beetle/Beetle_335.jpg,Beetle,Pest
/scratch/user/jmagnew/datasets/insects/Beetle/Beetle_231.jpg,Beetle,Pest
/scratch/user/jmagnew/datasets/insects/Beetle/Beetle_823.jpg,Beetle,Pest
/scratch/user/jmagnew/datasets/insects/Beetle/Beetle_857.jpg,Beetle,Pest
/scratch/user/jmagnew/datasets/insects/Beetle/Beetle_102.jpg,Beetle,Pest
/scratch/user/jmagnew/datasets/insects/Beetle/Beetle_836.jpeg,Beetle,Pest
/scratch/user/jmagnew/datasets/insects/Beetle/Beetle_742.jpg,Beetle,Pest
/scratch/user/jmagnew/datasets/insects/Beetle/Beetle_472.jpeg,Beetle,Pest
/scratch/user/jmagnew/datasets/insects/Beetle/Beetle_690.jpg,Beetle,Pest
/scratch/user/jmagnew/datasets/insects/Beetle/Beetle_909.jpg,Beetle,Pest
/scratch/user/jmagnew/datasets/insects/Beetle/Beetle_915.jpg,Beetle,Pest
/scratch/user/jmagnew/datasets/insects/Beetle/Beetle_385.jpg,Beetle,Pest
/scratch/user/jmagnew/datasets/insects/Beetle/Beetle_160.jpg,Beetle,Pest
/scratch/user/jmagnew/datasets/insects/Beetle/Beetle_243.jpg,Beetle,Pest
/scratch/user/jmagnew/datasets/insects/Beetle/Beetle_540.jpg,Beetle,Pest
/scratch/user/jmagnew/datasets/insects/Beetle/Beetle_507.jpg,Beetle,Pest
/scratch/user/jmagnew/datasets/insects/Beetle/Beetle_118.jpg,Beetle,Pest
/scratch/user/jmagnew/datasets/insects/Beetle/Beetle_383.jpg,Beetle,Pest
/scratch/user/jmagnew/datasets/insects/Beetle/Beetle_780.jpg,Beetle,Pest
/scratch/user/jmagnew/datasets/insects/Beetle/Beetle_458.jpg,Beetle,Pest
/scratch/user/jmagnew/datasets/insects/Beetle/Beetle_408.jpg,Beetle,Pest
/scratch/user/jmagnew/datasets/insects/Beetle/Beetle_94.jpg,Beetle,Pest
/scratch/user/jmagnew/datasets/insects/Beetle/Beetle_365.jpg,Beetle,Pest
/scratch/user/jmagnew/datasets/insects/Beetle/Beetle_109.jpg,Beetle,Pest
/scratch/user/jmagnew/datasets/insects/Beetle/Beetle_356.jpeg,Beetle,Pest
/scratch/user/jmagnew/datasets/insects/Beetle/Beetle_261.jpg,Beetle,Pest
/scratch/user/jmagnew/datasets/insects/Beetle/Beetle_639.jpg,Beetle,Pest
/scratch/user/jmagnew/datasets/insects/Beetle/Beetle_555.jpg,Beetle,Pest
/scratch/user/jmagnew/datasets/insects/Beetle/Beetle_273.jpg,Beetle,Pest
/scratch/user/jmagnew/datasets/insects/Beetle/Beetle_317.jpg,Beetle,Pest
/scratch/user/jmagnew/datasets/insects/Beetle/Beetle_22.jpg,Beetle,Pest
/scratch/user/jmagnew/datasets/insects/Beetle/Beetle_117.jpg,Beetle,Pest
/scratch/user/jmagnew/datasets/insects/Beetle/Beetle_756.jpg,Beetle,Pest
/scratch/user/jmagnew/datasets/insects/Beetle/Beetle_38.jpg,Beetle,Pest
/scratch/user/jmagnew/datasets/insects/Beetle/Beetle_799.jpg,Beetle,Pest
/scratch/user/jmagnew/datasets/insects/Beetle/Beetle_45.jpg,Beetle,Pest
/scratch/user/jmagnew/datasets/insects/Beetle/Beetle_11.jpg,Beetle,Pest
/scratch/user/jmagnew/datasets/insects/Beetle/Beetle_741.jpg,Beetle,Pest
/scratch/user/jmagnew/datasets/insects/Beetle/Beetle_580.jpg,Beetle,Pest
/scratch/user/jmagnew/datasets/insects/Beetle/Beetle_610.jpg,Beetle,Pest
/scratch/user/jmagnew/datasets/insects/Beetle/Beetle_174.jpg,Beetle,Pest
/scratch/user/jmagnew/datasets/insects/Beetle/Beetle_743.jpg,Beetle,Pest
/scratch/user/jmagnew/datasets/insects/Beetle/Beetle_588.jpg,Beetle,Pest
/scratch/user/jmagnew/datasets/insects/Beetle/Beetle_550.png,Beetle,Pest
/scratch/user/jmagnew/datasets/insects/Beetle/Beetle_296.jpeg,Beetle,Pest
/scratch/user/jmagnew/datasets/insects/Beetle/Beetle_615.jpg,Beetle,Pest
/scratch/user/jmagnew/datasets/insects/Beetle/Beetle_443.jpg,Beetle,Pest
/scratch/user/jmagnew/datasets/insects/Beetle/Beetle_210.jpg,Beetle,Pest
/scratch/user/jmagnew/datasets/insects/Beetle/Beetle_74.jpg,Beetle,Pest
/scratch/user/jmagnew/datasets/insects/Beetle/Beetle_34.jpg,Beetle,Pest
/scratch/user/jmagnew/datasets/insects/Beetle/Beetle_27.jpg,Beetle,Pest
/scratch/user/jmagnew/datasets/insects/Beetle/Beetle_168.jpg,Beetle,Pest
/scratch/user/jmagnew/datasets/insects/Beetle/Beetle_491.jpg,Beetle,Pest
/scratch/user/jmagnew/datasets/insects/Beetle/Beetle_23.jpg,Beetle,Pest
/scratch/user/jmagnew/datasets/insects/Beetle/Beetle_562.jpg,Beetle,Pest
/scratch/user/jmagnew/datasets/insects/Beetle/Beetle_366.jpg,Beetle,Pest
/scratch/user/jmagnew/datasets/insects/Beetle/Beetle_648.jpg,Beetle,Pest
/scratch/user/jmagnew/datasets/insects/Beetle/Beetle_358.jpg,Beetle,Pest
/scratch/user/jmagnew/datasets/insects/Beetle/Beetle_318.jpg,Beetle,Pest
/scratch/user/jmagnew/datasets/insects/Beetle/Beetle_349.jpeg,Beetle,Pest
/scratch/user/jmagnew/datasets/insects/Beetle/Beetle_140.jpg,Beetle,Pest
/scratch/user/jmagnew/datasets/insects/Beetle/Beetle_234.jpg,Beetle,Pest
/scratch/user/jmagnew/datasets/insects/Beetle/Beetle_901.jpg,Beetle,Pest
/scratch/user/jmagnew/datasets/insects/Beetle/Beetle_211.jpg,Beetle,Pest
/scratch/user/jmagnew/datasets/insects/Beetle/Beetle_25.jpg,Beetle,Pest
/scratch/user/jmagnew/datasets/insects/Beetle/Beetle_669.jpg,Beetle,Pest
/scratch/user/jmagnew/datasets/insects/Beetle/Beetle_675.jpg,Beetle,Pest
/scratch/user/jmagnew/datasets/insects/Beetle/Beetle_867.jpg,Beetle,Pest
/scratch/user/jmagnew/datasets/insects/Beetle/Beetle_76.jpg,Beetle,Pest
/scratch/user/jmagnew/datasets/insects/Beetle/Beetle_226.jpg,Beetle,Pest
/scratch/user/jmagnew/datasets/insects/Beetle/Beetle_194.jpg,Beetle,Pest
/scratch/user/jmagnew/datasets/insects/Beetle/Beetle_161.jpg,Beetle,Pest
/scratch/user/jmagnew/datasets/insects/Beetle/Beetle_245.jpg,Beetle,Pest
/scratch/user/jmagnew/datasets/insects/Beetle/Beetle_704.jpg,Beetle,Pest
/scratch/user/jmagnew/datasets/insects/Beetle/Beetle_36.jpg,Beetle,Pest
/scratch/user/jmagnew/datasets/insects/Beetle/Beetle_217.jpg,Beetle,Pest
/scratch/user/jmagnew/datasets/insects/Beetle/Beetle_696.jpg,Beetle,Pest
/scratch/user/jmagnew/datasets/insects/Beetle/Beetle_567.jpg,Beetle,Pest
/scratch/user/jmagnew/datasets/insects/Beetle/Beetle_4.jpg,Beetle,Pest
/scratch/user/jmagnew/datasets/insects/Beetle/Beetle_169.jpeg,Beetle,Pest
/scratch/user/jmagnew/datasets/insects/Beetle/Beetle_246.jpg,Beetle,Pest
/scratch/user/jmagnew/datasets/insects/Beetle/Beetle_105.jpg,Beetle,Pest
/scratch/user/jmagnew/datasets/insects/Beetle/Beetle_899.jpg,Beetle,Pest
/scratch/user/jmagnew/datasets/insects/Beetle/Beetle_882.jpg,Beetle,Pest
/scratch/user/jmagnew/datasets/insects/Beetle/Beetle_517.jpg,Beetle,Pest
/scratch/user/jmagnew/datasets/insects/Beetle/Beetle_135.jpg,Beetle,Pest
/scratch/user/jmagnew/datasets/insects/Beetle/Beetle_541.jpg,Beetle,Pest
/scratch/user/jmagnew/datasets/insects/Beetle/Beetle_336.jpg,Beetle,Pest
/scratch/user/jmagnew/datasets/insects/Beetle/Beetle_484.jpg,Beetle,Pest
/scratch/user/jmagnew/datasets/insects/Beetle/Beetle_148.jpg,Beetle,Pest
/scratch/user/jmagnew/datasets/insects/Beetle/Beetle_503.jpg,Beetle,Pest
/scratch/user/jmagnew/datasets/insects/Beetle/Beetle_796.jpg,Beetle,Pest
/scratch/user/jmagnew/datasets/insects/Beetle/Beetle_702.jpg,Beetle,Pest
/scratch/user/jmagnew/datasets/insects/Beetle/Beetle_757.jpg,Beetle,Pest
/scratch/user/jmagnew/datasets/insects/Beetle/Beetle_465.jpg,Beetle,Pest
/scratch/user/jmagnew/datasets/insects/Beetle/Beetle_713.jpg,Beetle,Pest
/scratch/user/jmagnew/datasets/insects/Beetle/Beetle_42.jpg,Beetle,Pest
/scratch/user/jmagnew/datasets/insects/Beetle/Beetle_651.jpg,Beetle,Pest
/scratch/user/jmagnew/datasets/insects/Beetle/Beetle_774.jpg,Beetle,Pest
/scratch/user/jmagnew/datasets/insects/Beetle/Beetle_291.jpg,Beetle,Pest
/scratch/user/jmagnew/datasets/insects/Beetle/Beetle_735.jpg,Beetle,Pest
/scratch/user/jmagnew/datasets/insects/Beetle/Beetle_409.jpg,Beetle,Pest
/scratch/user/jmagnew/datasets/insects/Beetle/Beetle_695.jpg,Beetle,Pest
/scratch/user/jmagnew/datasets/insects/Beetle/Beetle_571.jpg,Beetle,Pest
/scratch/user/jmagnew/datasets/insects/Beetle/Beetle_782.jpg,Beetle,Pest
/scratch/user/jmagnew/datasets/insects/Beetle/Beetle_260.jpg,Beetle,Pest
/scratch/user/jmagnew/datasets/insects/Beetle/Beetle_384.jpg,Beetle,Pest
/scratch/user/jmagnew/datasets/insects/Beetle/Beetle_727.jpg,Beetle,Pest
/scratch/user/jmagnew/datasets/insects/Beetle/Beetle_677.jpg,Beetle,Pest
/scratch/user/jmagnew/datasets/insects/Beetle/Beetle_158.jpg,Beetle,Pest
/scratch/user/jmagnew/datasets/insects/Beetle/Beetle_710.jpg,Beetle,Pest
/scratch/user/jmagnew/datasets/insects/Beetle/Beetle_490.png,Beetle,Pest
/scratch/user/jmagnew/datasets/insects/Beetle/Beetle_355.png,Beetle,Pest
/scratch/user/jmagnew/datasets/insects/Beetle/Beetle_793.jpg,Beetle,Pest
/scratch/user/jmagnew/datasets/insects/Beetle/Beetle_185.jpg,Beetle,Pest
/scratch/user/jmagnew/datasets/insects/Beetle/Beetle_299.jpg,Beetle,Pest
/scratch/user/jmagnew/datasets/insects/Beetle/Beetle_840.jpg,Beetle,Pest
/scratch/user/jmagnew/datasets/insects/Beetle/Beetle_271.jpg,Beetle,Pest
/scratch/user/jmagnew/datasets/insects/Beetle/Beetle_81.jpg,Beetle,Pest
/scratch/user/jmagnew/datasets/insects/Beetle/Beetle_216.jpg,Beetle,Pest
/scratch/user/jmagnew/datasets/insects/Beetle/Beetle_208.jpg,Beetle,Pest
/scratch/user/jmagnew/datasets/insects/Beetle/Beetle_681.jpg,Beetle,Pest
/scratch/user/jmagnew/datasets/insects/Beetle/Beetle_602.jpg,Beetle,Pest
/scratch/user/jmagnew/datasets/insects/Beetle/Beetle_792.jpg,Beetle,Pest
/scratch/user/jmagnew/datasets/insects/Beetle/Beetle_8.jpg,Beetle,Pest
/scratch/user/jmagnew/datasets/insects/Beetle/Beetle_483.jpg,Beetle,Pest
/scratch/user/jmagnew/datasets/insects/Beetle/Beetle_769.jpg,Beetle,Pest
/scratch/user/jmagnew/datasets/insects/Beetle/Beetle_900.jpg,Beetle,Pest
/scratch/user/jmagnew/datasets/insects/Beetle/Beetle_130.jpg,Beetle,Pest
/scratch/user/jmagnew/datasets/insects/Beetle/Beetle_508.jpg,Beetle,Pest
/scratch/user/jmagnew/datasets/insects/Beetle/Beetle_342.jpg,Beetle,Pest
/scratch/user/jmagnew/datasets/insects/Beetle/Beetle_654.jpg,Beetle,Pest
/scratch/user/jmagnew/datasets/insects/Beetle/Beetle_71.jpg,Beetle,Pest
/scratch/user/jmagnew/datasets/insects/Beetle/Beetle_822.jpg,Beetle,Pest
/scratch/user/jmagnew/datasets/insects/Beetle/Beetle_88.jpg,Beetle,Pest
/scratch/user/jmagnew/datasets/insects/Beetle/Beetle_476.jpg,Beetle,Pest
/scratch/user/jmagnew/datasets/insects/Beetle/Beetle_525.jpg,Beetle,Pest
/scratch/user/jmagnew/datasets/insects/Beetle/Beetle_920.jpg,Beetle,Pest
/scratch/user/jmagnew/datasets/insects/Beetle/Beetle_446.jpg,Beetle,Pest
/scratch/user/jmagnew/datasets/insects/Beetle/Beetle_407.jpg,Beetle,Pest
/scratch/user/jmagnew/datasets/insects/Beetle/Beetle_697.jpg,Beetle,Pest
/scratch/user/jmagnew/datasets/insects/Beetle/Beetle_474.jpg,Beetle,Pest
/scratch/user/jmagnew/datasets/insects/Beetle/Beetle_748.jpg,Beetle,Pest
/scratch/user/jmagnew/datasets/insects/Beetle/Beetle_265.jpg,Beetle,Pest
/scratch/user/jmagnew/datasets/insects/Beetle/Beetle_709.jpg,Beetle,Pest
/scratch/user/jmagnew/datasets/insects/Beetle/Beetle_755.jpg,Beetle,Pest
/scratch/user/jmagnew/datasets/insects/Beetle/Beetle_876.jpg,Beetle,Pest
/scratch/user/jmagnew/datasets/insects/Beetle/Beetle_285.jpg,Beetle,Pest
/scratch/user/jmagnew/datasets/insects/Beetle/Beetle_107.jpg,Beetle,Pest
/scratch/user/jmagnew/datasets/insects/Beetle/Beetle_813.jpg,Beetle,Pest
/scratch/user/jmagnew/datasets/insects/Beetle/Beetle_699.jpg,Beetle,Pest
/scratch/user/jmagnew/datasets/insects/Beetle/Beetle_624.jpg,Beetle,Pest
/scratch/user/jmagnew/datasets/insects/Beetle/Beetle_47.jpg,Beetle,Pest
/scratch/user/jmagnew/datasets/insects/Beetle/Beetle_781.jpg,Beetle,Pest
/scratch/user/jmagnew/datasets/insects/Beetle/Beetle_542.jpg,Beetle,Pest
/scratch/user/jmagnew/datasets/insects/Beetle/Beetle_187.jpg,Beetle,Pest
/scratch/user/jmagnew/datasets/insects/Beetle/Beetle_522.jpg,Beetle,Pest
/scratch/user/jmagnew/datasets/insects/Beetle/Beetle_314.jpg,Beetle,Pest
/scratch/user/jmagnew/datasets/insects/Beetle/Beetle_810.jpg,Beetle,Pest
/scratch/user/jmagnew/datasets/insects/Beetle/Beetle_373.jpg,Beetle,Pest
/scratch/user/jmagnew/datasets/insects/Beetle/Beetle_714.jpg,Beetle,Pest
/scratch/user/jmagnew/datasets/insects/Beetle/Beetle_881.jpg,Beetle,Pest
/scratch/user/jmagnew/datasets/insects/Beetle/Beetle_779.jpg,Beetle,Pest
/scratch/user/jmagnew/datasets/insects/Beetle/Beetle_323.jpg,Beetle,Pest
/scratch/user/jmagnew/datasets/insects/Beetle/Beetle_833.jpg,Beetle,Pest
/scratch/user/jmagnew/datasets/insects/Beetle/Beetle_324.jpg,Beetle,Pest
/scratch/user/jmagnew/datasets/insects/Beetle/Beetle_172.jpg,Beetle,Pest
/scratch/user/jmagnew/datasets/insects/Beetle/Beetle_247.jpg,Beetle,Pest
/scratch/user/jmagnew/datasets/insects/Beetle/Beetle_374.jpg,Beetle,Pest
/scratch/user/jmagnew/datasets/insects/Beetle/Beetle_83.jpg,Beetle,Pest
/scratch/user/jmagnew/datasets/insects/Beetle/Beetle_914.jpg,Beetle,Pest
/scratch/user/jmagnew/datasets/insects/Beetle/Beetle_858.jpg,Beetle,Pest
/scratch/user/jmagnew/datasets/insects/Beetle/Beetle_331.jpg,Beetle,Pest
/scratch/user/jmagnew/datasets/insects/Beetle/Beetle_661.jpg,Beetle,Pest
/scratch/user/jmagnew/datasets/insects/Beetle/Beetle_572.jpg,Beetle,Pest
/scratch/user/jmagnew/datasets/insects/Beetle/Beetle_763.jpg,Beetle,Pest
/scratch/user/jmagnew/datasets/insects/Beetle/Beetle_244.jpg,Beetle,Pest
/scratch/user/jmagnew/datasets/insects/Beetle/Beetle_343.jpg,Beetle,Pest
/scratch/user/jmagnew/datasets/insects/Beetle/Beetle_885.jpg,Beetle,Pest
/scratch/user/jmagnew/datasets/insects/Beetle/Beetle_121.jpg,Beetle,Pest
/scratch/user/jmagnew/datasets/insects/Beetle/Beetle_655.jpg,Beetle,Pest
/scratch/user/jmagnew/datasets/insects/Beetle/Beetle_922.jpg,Beetle,Pest
/scratch/user/jmagnew/datasets/insects/Beetle/Beetle_162.jpg,Beetle,Pest
/scratch/user/jmagnew/datasets/insects/Beetle/Beetle_252.jpg,Beetle,Pest
/scratch/user/jmagnew/datasets/insects/Beetle/Beetle_29.jpg,Beetle,Pest
/scratch/user/jmagnew/datasets/insects/Beetle/Beetle_693.jpg,Beetle,Pest
/scratch/user/jmagnew/datasets/insects/Beetle/Beetle_179.jpg,Beetle,Pest
/scratch/user/jmagnew/datasets/insects/Beetle/Beetle_480.jpg,Beetle,Pest
/scratch/user/jmagnew/datasets/insects/Beetle/Beetle_824.jpg,Beetle,Pest
/scratch/user/jmagnew/datasets/insects/Beetle/Beetle_564.jpg,Beetle,Pest
/scratch/user/jmagnew/datasets/insects/Beetle/Beetle_464.jpg,Beetle,Pest
/scratch/user/jmagnew/datasets/insects/Beetle/Beetle_928.jpg,Beetle,Pest
/scratch/user/jmagnew/datasets/insects/Beetle/Beetle_558.jpg,Beetle,Pest
/scratch/user/jmagnew/datasets/insects/Beetle/Beetle_814.jpg,Beetle,Pest
/scratch/user/jmagnew/datasets/insects/Beetle/Beetle_912.jpg,Beetle,Pest
/scratch/user/jmagnew/datasets/insects/Beetle/Beetle_847.jpg,Beetle,Pest
/scratch/user/jmagnew/datasets/insects/Beetle/Beetle_319.jpg,Beetle,Pest
/scratch/user/jmagnew/datasets/insects/Beetle/Beetle_560.jpg,Beetle,Pest
/scratch/user/jmagnew/datasets/insects/Beetle/Beetle_229.jpeg,Beetle,Pest
/scratch/user/jmagnew/datasets/insects/Beetle/Beetle_182.jpg,Beetle,Pest
/scratch/user/jmagnew/datasets/insects/Beetle/Beetle_848.jpg,Beetle,Pest
/scratch/user/jmagnew/datasets/insects/Beetle/Beetle_635.jpg,Beetle,Pest
/scratch/user/jmagnew/datasets/insects/Beetle/Beetle_724.jpg,Beetle,Pest
/scratch/user/jmagnew/datasets/insects/Beetle/Beetle_678.jpg,Beetle,Pest
/scratch/user/jmagnew/datasets/insects/Beetle/Beetle_820.jpg,Beetle,Pest
/scratch/user/jmagnew/datasets/insects/Beetle/Beetle_643.jpg,Beetle,Pest
/scratch/user/jmagnew/datasets/insects/Beetle/Beetle_647.jpg,Beetle,Pest
/scratch/user/jmagnew/datasets/insects/Beetle/Beetle_133.jpg,Beetle,Pest
/scratch/user/jmagnew/datasets/insects/Beetle/Beetle_321.jpg,Beetle,Pest
/scratch/user/jmagnew/datasets/insects/Beetle/Beetle_825.jpg,Beetle,Pest
/scratch/user/jmagnew/datasets/insects/Beetle/Beetle_534.jpg,Beetle,Pest
/scratch/user/jmagnew/datasets/insects/Beetle/Beetle_530.jpeg,Beetle,Pest
/scratch/user/jmagnew/datasets/insects/Beetle/Beetle_294.jpg,Beetle,Pest
/scratch/user/jmagnew/datasets/insects/Beetle/Beetle_536.jpg,Beetle,Pest
/scratch/user/jmagnew/datasets/insects/Beetle/Beetle_153.jpg,Beetle,Pest
/scratch/user/jmagnew/datasets/insects/Beetle/Beetle_320.jpg,Beetle,Pest
/scratch/user/jmagnew/datasets/insects/Beetle/Beetle_150.jpg,Beetle,Pest
/scratch/user/jmagnew/datasets/insects/Beetle/Beetle_523.jpg,Beetle,Pest
/scratch/user/jmagnew/datasets/insects/Beetle/Beetle_242.jpg,Beetle,Pest
/scratch/user/jmagnew/datasets/insects/Beetle/Beetle_649.jpg,Beetle,Pest
/scratch/user/jmagnew/datasets/insects/Beetle/Beetle_225.jpg,Beetle,Pest
/scratch/user/jmagnew/datasets/insects/Beetle/Beetle_694.jpg,Beetle,Pest
/scratch/user/jmagnew/datasets/insects/Beetle/Beetle_368.jpg,Beetle,Pest
/scratch/user/jmagnew/datasets/insects/Beetle/Beetle_106.jpg,Beetle,Pest
/scratch/user/jmagnew/datasets/insects/Beetle/Beetle_125.jpg,Beetle,Pest
/scratch/user/jmagnew/datasets/insects/Beetle/Beetle_267.jpg,Beetle,Pest
/scratch/user/jmagnew/datasets/insects/Beetle/Beetle_155.jpg,Beetle,Pest
/scratch/user/jmagnew/datasets/insects/Beetle/Beetle_154.jpg,Beetle,Pest
/scratch/user/jmagnew/datasets/insects/Beetle/Beetle_65.jpg,Beetle,Pest
/scratch/user/jmagnew/datasets/insects/Beetle/Beetle_730.jpg,Beetle,Pest
/scratch/user/jmagnew/datasets/insects/Beetle/Beetle_411.jpg,Beetle,Pest
/scratch/user/jmagnew/datasets/insects/Beetle/Beetle_212.jpg,Beetle,Pest
/scratch/user/jmagnew/datasets/insects/Beetle/Beetle_312.jpg,Beetle,Pest
/scratch/user/jmagnew/datasets/insects/Beetle/Beetle_304.jpg,Beetle,Pest
/scratch/user/jmagnew/datasets/insects/Beetle/Beetle_787.jpg,Beetle,Pest
/scratch/user/jmagnew/datasets/insects/Beetle/Beetle_883.jpg,Beetle,Pest
/scratch/user/jmagnew/datasets/insects/Beetle/Beetle_302.jpg,Beetle,Pest
/scratch/user/jmagnew/datasets/insects/Beetle/Beetle_685.jpg,Beetle,Pest
/scratch/user/jmagnew/datasets/insects/Beetle/Beetle_492.jpg,Beetle,Pest
/scratch/user/jmagnew/datasets/insects/Beetle/Beetle_310.jpg,Beetle,Pest
/scratch/user/jmagnew/datasets/insects/Beetle/Beetle_165.jpg,Beetle,Pest
/scratch/user/jmagnew/datasets/insects/Beetle/Beetle_55.jpg,Beetle,Pest
/scratch/user/jmagnew/datasets/insects/Beetle/Beetle_457.jpeg,Beetle,Pest
/scratch/user/jmagnew/datasets/insects/Beetle/Beetle_388.jpg,Beetle,Pest
/scratch/user/jmagnew/datasets/insects/Beetle/Beetle_535.jpg,Beetle,Pest
/scratch/user/jmagnew/datasets/insects/Beetle/Beetle_178.jpg,Beetle,Pest
/scratch/user/jmagnew/datasets/insects/Beetle/Beetle_141.jpg,Beetle,Pest
/scratch/user/jmagnew/datasets/insects/Beetle/Beetle_845.jpg,Beetle,Pest
/scratch/user/jmagnew/datasets/insects/Beetle/Beetle_397.jpg,Beetle,Pest
/scratch/user/jmagnew/datasets/insects/Beetle/Beetle_206.jpg,Beetle,Pest
/scratch/user/jmagnew/datasets/insects/Beetle/Beetle_856.jpg,Beetle,Pest
/scratch/user/jmagnew/datasets/insects/Beetle/Beetle_93.jpg,Beetle,Pest
/scratch/user/jmagnew/datasets/insects/Beetle/Beetle_628.jpg,Beetle,Pest
/scratch/user/jmagnew/datasets/insects/Beetle/Beetle_57.jpg,Beetle,Pest
/scratch/user/jmagnew/datasets/insects/Beetle/Beetle_593.jpg,Beetle,Pest
/scratch/user/jmagnew/datasets/insects/Beetle/Beetle_794.jpg,Beetle,Pest
/scratch/user/jmagnew/datasets/insects/Beetle/Beetle_551.jpg,Beetle,Pest
/scratch/user/jmagnew/datasets/insects/Beetle/Beetle_238.jpg,Beetle,Pest
/scratch/user/jmagnew/datasets/insects/Beetle/Beetle_201.jpg,Beetle,Pest
/scratch/user/jmagnew/datasets/insects/Beetle/Beetle_527.jpg,Beetle,Pest
/scratch/user/jmagnew/datasets/insects/Beetle/Beetle_298.jpg,Beetle,Pest
/scratch/user/jmagnew/datasets/insects/Beetle/Beetle_671.jpg,Beetle,Pest
/scratch/user/jmagnew/datasets/insects/Beetle/Beetle_207.jpg,Beetle,Pest
/scratch/user/jmagnew/datasets/insects/Beetle/Beetle_831.jpg,Beetle,Pest
/scratch/user/jmagnew/datasets/insects/Beetle/Beetle_747.jpg,Beetle,Pest
/scratch/user/jmagnew/datasets/insects/Beetle/Beetle_427.jpg,Beetle,Pest
/scratch/user/jmagnew/datasets/insects/Beetle/Beetle_400.jpg,Beetle,Pest
/scratch/user/jmagnew/datasets/insects/Beetle/Beetle_634.jpg,Beetle,Pest
/scratch/user/jmagnew/datasets/insects/Beetle/Beetle_192.png,Beetle,Pest
/scratch/user/jmagnew/datasets/insects/Beetle/Beetle_807.jpg,Beetle,Pest
/scratch/user/jmagnew/datasets/insects/Beetle/Beetle_129.jpg,Beetle,Pest
/scratch/user/jmagnew/datasets/insects/Beetle/Beetle_423.jpg,Beetle,Pest
/scratch/user/jmagnew/datasets/insects/Beetle/Beetle_114.jpg,Beetle,Pest
/scratch/user/jmagnew/datasets/insects/Beetle/Beetle_170.jpg,Beetle,Pest
/scratch/user/jmagnew/datasets/insects/Beetle/Beetle_224.jpg,Beetle,Pest
/scratch/user/jmagnew/datasets/insects/Beetle/Beetle_642.jpg,Beetle,Pest
/scratch/user/jmagnew/datasets/insects/Beetle/Beetle_636.jpg,Beetle,Pest
/scratch/user/jmagnew/datasets/insects/Beetle/Beetle_258.jpg,Beetle,Pest
/scratch/user/jmagnew/datasets/insects/Beetle/Beetle_778.jpg,Beetle,Pest
/scratch/user/jmagnew/datasets/insects/Beetle/Beetle_415.jpg,Beetle,Pest
/scratch/user/jmagnew/datasets/insects/Beetle/Beetle_186.jpg,Beetle,Pest
/scratch/user/jmagnew/datasets/insects/Beetle/Beetle_488.jpg,Beetle,Pest
/scratch/user/jmagnew/datasets/insects/Beetle/Beetle_218.jpg,Beetle,Pest
/scratch/user/jmagnew/datasets/insects/Beetle/Beetle_738.jpg,Beetle,Pest
/scratch/user/jmagnew/datasets/insects/Beetle/Beetle_228.jpg,Beetle,Pest
/scratch/user/jmagnew/datasets/insects/Beetle/Beetle_60.jpg,Beetle,Pest
/scratch/user/jmagnew/datasets/insects/Beetle/Beetle_627.jpg,Beetle,Pest
/scratch/user/jmagnew/datasets/insects/Beetle/Beetle_475.jpg,Beetle,Pest
/scratch/user/jmagnew/datasets/insects/Beetle/Beetle_721.jpg,Beetle,Pest
/scratch/user/jmagnew/datasets/insects/Beetle/Beetle_842.jpg,Beetle,Pest
/scratch/user/jmagnew/datasets/insects/Beetle/Beetle_333.jpg,Beetle,Pest
/scratch/user/jmagnew/datasets/insects/Beetle/Beetle_924.jpg,Beetle,Pest
/scratch/user/jmagnew/datasets/insects/Beetle/Beetle_737.jpg,Beetle,Pest
/scratch/user/jmagnew/datasets/insects/Beetle/Beetle_177.jpg,Beetle,Pest
/scratch/user/jmagnew/datasets/insects/Beetle/Beetle_518.jpg,Beetle,Pest
/scratch/user/jmagnew/datasets/insects/Beetle/Beetle_89.jpg,Beetle,Pest
/scratch/user/jmagnew/datasets/insects/Beetle/Beetle_241.jpg,Beetle,Pest
/scratch/user/jmagnew/datasets/insects/Beetle/Beetle_626.jpg,Beetle,Pest
/scratch/user/jmagnew/datasets/insects/Beetle/Beetle_351.jpg,Beetle,Pest
/scratch/user/jmagnew/datasets/insects/Beetle/Beetle_257.jpg,Beetle,Pest
/scratch/user/jmagnew/datasets/insects/Beetle/Beetle_28.jpg,Beetle,Pest
/scratch/user/jmagnew/datasets/insects/Beetle/Beetle_516.jpg,Beetle,Pest
/scratch/user/jmagnew/datasets/insects/Beetle/Beetle_251.jpg,Beetle,Pest
/scratch/user/jmagnew/datasets/insects/Beetle/Beetle_451.jpg,Beetle,Pest
/scratch/user/jmagnew/datasets/insects/Beetle/Beetle_804.jpg,Beetle,Pest
/scratch/user/jmagnew/datasets/insects/Beetle/Beetle_497.jpg,Beetle,Pest
/scratch/user/jmagnew/datasets/insects/Beetle/Beetle_505.jpeg,Beetle,Pest
/scratch/user/jmagnew/datasets/insects/Beetle/Beetle_473.jpg,Beetle,Pest
/scratch/user/jmagnew/datasets/insects/Beetle/Beetle_44.jpg,Beetle,Pest
/scratch/user/jmagnew/datasets/insects/Beetle/Beetle_532.jpeg,Beetle,Pest
/scratch/user/jmagnew/datasets/insects/Beetle/Beetle_854.jpg,Beetle,Pest
/scratch/user/jmagnew/datasets/insects/Beetle/Beetle_662.jpg,Beetle,Pest
/scratch/user/jmagnew/datasets/insects/Beetle/Beetle_435.jpg,Beetle,Pest
/scratch/user/jmagnew/datasets/insects/Beetle/Beetle_463.jpg,Beetle,Pest
/scratch/user/jmagnew/datasets/insects/Beetle/Beetle_173.jpg,Beetle,Pest
/scratch/user/jmagnew/datasets/insects/Beetle/Beetle_164.jpeg,Beetle,Pest
/scratch/user/jmagnew/datasets/insects/Beetle/Beetle_113.jpg,Beetle,Pest
/scratch/user/jmagnew/datasets/insects/Beetle/Beetle_56.jpg,Beetle,Pest
/scratch/user/jmagnew/datasets/insects/Beetle/Beetle_629.jpg,Beetle,Pest
/scratch/user/jmagnew/datasets/insects/Beetle/Beetle_692.jpg,Beetle,Pest
/scratch/user/jmagnew/datasets/insects/Beetle/Beetle_577.jpg,Beetle,Pest
/scratch/user/jmagnew/datasets/insects/Beetle/Beetle_830.jpg,Beetle,Pest
/scratch/user/jmagnew/datasets/insects/Beetle/Beetle_401.jpg,Beetle,Pest
/scratch/user/jmagnew/datasets/insects/Beetle/Beetle_680.jpg,Beetle,Pest
/scratch/user/jmagnew/datasets/insects/Beetle/Beetle_834.jpg,Beetle,Pest
/scratch/user/jmagnew/datasets/insects/Beetle/Beetle_682.jpg,Beetle,Pest
/scratch/user/jmagnew/datasets/insects/Beetle/Beetle_850.jpg,Beetle,Pest
/scratch/user/jmagnew/datasets/insects/Beetle/Beetle_264.jpg,Beetle,Pest
/scratch/user/jmagnew/datasets/insects/Beetle/Beetle_344.jpg,Beetle,Pest
/scratch/user/jmagnew/datasets/insects/Beetle/Beetle_193.jpg,Beetle,Pest
/scratch/user/jmagnew/datasets/insects/Beetle/Beetle_870.jpg,Beetle,Pest
/scratch/user/jmagnew/datasets/insects/Beetle/Beetle_308.jpg,Beetle,Pest
/scratch/user/jmagnew/datasets/insects/Beetle/Beetle_313.jpg,Beetle,Pest
/scratch/user/jmagnew/datasets/insects/Beetle/Beetle_676.jpg,Beetle,Pest
/scratch/user/jmagnew/datasets/insects/Beetle/Beetle_844.jpg,Beetle,Pest
/scratch/user/jmagnew/datasets/insects/Beetle/Beetle_139.jpg,Beetle,Pest
/scratch/user/jmagnew/datasets/insects/Beetle/Beetle_119.jpg,Beetle,Pest
/scratch/user/jmagnew/datasets/insects/Beetle/Beetle_498.jpeg,Beetle,Pest
/scratch/user/jmagnew/datasets/insects/Beetle/Beetle_630.jpg,Beetle,Pest
/scratch/user/jmagnew/datasets/insects/Beetle/Beetle_75.jpg,Beetle,Pest
/scratch/user/jmagnew/datasets/insects/Beetle/Beetle_701.jpg,Beetle,Pest
/scratch/user/jmagnew/datasets/insects/Beetle/Beetle_736.jpg,Beetle,Pest
/scratch/user/jmagnew/datasets/insects/Beetle/Beetle_789.jpg,Beetle,Pest
/scratch/user/jmagnew/datasets/insects/Beetle/Beetle_698.jpg,Beetle,Pest
/scratch/user/jmagnew/datasets/insects/Beetle/Beetle_670.jpg,Beetle,Pest
/scratch/user/jmagnew/datasets/insects/Beetle/Beetle_908.jpg,Beetle,Pest
/scratch/user/jmagnew/datasets/insects/Beetle/Beetle_674.jpg,Beetle,Pest
/scratch/user/jmagnew/datasets/insects/Beetle/Beetle_506.jpg,Beetle,Pest
/scratch/user/jmagnew/datasets/insects/Beetle/Beetle_598.jpg,Beetle,Pest
/scratch/user/jmagnew/datasets/insects/Beetle/Beetle_268.jpg,Beetle,Pest
/scratch/user/jmagnew/datasets/insects/Beetle/Beetle_85.jpg,Beetle,Pest
/scratch/user/jmagnew/datasets/insects/Beetle/Beetle_817.jpg,Beetle,Pest
/scratch/user/jmagnew/datasets/insects/Beetle/Beetle_860.png,Beetle,Pest
/scratch/user/jmagnew/datasets/insects/Beetle/Beetle_295.jpg,Beetle,Pest
/scratch/user/jmagnew/datasets/insects/Beetle/Beetle_772.jpg,Beetle,Pest
/scratch/user/jmagnew/datasets/insects/Beetle/Beetle_545.jpg,Beetle,Pest
/scratch/user/jmagnew/datasets/insects/Beetle/Beetle_84.jpg,Beetle,Pest
/scratch/user/jmagnew/datasets/insects/Beetle/Beetle_151.jpg,Beetle,Pest
/scratch/user/jmagnew/datasets/insects/Beetle/Beetle_591.jpg,Beetle,Pest
/scratch/user/jmagnew/datasets/insects/Beetle/Beetle_215.jpg,Beetle,Pest
/scratch/user/jmagnew/datasets/insects/Beetle/Beetle_195.jpg,Beetle,Pest
/scratch/user/jmagnew/datasets/insects/Beetle/Beetle_688.jpg,Beetle,Pest
/scratch/user/jmagnew/datasets/insects/Beetle/Beetle_363.jpg,Beetle,Pest
/scratch/user/jmagnew/datasets/insects/Beetle/Beetle_9.jpeg,Beetle,Pest
/scratch/user/jmagnew/datasets/insects/Beetle/Beetle_703.jpg,Beetle,Pest
/scratch/user/jmagnew/datasets/insects/Beetle/Beetle_293.jpg,Beetle,Pest
/scratch/user/jmagnew/datasets/insects/Beetle/Beetle_761.jpg,Beetle,Pest
/scratch/user/jmagnew/datasets/insects/Beetle/Beetle_481.jpg,Beetle,Pest
/scratch/user/jmagnew/datasets/insects/Beetle/Beetle_890.jpg,Beetle,Pest
/scratch/user/jmagnew/datasets/insects/Beetle/Beetle_768.jpg,Beetle,Pest
/scratch/user/jmagnew/datasets/insects/Beetle/Beetle_132.jpg,Beetle,Pest
/scratch/user/jmagnew/datasets/insects/Beetle/Beetle_432.jpg,Beetle,Pest
/scratch/user/jmagnew/datasets/insects/Beetle/Beetle_638.jpg,Beetle,Pest
/scratch/user/jmagnew/datasets/insects/Beetle/Beetle_584.jpg,Beetle,Pest
/scratch/user/jmagnew/datasets/insects/Beetle/Beetle_266.jpg,Beetle,Pest
/scratch/user/jmagnew/datasets/insects/Beetle/Beetle_221.jpg,Beetle,Pest
/scratch/user/jmagnew/datasets/insects/Beetle/Beetle_340.jpg,Beetle,Pest
/scratch/user/jmagnew/datasets/insects/Beetle/Beetle_338.jpg,Beetle,Pest
/scratch/user/jmagnew/datasets/insects/Beetle/Beetle_579.jpg,Beetle,Pest
/scratch/user/jmagnew/datasets/insects/Beetle/Beetle_99.jpg,Beetle,Pest
/scratch/user/jmagnew/datasets/insects/Beetle/Beetle_30.jpg,Beetle,Pest
/scratch/user/jmagnew/datasets/insects/Beetle/Beetle_880.jpg,Beetle,Pest
/scratch/user/jmagnew/datasets/insects/Beetle/Beetle_790.jpg,Beetle,Pest
/scratch/user/jmagnew/datasets/insects/Beetle/Beetle_450.jpg,Beetle,Pest
/scratch/user/jmagnew/datasets/insects/Beetle/Beetle_259.jpg,Beetle,Pest
/scratch/user/jmagnew/datasets/insects/Beetle/Beetle_377.jpg,Beetle,Pest
/scratch/user/jmagnew/datasets/insects/Beetle/Beetle_592.jpg,Beetle,Pest
/scratch/user/jmagnew/datasets/insects/Beetle/Beetle_760.jpg,Beetle,Pest
/scratch/user/jmagnew/datasets/insects/Beetle/Beetle_69.jpg,Beetle,Pest
/scratch/user/jmagnew/datasets/insects/Beetle/Beetle_612.jpg,Beetle,Pest
/scratch/user/jmagnew/datasets/insects/Beetle/Beetle_110.jpg,Beetle,Pest
/scratch/user/jmagnew/datasets/insects/Beetle/Beetle_104.jpg,Beetle,Pest
/scratch/user/jmagnew/datasets/insects/Beetle/Beetle_839.jpg,Beetle,Pest
/scratch/user/jmagnew/datasets/insects/Beetle/Beetle_673.jpg,Beetle,Pest
/scratch/user/jmagnew/datasets/insects/Beetle/Beetle_72.jpg,Beetle,Pest
/scratch/user/jmagnew/datasets/insects/Beetle/Beetle_396.jpg,Beetle,Pest
/scratch/user/jmagnew/datasets/insects/Beetle/Beetle_846.jpg,Beetle,Pest
/scratch/user/jmagnew/datasets/insects/Beetle/Beetle_137.jpg,Beetle,Pest
/scratch/user/jmagnew/datasets/insects/Beetle/Beetle_376.jpg,Beetle,Pest
/scratch/user/jmagnew/datasets/insects/Beetle/Beetle_197.jpg,Beetle,Pest
/scratch/user/jmagnew/datasets/insects/Beetle/Beetle_749.jpg,Beetle,Pest
/scratch/user/jmagnew/datasets/insects/Beetle/Beetle_859.jpg,Beetle,Pest
/scratch/user/jmagnew/datasets/insects/Beetle/Beetle_272.jpg,Beetle,Pest
/scratch/user/jmagnew/datasets/insects/Beetle/Beetle_574.jpg,Beetle,Pest
/scratch/user/jmagnew/datasets/insects/Beetle/Beetle_395.jpg,Beetle,Pest
/scratch/user/jmagnew/datasets/insects/Beetle/Beetle_849.jpg,Beetle,Pest
/scratch/user/jmagnew/datasets/insects/Beetle/Beetle_631.jpg,Beetle,Pest
/scratch/user/jmagnew/datasets/insects/Beetle/Beetle_898.jpg,Beetle,Pest
/scratch/user/jmagnew/datasets/insects/Beetle/Beetle_733.jpg,Beetle,Pest
/scratch/user/jmagnew/datasets/insects/Beetle/Beetle_720.jpg,Beetle,Pest
/scratch/user/jmagnew/datasets/insects/Beetle/Beetle_752.jpg,Beetle,Pest
/scratch/user/jmagnew/datasets/insects/Beetle/Beetle_711.jpg,Beetle,Pest
/scratch/user/jmagnew/datasets/insects/Beetle/Beetle_460.jpg,Beetle,Pest
/scratch/user/jmagnew/datasets/insects/Beetle/Beetle_223.jpg,Beetle,Pest
/scratch/user/jmagnew/datasets/insects/Beetle/Beetle_665.jpg,Beetle,Pest
/scratch/user/jmagnew/datasets/insects/Beetle/Beetle_455.jpg,Beetle,Pest
/scratch/user/jmagnew/datasets/insects/Beetle/Beetle_98.jpg,Beetle,Pest
/scratch/user/jmagnew/datasets/insects/Beetle/Beetle_381.jpg,Beetle,Pest
/scratch/user/jmagnew/datasets/insects/Beetle/Beetle_372.jpeg,Beetle,Pest
/scratch/user/jmagnew/datasets/insects/Beetle/Beetle_495.jpg,Beetle,Pest
/scratch/user/jmagnew/datasets/insects/Beetle/Beetle_511.jpg,Beetle,Pest
/scratch/user/jmagnew/datasets/insects/Beetle/Beetle_477.jpg,Beetle,Pest
/scratch/user/jmagnew/datasets/insects/Beetle/Beetle_13.jpg,Beetle,Pest
/scratch/user/jmagnew/datasets/insects/Beetle/Beetle_147.jpg,Beetle,Pest
/scratch/user/jmagnew/datasets/insects/Beetle/Beetle_604.jpg,Beetle,Pest
/scratch/user/jmagnew/datasets/insects/Beetle/Beetle_744.jpg,Beetle,Pest
/scratch/user/jmagnew/datasets/insects/Beetle/Beetle_487.jpg,Beetle,Pest
/scratch/user/jmagnew/datasets/insects/Beetle/Beetle_445.jpg,Beetle,Pest
/scratch/user/jmagnew/datasets/insects/Beetle/Beetle_444.jpg,Beetle,Pest
/scratch/user/jmagnew/datasets/insects/Beetle/Beetle_120.jpg,Beetle,Pest
/scratch/user/jmagnew/datasets/insects/Beetle/Beetle_31.jpg,Beetle,Pest
/scratch/user/jmagnew/datasets/insects/Beetle/Beetle_715.jpg,Beetle,Pest
/scratch/user/jmagnew/datasets/insects/Beetle/Beetle_41.jpg,Beetle,Pest
/scratch/user/jmagnew/datasets/insects/Beetle/Beetle_853.jpg,Beetle,Pest
/scratch/user/jmagnew/datasets/insects/Beetle/Beetle_729.jpg,Beetle,Pest
/scratch/user/jmagnew/datasets/insects/Beetle/Beetle_896.jpg,Beetle,Pest
/scratch/user/jmagnew/datasets/insects/Beetle/Beetle_375.jpg,Beetle,Pest
/scratch/user/jmagnew/datasets/insects/Beetle/Beetle_350.jpg,Beetle,Pest
/scratch/user/jmagnew/datasets/insects/Beetle/Beetle_528.jpg,Beetle,Pest
/scratch/user/jmagnew/datasets/insects/Beetle/Beetle_722.jpg,Beetle,Pest
/scratch/user/jmagnew/datasets/insects/Beetle/Beetle_776.jpg,Beetle,Pest
/scratch/user/jmagnew/datasets/insects/Beetle/Beetle_879.jpg,Beetle,Pest
/scratch/user/jmagnew/datasets/insects/Beetle/Beetle_529.jpg,Beetle,Pest
/scratch/user/jmagnew/datasets/insects/Beetle/Beetle_608.jpg,Beetle,Pest
/scratch/user/jmagnew/datasets/insects/Beetle/Beetle_543.jpg,Beetle,Pest
/scratch/user/jmagnew/datasets/insects/Beetle/Beetle_345.jpg,Beetle,Pest
/scratch/user/jmagnew/datasets/insects/Beetle/Beetle_903.jpg,Beetle,Pest
/scratch/user/jmagnew/datasets/insects/Beetle/Beetle_875.jpg,Beetle,Pest
/scratch/user/jmagnew/datasets/insects/Beetle/Beetle_422.jpg,Beetle,Pest
/scratch/user/jmagnew/datasets/insects/Beetle/Beetle_581.jpg,Beetle,Pest
/scratch/user/jmagnew/datasets/insects/Beetle/Beetle_100.jpg,Beetle,Pest
/scratch/user/jmagnew/datasets/insects/Beetle/Beetle_766.jpg,Beetle,Pest
/scratch/user/jmagnew/datasets/insects/Beetle/Beetle_393.jpg,Beetle,Pest
/scratch/user/jmagnew/datasets/insects/Beetle/Beetle_707.jpg,Beetle,Pest
/scratch/user/jmagnew/datasets/insects/Beetle/Beetle_601.jpg,Beetle,Pest
/scratch/user/jmagnew/datasets/insects/Beetle/Beetle_911.jpg,Beetle,Pest
/scratch/user/jmagnew/datasets/insects/Beetle/Beetle_126.jpg,Beetle,Pest
/scratch/user/jmagnew/datasets/insects/Beetle/Beetle_866.jpg,Beetle,Pest
/scratch/user/jmagnew/datasets/insects/Beetle/Beetle_274.png,Beetle,Pest
/scratch/user/jmagnew/datasets/insects/Beetle/Beetle_50.jpg,Beetle,Pest
/scratch/user/jmagnew/datasets/insects/Beetle/Beetle_359.jpg,Beetle,Pest
/scratch/user/jmagnew/datasets/insects/Beetle/Beetle_561.jpg,Beetle,Pest
/scratch/user/jmagnew/datasets/insects/Beetle/Beetle_650.jpg,Beetle,Pest
/scratch/user/jmagnew/datasets/insects/Beetle/Beetle_441.jpg,Beetle,Pest
/scratch/user/jmagnew/datasets/insects/Beetle/Beetle_275.jpg,Beetle,Pest
/scratch/user/jmagnew/datasets/insects/Beetle/Beetle_597.jpg,Beetle,Pest
/scratch/user/jmagnew/datasets/insects/Beetle/Beetle_361.jpg,Beetle,Pest
/scratch/user/jmagnew/datasets/insects/Beetle/Beetle_731.jpg,Beetle,Pest
/scratch/user/jmagnew/datasets/insects/Beetle/Beetle_367.jpg,Beetle,Pest
/scratch/user/jmagnew/datasets/insects/Beetle/Beetle_227.jpg,Beetle,Pest
/scratch/user/jmagnew/datasets/insects/Beetle/Beetle_617.jpg,Beetle,Pest
/scratch/user/jmagnew/datasets/insects/Beetle/Beetle_97.jpg,Beetle,Pest
/scratch/user/jmagnew/datasets/insects/Beetle/Beetle_12.jpg,Beetle,Pest
/scratch/user/jmagnew/datasets/insects/Beetle/Beetle_750.jpg,Beetle,Pest
/scratch/user/jmagnew/datasets/insects/Beetle/Beetle_582.jpg,Beetle,Pest
/scratch/user/jmagnew/datasets/insects/Beetle/Beetle_18.jpg,Beetle,Pest
/scratch/user/jmagnew/datasets/insects/Beetle/Beetle_623.jpg,Beetle,Pest
/scratch/user/jmagnew/datasets/insects/Beetle/Beetle_52.jpg,Beetle,Pest
/scratch/user/jmagnew/datasets/insects/Beetle/Beetle_926.jpg,Beetle,Pest
/scratch/user/jmagnew/datasets/insects/Beetle/Beetle_378.jpg,Beetle,Pest
/scratch/user/jmagnew/datasets/insects/Beetle/Beetle_667.jpg,Beetle,Pest
/scratch/user/jmagnew/datasets/insects/Beetle/Beetle_524.jpg,Beetle,Pest
/scratch/user/jmagnew/datasets/insects/Beetle/Beetle_167.jpg,Beetle,Pest
/scratch/user/jmagnew/datasets/insects/Beetle/Beetle_739.jpg,Beetle,Pest
/scratch/user/jmagnew/datasets/insects/Beetle/Beetle_326.jpg,Beetle,Pest
/scratch/user/jmagnew/datasets/insects/Beetle/Beetle_43.jpg,Beetle,Pest
/scratch/user/jmagnew/datasets/insects/Beetle/Beetle_872.jpg,Beetle,Pest
/scratch/user/jmagnew/datasets/insects/Beetle/Beetle_594.jpg,Beetle,Pest
/scratch/user/jmagnew/datasets/insects/Beetle/Beetle_452.jpg,Beetle,Pest
/scratch/user/jmagnew/datasets/insects/Beetle/Beetle_798.jpg,Beetle,Pest
/scratch/user/jmagnew/datasets/insects/Beetle/Beetle_382.jpg,Beetle,Pest
/scratch/user/jmagnew/datasets/insects/Beetle/Beetle_916.jpg,Beetle,Pest
/scratch/user/jmagnew/datasets/insects/Beetle/Beetle_852.jpg,Beetle,Pest
/scratch/user/jmagnew/datasets/insects/Beetle/Beetle_456.jpg,Beetle,Pest
/scratch/user/jmagnew/datasets/insects/Beetle/Beetle_611.jpg,Beetle,Pest
/scratch/user/jmagnew/datasets/insects/Beetle/Beetle_103.jpg,Beetle,Pest
/scratch/user/jmagnew/datasets/insects/Beetle/Beetle_716.jpg,Beetle,Pest
/scratch/user/jmagnew/datasets/insects/Beetle/Beetle_111.jpg,Beetle,Pest
/scratch/user/jmagnew/datasets/insects/Beetle/Beetle_645.jpg,Beetle,Pest
/scratch/user/jmagnew/datasets/insects/Beetle/Beetle_556.jpg,Beetle,Pest
/scratch/user/jmagnew/datasets/insects/Beetle/Beetle_590.jpg,Beetle,Pest
/scratch/user/jmagnew/datasets/insects/Beetle/Beetle_219.jpg,Beetle,Pest
/scratch/user/jmagnew/datasets/insects/Beetle/Beetle_684.jpg,Beetle,Pest
/scratch/user/jmagnew/datasets/insects/Beetle/Beetle_468.jpg,Beetle,Pest
/scratch/user/jmagnew/datasets/insects/Beetle/Beetle_589.jpg,Beetle,Pest
/scratch/user/jmagnew/datasets/insects/Beetle/Beetle_652.jpg,Beetle,Pest
/scratch/user/jmagnew/datasets/insects/Beetle/Beetle_428.jpg,Beetle,Pest
/scratch/user/jmagnew/datasets/insects/Beetle/Beetle_425.jpg,Beetle,Pest
/scratch/user/jmagnew/datasets/insects/Beetle/Beetle_300.jpg,Beetle,Pest
/scratch/user/jmagnew/datasets/insects/Beetle/Beetle_417.jpg,Beetle,Pest
/scratch/user/jmagnew/datasets/insects/Beetle/Beetle_499.jpg,Beetle,Pest
/scratch/user/jmagnew/datasets/insects/Beetle/Beetle_633.jpg,Beetle,Pest
/scratch/user/jmagnew/datasets/insects/Beetle/Beetle_101.jpg,Beetle,Pest
/scratch/user/jmagnew/datasets/insects/Beetle/Beetle_640.jpg,Beetle,Pest
/scratch/user/jmagnew/datasets/insects/Beetle/Beetle_431.jpg,Beetle,Pest
/scratch/user/jmagnew/datasets/insects/Beetle/Beetle_663.jpg,Beetle,Pest
/scratch/user/jmagnew/datasets/insects/Beetle/Beetle_430.jpg,Beetle,Pest
/scratch/user/jmagnew/datasets/insects/Beetle/Beetle_418.jpg,Beetle,Pest
/scratch/user/jmagnew/datasets/insects/Beetle/Beetle_521.jpg,Beetle,Pest
/scratch/user/jmagnew/datasets/insects/Beetle/Beetle_605.jpg,Beetle,Pest
/scratch/user/jmagnew/datasets/insects/Beetle/Beetle_138.jpg,Beetle,Pest
/scratch/user/jmagnew/datasets/insects/Beetle/Beetle_708.jpg,Beetle,Pest
/scratch/user/jmagnew/datasets/insects/Beetle/Beetle_68.jpg,Beetle,Pest
/scratch/user/jmagnew/datasets/insects/Beetle/Beetle_819.jpg,Beetle,Pest
/scratch/user/jmagnew/datasets/insects/Beetle/Beetle_263.jpg,Beetle,Pest
/scratch/user/jmagnew/datasets/insects/Beetle/Beetle_78.jpg,Beetle,Pest
/scratch/user/jmagnew/datasets/insects/Beetle/Beetle_339.jpg,Beetle,Pest
/scratch/user/jmagnew/datasets/insects/Beetle/Beetle_183.jpg,Beetle,Pest
/scratch/user/jmagnew/datasets/insects/Beetle/Beetle_565.jpg,Beetle,Pest
/scratch/user/jmagnew/datasets/insects/Beetle/Beetle_309.jpg,Beetle,Pest
/scratch/user/jmagnew/datasets/insects/Beetle/Beetle_108.jpg,Beetle,Pest
/scratch/user/jmagnew/datasets/insects/Beetle/Beetle_538.jpg,Beetle,Pest
/scratch/user/jmagnew/datasets/insects/Beetle/Beetle_403.jpg,Beetle,Pest
/scratch/user/jmagnew/datasets/insects/Beetle/Beetle_646.jpg,Beetle,Pest
/scratch/user/jmagnew/datasets/insects/Beetle/Beetle_531.jpg,Beetle,Pest
/scratch/user/jmagnew/datasets/insects/Beetle/Beetle_10.jpg,Beetle,Pest
/scratch/user/jmagnew/datasets/insects/Beetle/Beetle_66.jpg,Beetle,Pest
/scratch/user/jmagnew/datasets/insects/Beetle/Beetle_19.jpg,Beetle,Pest
/scratch/user/jmagnew/datasets/insects/Beetle/Beetle_256.jpg,Beetle,Pest
/scratch/user/jmagnew/datasets/insects/Beetle/Beetle_679.jpg,Beetle,Pest
/scratch/user/jmagnew/datasets/insects/Beetle/Beetle_5.jpg,Beetle,Pest
/scratch/user/jmagnew/datasets/insects/Beetle/Beetle_520.jpg,Beetle,Pest
/scratch/user/jmagnew/datasets/insects/Beetle/Beetle_410.jpg,Beetle,Pest
/scratch/user/jmagnew/datasets/insects/Beetle/Beetle_112.jpg,Beetle,Pest
/scratch/user/jmagnew/datasets/insects/Beetle/Beetle_379.jpg,Beetle,Pest
/scratch/user/jmagnew/datasets/insects/Beetle/Beetle_369.jpg,Beetle,Pest
/scratch/user/jmagnew/datasets/insects/Beetle/Beetle_354.jpg,Beetle,Pest
/scratch/user/jmagnew/datasets/insects/Beetle/Beetle_828.jpg,Beetle,Pest
/scratch/user/jmagnew/datasets/insects/Beetle/Beetle_389.jpg,Beetle,Pest
/scratch/user/jmagnew/datasets/insects/Beetle/Beetle_689.jpg,Beetle,Pest
/scratch/user/jmagnew/datasets/insects/Beetle/Beetle_510.jpg,Beetle,Pest
/scratch/user/jmagnew/datasets/insects/Beetle/Beetle_144.jpg,Beetle,Pest
/scratch/user/jmagnew/datasets/insects/Beetle/Beetle_175.jpeg,Beetle,Pest
/scratch/user/jmagnew/datasets/insects/Beetle/Beetle_919.jpg,Beetle,Pest
/scratch/user/jmagnew/datasets/insects/Beetle/Beetle_26.jpg,Beetle,Pest
/scratch/user/jmagnew/datasets/insects/Beetle/Beetle_136.jpg,Beetle,Pest
/scratch/user/jmagnew/datasets/insects/Beetle/Beetle_686.jpg,Beetle,Pest
/scratch/user/jmagnew/datasets/insects/Beetle/Beetle_371.jpg,Beetle,Pest
/scratch/user/jmagnew/datasets/insects/Beetle/Beetle_198.jpg,Beetle,Pest
/scratch/user/jmagnew/datasets/insects/Beetle/Beetle_316.jpg,Beetle,Pest
/scratch/user/jmagnew/datasets/insects/Beetle/Beetle_754.jpg,Beetle,Pest
/scratch/user/jmagnew/datasets/insects/Beetle/Beetle_171.jpg,Beetle,Pest
/scratch/user/jmagnew/datasets/insects/Beetle/Beetle_346.jpg,Beetle,Pest
/scratch/user/jmagnew/datasets/insects/Beetle/Beetle_606.jpg,Beetle,Pest
/scratch/user/jmagnew/datasets/insects/Beetle/Beetle_438.jpg,Beetle,Pest
/scratch/user/jmagnew/datasets/insects/Beetle/Beetle_311.jpg,Beetle,Pest
/scratch/user/jmagnew/datasets/insects/Beetle/Beetle_625.jpg,Beetle,Pest
/scratch/user/jmagnew/datasets/insects/Beetle/Beetle_893.jpg,Beetle,Pest
/scratch/user/jmagnew/datasets/insects/Beetle/Beetle_726.jpg,Beetle,Pest
/scratch/user/jmagnew/datasets/insects/Beetle/Beetle_659.jpg,Beetle,Pest
/scratch/user/jmagnew/datasets/insects/Beetle/Beetle_134.jpg,Beetle,Pest
/scratch/user/jmagnew/datasets/insects/Beetle/Beetle_888.jpg,Beetle,Pest
/scratch/user/jmagnew/datasets/insects/Beetle/Beetle_892.jpg,Beetle,Pest
/scratch/user/jmagnew/datasets/insects/Beetle/Beetle_548.jpg,Beetle,Pest
/scratch/user/jmagnew/datasets/insects/Beetle/Beetle_603.jpg,Beetle,Pest
/scratch/user/jmagnew/datasets/insects/Beetle/Beetle_87.jpg,Beetle,Pest
/scratch/user/jmagnew/datasets/insects/Beetle/Beetle_419.jpg,Beetle,Pest
/scratch/user/jmagnew/datasets/insects/Beetle/Beetle_821.jpg,Beetle,Pest
/scratch/user/jmagnew/datasets/insects/Beetle/Beetle_220.jpg,Beetle,Pest
/scratch/user/jmagnew/datasets/insects/Beetle/Beetle_180.jpg,Beetle,Pest
/scratch/user/jmagnew/datasets/insects/Beetle/Beetle_420.jpg,Beetle,Pest
/scratch/user/jmagnew/datasets/insects/Beetle/Beetle_115.jpg,Beetle,Pest
/scratch/user/jmagnew/datasets/insects/Beetle/Beetle_805.jpg,Beetle,Pest
/scratch/user/jmagnew/datasets/insects/Beetle/Beetle_124.jpg,Beetle,Pest
/scratch/user/jmagnew/datasets/insects/Beetle/Beetle_190.jpg,Beetle,Pest
/scratch/user/jmagnew/datasets/insects/Beetle/Beetle_808.jpg,Beetle,Pest
/scratch/user/jmagnew/datasets/insects/Beetle/Beetle_470.jpg,Beetle,Pest
/scratch/user/jmagnew/datasets/insects/Beetle/Beetle_347.jpg,Beetle,Pest
/scratch/user/jmagnew/datasets/insects/Beetle/Beetle_77.jpg,Beetle,Pest
/scratch/user/jmagnew/datasets/insects/Beetle/Beetle_204.jpg,Beetle,Pest
/scratch/user/jmagnew/datasets/insects/Beetle/Beetle_891.jpg,Beetle,Pest
/scratch/user/jmagnew/datasets/insects/Beetle/Beetle_157.jpg,Beetle,Pest
/scratch/user/jmagnew/datasets/insects/Beetle/Beetle_868.jpg,Beetle,Pest
/scratch/user/jmagnew/datasets/insects/Beetle/Beetle_202.jpg,Beetle,Pest
/scratch/user/jmagnew/datasets/insects/Beetle/Beetle_250.jpg,Beetle,Pest
/scratch/user/jmagnew/datasets/insects/Beetle/Beetle_596.jpg,Beetle,Pest
/scratch/user/jmagnew/datasets/insects/Beetle/Beetle_494.jpg,Beetle,Pest
/scratch/user/jmagnew/datasets/insects/Beetle/Beetle_3.jpg,Beetle,Pest
/scratch/user/jmagnew/datasets/insects/Beetle/Beetle_334.jpg,Beetle,Pest
/scratch/user/jmagnew/datasets/insects/Beetle/Beetle_35.jpg,Beetle,Pest
/scratch/user/jmagnew/datasets/insects/Beetle/Beetle_918.jpg,Beetle,Pest
/scratch/user/jmagnew/datasets/insects/Beetle/Beetle_239.jpg,Beetle,Pest
/scratch/user/jmagnew/datasets/insects/Beetle/Beetle_424.jpg,Beetle,Pest
/scratch/user/jmagnew/datasets/insects/Beetle/Beetle_806.jpg,Beetle,Pest
/scratch/user/jmagnew/datasets/insects/Beetle/Beetle_188.jpg,Beetle,Pest
/scratch/user/jmagnew/datasets/insects/Beetle/Beetle_546.jpg,Beetle,Pest
/scratch/user/jmagnew/datasets/insects/Beetle/Beetle_233.jpg,Beetle,Pest
/scratch/user/jmagnew/datasets/insects/Beetle/Beetle_329.jpg,Beetle,Pest
/scratch/user/jmagnew/datasets/insects/Beetle/Beetle_929.jpg,Beetle,Pest
/scratch/user/jmagnew/datasets/insects/Beetle/Beetle_925.jpg,Beetle,Pest
/scratch/user/jmagnew/datasets/insects/Beetle/Beetle_753.jpg,Beetle,Pest
/scratch/user/jmagnew/datasets/insects/Beetle/Beetle_67.jpg,Beetle,Pest
/scratch/user/jmagnew/datasets/insects/Beetle/Beetle_818.jpg,Beetle,Pest
/scratch/user/jmagnew/datasets/insects/Beetle/Beetle_62.jpg,Beetle,Pest
/scratch/user/jmagnew/datasets/insects/Beetle/Beetle_447.jpg,Beetle,Pest
/scratch/user/jmagnew/datasets/insects/Beetle/Beetle_142.jpg,Beetle,Pest
/scratch/user/jmagnew/datasets/insects/Beetle/Beetle_786.jpg,Beetle,Pest
/scratch/user/jmagnew/datasets/insects/Beetle/Beetle_305.jpg,Beetle,Pest
/scratch/user/jmagnew/datasets/insects/Beetle/Beetle_869.jpg,Beetle,Pest
/scratch/user/jmagnew/datasets/insects/Beetle/Beetle_82.jpg,Beetle,Pest
/scratch/user/jmagnew/datasets/insects/Beetle/Beetle_544.jpg,Beetle,Pest
/scratch/user/jmagnew/datasets/insects/Beetle/Beetle_402.jpg,Beetle,Pest
/scratch/user/jmagnew/datasets/insects/Beetle/Beetle_442.jpg,Beetle,Pest
/scratch/user/jmagnew/datasets/insects/Beetle/Beetle_54.jpg,Beetle,Pest
/scratch/user/jmagnew/datasets/insects/Beetle/Beetle_413.jpg,Beetle,Pest
/scratch/user/jmagnew/datasets/insects/Beetle/Beetle_621.jpg,Beetle,Pest
/scratch/user/jmagnew/datasets/insects/Beetle/Beetle_426.jpg,Beetle,Pest
/scratch/user/jmagnew/datasets/insects/Beetle/Beetle_63.jpg,Beetle,Pest
/scratch/user/jmagnew/datasets/insects/Beetle/Beetle_214.jpg,Beetle,Pest
/scratch/user/jmagnew/datasets/insects/Beetle/Beetle_718.jpg,Beetle,Pest
/scratch/user/jmagnew/datasets/insects/Beetle/Beetle_213.jpg,Beetle,Pest
/scratch/user/jmagnew/datasets/insects/Beetle/Beetle_815.jpg,Beetle,Pest
/scratch/user/jmagnew/datasets/insects/Beetle/Beetle_578.jpg,Beetle,Pest
/scratch/user/jmagnew/datasets/insects/Beetle/Beetle_725.jpg,Beetle,Pest
/scratch/user/jmagnew/datasets/insects/Beetle/Beetle_7.jpg,Beetle,Pest
/scratch/user/jmagnew/datasets/insects/Beetle/Beetle_512.jpg,Beetle,Pest
/scratch/user/jmagnew/datasets/insects/Beetle/Beetle_791.jpg,Beetle,Pest
/scratch/user/jmagnew/datasets/insects/Beetle/Beetle_547.jpeg,Beetle,Pest
/scratch/user/jmagnew/datasets/insects/Beetle/Beetle_902.jpg,Beetle,Pest
/scratch/user/jmagnew/datasets/insects/Beetle/Beetle_910.jpg,Beetle,Pest
/scratch/user/jmagnew/datasets/insects/Beetle/Beetle_838.jpg,Beetle,Pest
/scratch/user/jmagnew/datasets/insects/Beetle/Beetle_478.jpg,Beetle,Pest
/scratch/user/jmagnew/datasets/insects/Beetle/Beetle_51.jpg,Beetle,Pest
/scratch/user/jmagnew/datasets/insects/Beetle/Beetle_889.jpg,Beetle,Pest
/scratch/user/jmagnew/datasets/insects/Beetle/Beetle_440.jpg,Beetle,Pest
/scratch/user/jmagnew/datasets/insects/Beetle/Beetle_509.jpg,Beetle,Pest
/scratch/user/jmagnew/datasets/insects/Beetle/Beetle_788.jpg,Beetle,Pest
/scratch/user/jmagnew/datasets/insects/Beetle/Beetle_728.jpg,Beetle,Pest
/scratch/user/jmagnew/datasets/insects/Beetle/Beetle_433.jpg,Beetle,Pest
/scratch/user/jmagnew/datasets/insects/Beetle/Beetle_566.jpg,Beetle,Pest
/scratch/user/jmagnew/datasets/insects/Beetle/Beetle_783.jpg,Beetle,Pest
/scratch/user/jmagnew/datasets/insects/Beetle/Beetle_248.jpg,Beetle,Pest
/scratch/user/jmagnew/datasets/insects/Beetle/Beetle_618.jpg,Beetle,Pest
/scratch/user/jmagnew/datasets/insects/Beetle/Beetle_352.jpg,Beetle,Pest
/scratch/user/jmagnew/datasets/insects/Beetle/Beetle_205.jpg,Beetle,Pest
/scratch/user/jmagnew/datasets/insects/Beetle/Beetle_619.jpg,Beetle,Pest
/scratch/user/jmagnew/datasets/insects/Beetle/Beetle_583.jpg,Beetle,Pest
/scratch/user/jmagnew/datasets/insects/Beetle/Beetle_897.jpg,Beetle,Pest
/scratch/user/jmagnew/datasets/insects/Beetle/Beetle_270.jpeg,Beetle,Pest
/scratch/user/jmagnew/datasets/insects/Beetle/Beetle_614.jpg,Beetle,Pest
/scratch/user/jmagnew/datasets/insects/Beetle/Beetle_785.jpg,Beetle,Pest
/scratch/user/jmagnew/datasets/insects/Beetle/Beetle_861.jpg,Beetle,Pest
/scratch/user/jmagnew/datasets/insects/Beetle/Beetle_159.jpg,Beetle,Pest
/scratch/user/jmagnew/datasets/insects/Beetle/Beetle_269.jpg,Beetle,Pest
/scratch/user/jmagnew/datasets/insects/Beetle/Beetle_575.jpg,Beetle,Pest
/scratch/user/jmagnew/datasets/insects/Beetle/Beetle_448.jpeg,Beetle,Pest
/scratch/user/jmagnew/datasets/insects/Beetle/Beetle_812.jpg,Beetle,Pest
/scratch/user/jmagnew/datasets/insects/Beetle/Beetle_573.jpg,Beetle,Pest
/scratch/user/jmagnew/datasets/insects/Beetle/Beetle_740.jpg,Beetle,Pest
/scratch/user/jmagnew/datasets/insects/Beetle/Beetle_486.jpg,Beetle,Pest
/scratch/user/jmagnew/datasets/insects/Beetle/Beetle_254.jpg,Beetle,Pest
/scratch/user/jmagnew/datasets/insects/Beetle/Beetle_734.jpg,Beetle,Pest
/scratch/user/jmagnew/datasets/insects/Beetle/Beetle_489.png,Beetle,Pest
/scratch/user/jmagnew/datasets/insects/Beetle/Beetle_399.jpg,Beetle,Pest
/scratch/user/jmagnew/datasets/insects/Beetle/Beetle_467.jpg,Beetle,Pest
/scratch/user/jmagnew/datasets/insects/Beetle/Beetle_886.png,Beetle,Pest
/scratch/user/jmagnew/datasets/insects/Beetle/Beetle_479.jpg,Beetle,Pest
/scratch/user/jmagnew/datasets/insects/Beetle/Beetle_459.jpg,Beetle,Pest
/scratch/user/jmagnew/datasets/insects/Beetle/Beetle_526.jpg,Beetle,Pest
/scratch/user/jmagnew/datasets/insects/Beetle/Beetle_895.jpg,Beetle,Pest
/scratch/user/jmagnew/datasets/insects/Beetle/Beetle_328.jpg,Beetle,Pest
/scratch/user/jmagnew/datasets/insects/Beetle/Beetle_203.jpg,Beetle,Pest
/scratch/user/jmagnew/datasets/insects/Beetle/Beetle_406.jpg,Beetle,Pest
/scratch/user/jmagnew/datasets/insects/Beetle/Beetle_700.jpg,Beetle,Pest
/scratch/user/jmagnew/datasets/insects/Beetle/Beetle_64.jpg,Beetle,Pest
/scratch/user/jmagnew/datasets/insects/Beetle/Beetle_599.jpg,Beetle,Pest
/scratch/user/jmagnew/datasets/insects/Beetle/Beetle_816.jpg,Beetle,Pest
/scratch/user/jmagnew/datasets/insects/Beetle/Beetle_613.jpg,Beetle,Pest
/scratch/user/jmagnew/datasets/insects/Beetle/Beetle_552.jpg,Beetle,Pest
/scratch/user/jmagnew/datasets/insects/Beetle/Beetle_306.jpg,Beetle,Pest
/scratch/user/jmagnew/datasets/insects/Beetle/Beetle_784.jpg,Beetle,Pest
/scratch/user/jmagnew/datasets/insects/Beetle/Beetle_660.jpg,Beetle,Pest
/scratch/user/jmagnew/datasets/insects/Beetle/Beetle_767.jpg,Beetle,Pest
/scratch/user/jmagnew/datasets/insects/Beetle/Beetle_181.jpg,Beetle,Pest
/scratch/user/jmagnew/datasets/insects/Beetle/Beetle_14.jpg,Beetle,Pest
/scratch/user/jmagnew/datasets/insects/Beetle/Beetle_549.png,Beetle,Pest
/scratch/user/jmagnew/datasets/insects/Beetle/Beetle_758.jpg,Beetle,Pest
/scratch/user/jmagnew/datasets/insects/Beetle/Beetle_353.jpg,Beetle,Pest
/scratch/user/jmagnew/datasets/insects/Beetle/Beetle_658.jpg,Beetle,Pest
/scratch/user/jmagnew/datasets/insects/Beetle/Beetle_811.jpg,Beetle,Pest
/scratch/user/jmagnew/datasets/insects/Beetle/Beetle_461.jpg,Beetle,Pest
/scratch/user/jmagnew/datasets/insects/Beetle/Beetle_235.jpg,Beetle,Pest
/scratch/user/jmagnew/datasets/insects/Beetle/Beetle_232.jpg,Beetle,Pest
/scratch/user/jmagnew/datasets/insects/Beetle/Beetle_48.jpg,Beetle,Pest
/scratch/user/jmagnew/datasets/insects/Beetle/Beetle_587.jpg,Beetle,Pest
/scratch/user/jmagnew/datasets/insects/Beetle/Beetle_92.jpg,Beetle,Pest
/scratch/user/jmagnew/datasets/insects/Beetle/Beetle_664.jpg,Beetle,Pest
/scratch/user/jmagnew/datasets/insects/Beetle/Beetle_429.jpg,Beetle,Pest
/scratch/user/jmagnew/datasets/insects/Beetle/Beetle_387.jpg,Beetle,Pest
/scratch/user/jmagnew/datasets/insects/Beetle/Beetle_632.jpg,Beetle,Pest
/scratch/user/jmagnew/datasets/insects/Beetle/Beetle_641.jpg,Beetle,Pest
/scratch/user/jmagnew/datasets/insects/Beetle/Beetle_58.jpg,Beetle,Pest
/scratch/user/jmagnew/datasets/insects/Beetle/Beetle_341.jpg,Beetle,Pest
/scratch/user/jmagnew/datasets/insects/Beetle/Beetle_570.jpg,Beetle,Pest
/scratch/user/jmagnew/datasets/insects/Beetle/Beetle_59.jpg,Beetle,Pest
/scratch/user/jmagnew/datasets/insects/Beetle/Beetle_357.jpg,Beetle,Pest
/scratch/user/jmagnew/datasets/insects/Beetle/Beetle_370.jpg,Beetle,Pest
/scratch/user/jmagnew/datasets/insects/Beetle/Beetle_380.jpg,Beetle,Pest
/scratch/user/jmagnew/datasets/insects/Beetle/Beetle_33.jpg,Beetle,Pest
/scratch/user/jmagnew/datasets/insects/Beetle/Beetle_585.jpg,Beetle,Pest
/scratch/user/jmagnew/datasets/insects/Beetle/Beetle_519.jpg,Beetle,Pest
/scratch/user/jmagnew/datasets/insects/Beetle/Beetle_21.jpg,Beetle,Pest
/scratch/user/jmagnew/datasets/insects/Beetle/Beetle_777.jpg,Beetle,Pest
/scratch/user/jmagnew/datasets/insects/Beetle/Beetle_827.jpg,Beetle,Pest
/scratch/user/jmagnew/datasets/insects/Beetle/Beetle_152.jpeg,Beetle,Pest
/scratch/user/jmagnew/datasets/insects/Beetle/Beetle_73.jpg,Beetle,Pest
/scratch/user/jmagnew/datasets/insects/Beetle/Beetle_877.jpg,Beetle,Pest
/scratch/user/jmagnew/datasets/insects/Beetle/Beetle_414.jpg,Beetle,Pest
/scratch/user/jmagnew/datasets/insects/Beetle/Beetle_843.jpg,Beetle,Pest
/scratch/user/jmagnew/datasets/insects/Beetle/Beetle_894.jpg,Beetle,Pest
/scratch/user/jmagnew/datasets/insects/Beetle/Beetle_301.jpg,Beetle,Pest
/scratch/user/jmagnew/datasets/insects/Beetle/Beetle_746.jpg,Beetle,Pest
/scratch/user/jmagnew/datasets/insects/Beetle/Beetle_96.jpg,Beetle,Pest
/scratch/user/jmagnew/datasets/insects/Beetle/Beetle_930.jpg,Beetle,Pest
/scratch/user/jmagnew/datasets/insects/Beetle/Beetle_485.jpg,Beetle,Pest
/scratch/user/jmagnew/datasets/insects/Beetle/Beetle_904.jpg,Beetle,Pest
/scratch/user/jmagnew/datasets/insects/Beetle/Beetle_398.jpg,Beetle,Pest
/scratch/user/jmagnew/datasets/insects/Beetle/Beetle_706.jpg,Beetle,Pest
/scratch/user/jmagnew/datasets/insects/Beetle/Beetle_61.jpg,Beetle,Pest
/scratch/user/jmagnew/datasets/insects/Beetle/Beetle_209.jpg,Beetle,Pest
/scratch/user/jmagnew/datasets/insects/Beetle/Beetle_921.png,Beetle,Pest
/scratch/user/jmagnew/datasets/insects/Beetle/Beetle_437.jpg,Beetle,Pest
/scratch/user/jmagnew/datasets/insects/Beetle/Beetle_332.jpg,Beetle,Pest
/scratch/user/jmagnew/datasets/insects/Beetle/Beetle_166.jpg,Beetle,Pest
/scratch/user/jmagnew/datasets/insects/Beetle/Beetle_932.jpeg,Beetle,Pest
/scratch/user/jmagnew/datasets/insects/Beetle/Beetle_862.jpg,Beetle,Pest
/scratch/user/jmagnew/datasets/insects/Beetle/Beetle_773.jpg,Beetle,Pest
/scratch/user/jmagnew/datasets/insects/Beetle/Beetle_156.jpg,Beetle,Pest
/scratch/user/jmagnew/datasets/insects/Beetle/Beetle_15.jpg,Beetle,Pest
/scratch/user/jmagnew/datasets/insects/Beetle/Beetle_315.jpg,Beetle,Pest
/scratch/user/jmagnew/datasets/insects/Beetle/Beetle_723.jpg,Beetle,Pest
/scratch/user/jmagnew/datasets/insects/Beetle/Beetle_829.jpg,Beetle,Pest
/scratch/user/jmagnew/datasets/insects/Beetle/Beetle_800.jpg,Beetle,Pest
/scratch/user/jmagnew/datasets/insects/Beetle/Beetle_878.jpg,Beetle,Pest
/scratch/user/jmagnew/datasets/insects/Beetle/Beetle_37.jpg,Beetle,Pest
/scratch/user/jmagnew/datasets/insects/Beetle/Beetle_616.jpg,Beetle,Pest
/scratch/user/jmagnew/datasets/insects/Beetle/Beetle_70.jpg,Beetle,Pest
/scratch/user/jmagnew/datasets/insects/Beetle/Beetle_554.jpg,Beetle,Pest
/scratch/user/jmagnew/datasets/insects/Beetle/Beetle_199.jpg,Beetle,Pest
/scratch/user/jmagnew/datasets/insects/Beetle/Beetle_717.jpg,Beetle,Pest
/scratch/user/jmagnew/datasets/insects/Beetle/Beetle_16.jpg,Beetle,Pest
/scratch/user/jmagnew/datasets/insects/Beetle/Beetle_17.jpeg,Beetle,Pest
/scratch/user/jmagnew/datasets/insects/Beetle/Beetle_439.jpg,Beetle,Pest
/scratch/user/jmagnew/datasets/insects/Beetle/Beetle_644.jpg,Beetle,Pest
/scratch/user/jmagnew/datasets/insects/Beetle/Beetle_837.jpg,Beetle,Pest
/scratch/user/jmagnew/datasets/insects/Beetle/Beetle_176.jpeg,Beetle,Pest
/scratch/user/jmagnew/datasets/insects/Beetle/Beetle_327.jpg,Beetle,Pest
/scratch/user/jmagnew/datasets/insects/Beetle/Beetle_537.jpg,Beetle,Pest
/scratch/user/jmagnew/datasets/insects/Beetle/Beetle_80.jpg,Beetle,Pest
/scratch/user/jmagnew/datasets/insects/Beetle/Beetle_745.jpg,Beetle,Pest
/scratch/user/jmagnew/datasets/insects/Beetle/Beetle_809.jpg,Beetle,Pest
/scratch/user/jmagnew/datasets/insects/Beetle/Beetle_95.jpg,Beetle,Pest
/scratch/user/jmagnew/datasets/insects/Beetle/Beetle_795.jpg,Beetle,Pest
/scratch/user/jmagnew/datasets/insects/Beetle/Beetle_123.jpg,Beetle,Pest
/scratch/user/jmagnew/datasets/insects/Beetle/Beetle_770.jpg,Beetle,Pest
/scratch/user/jmagnew/datasets/insects/Beetle/Beetle_6.jpg,Beetle,Pest
/scratch/user/jmagnew/datasets/insects/Beetle/Beetle_255.jpg,Beetle,Pest
/scratch/user/jmagnew/datasets/insects/Beetle/Beetle_127.jpg,Beetle,Pest
/scratch/user/jmagnew/datasets/insects/Beetle/Beetle_557.jpg,Beetle,Pest
/scratch/user/jmagnew/datasets/insects/Beetle/Beetle_801.jpg,Beetle,Pest
/scratch/user/jmagnew/datasets/insects/Beetle/Beetle_325.jpg,Beetle,Pest
/scratch/user/jmagnew/datasets/insects/Beetle/Beetle_391.jpg,Beetle,Pest
/scratch/user/jmagnew/datasets/insects/Beetle/Beetle_196.jpg,Beetle,Pest
/scratch/user/jmagnew/datasets/insects/Beetle/Beetle_2.jpg,Beetle,Pest
/scratch/user/jmagnew/datasets/insects/Beetle/Beetle_303.jpg,Beetle,Pest
/scratch/user/jmagnew/datasets/insects/Beetle/Beetle_253.jpeg,Beetle,Pest
/scratch/user/jmagnew/datasets/insects/Beetle/Beetle_32.jpg,Beetle,Pest
/scratch/user/jmagnew/datasets/insects/Beetle/Beetle_539.jpg,Beetle,Pest
/scratch/user/jmagnew/datasets/insects/Beetle/Beetle_586.jpg,Beetle,Pest
/scratch/user/jmagnew/datasets/insects/Beetle/Beetle_222.jpg,Beetle,Pest
/scratch/user/jmagnew/datasets/insects/Beetle/Beetle_609.jpg,Beetle,Pest
/scratch/user/jmagnew/datasets/insects/Beetle/Beetle_771.jpg,Beetle,Pest
/scratch/user/jmagnew/datasets/insects/Beetle/Beetle_501.jpg,Beetle,Pest
/scratch/user/jmagnew/datasets/insects/Beetle/Beetle_835.jpg,Beetle,Pest
/scratch/user/jmagnew/datasets/insects/Beetle/Beetle_39.jpg,Beetle,Pest
/scratch/user/jmagnew/datasets/insects/Beetle/Beetle_637.jpg,Beetle,Pest
/scratch/user/jmagnew/datasets/insects/Beetle/Beetle_600.jpg,Beetle,Pest
/scratch/user/jmagnew/datasets/insects/Beetle/Beetle_482.jpg,Beetle,Pest
/scratch/user/jmagnew/datasets/insects/Beetle/Beetle_841.jpg,Beetle,Pest
/scratch/user/jmagnew/datasets/insects/Beetle/Beetle_826.jpg,Beetle,Pest
/scratch/user/jmagnew/datasets/insects/Beetle/Beetle_122.jpg,Beetle,Pest
/scratch/user/jmagnew/datasets/insects/Beetle/Beetle_533.jpg,Beetle,Pest
/scratch/user/jmagnew/datasets/insects/Beetle/Beetle_719.jpg,Beetle,Pest
/scratch/user/jmagnew/datasets/insects/Beetle/Beetle_913.jpg,Beetle,Pest
/scratch/user/jmagnew/datasets/insects/Beetle/Beetle_884.jpg,Beetle,Pest
/scratch/user/jmagnew/datasets/insects/Beetle/Beetle_576.jpg,Beetle,Pest
/scratch/user/jmagnew/datasets/insects/Beetle/Beetle_348.jpg,Beetle,Pest
/scratch/user/jmagnew/datasets/insects/Beetle/Beetle_91.jpg,Beetle,Pest
/scratch/user/jmagnew/datasets/insects/Beetle/Beetle_184.jpg,Beetle,Pest
/scratch/user/jmagnew/datasets/insects/Beetle/Beetle_149.jpg,Beetle,Pest
/scratch/user/jmagnew/datasets/insects/Beetle/Beetle_797.jpg,Beetle,Pest
/scratch/user/jmagnew/datasets/insects/Beetle/Beetle_864.jpg,Beetle,Pest
/scratch/user/jmagnew/datasets/insects/Beetle/Beetle_832.jpg,Beetle,Pest
/scratch/user/jmagnew/datasets/insects/Beetle/Beetle_49.jpg,Beetle,Pest
/scratch/user/jmagnew/datasets/insects/Beetle/Beetle_927.jpg,Beetle,Pest
/scratch/user/jmagnew/datasets/insects/Beetle/Beetle_469.jpg,Beetle,Pest
/scratch/user/jmagnew/datasets/insects/Beetle/Beetle_705.jpg,Beetle,Pest
/scratch/user/jmagnew/datasets/insects/Beetle/Beetle_683.jpg,Beetle,Pest
/scratch/user/jmagnew/datasets/insects/Beetle/Beetle_762.jpg,Beetle,Pest
/scratch/user/jmagnew/datasets/insects/Beetle/Beetle_751.jpg,Beetle,Pest
/scratch/user/jmagnew/datasets/insects/Beetle/Beetle_322.jpg,Beetle,Pest
/scratch/user/jmagnew/datasets/insects/Beetle/Beetle_657.jpg,Beetle,Pest
/scratch/user/jmagnew/datasets/insects/Beetle/Beetle_392.jpg,Beetle,Pest
/scratch/user/jmagnew/datasets/insects/Beetle/Beetle_40.jpg,Beetle,Pest
/scratch/user/jmagnew/datasets/insects/Beetle/Beetle_237.jpg,Beetle,Pest
/scratch/user/jmagnew/datasets/insects/Beetle/Beetle_668.jpg,Beetle,Pest
/scratch/user/jmagnew/datasets/insects/Beetle/Beetle_249.jpg,Beetle,Pest
/scratch/user/jmagnew/datasets/insects/Beetle/Beetle_297.jpg,Beetle,Pest
/scratch/user/jmagnew/datasets/insects/Beetle/Beetle_871.jpg,Beetle,Pest
/scratch/user/jmagnew/datasets/insects/Beetle/Beetle_434.jpg,Beetle,Pest
/scratch/user/jmagnew/datasets/insects/Beetle/Beetle_390.jpg,Beetle,Pest
/scratch/user/jmagnew/datasets/insects/Beetle/Beetle_759.jpg,Beetle,Pest
/scratch/user/jmagnew/datasets/insects/Beetle/Beetle_421.jpg,Beetle,Pest
/scratch/user/jmagnew/datasets/insects/Beetle/Beetle_405.jpg,Beetle,Pest
/scratch/user/jmagnew/datasets/insects/Beetle/Beetle_471.jpg,Beetle,Pest
/scratch/user/jmagnew/datasets/insects/Beetle/Beetle_386.jpg,Beetle,Pest
/scratch/user/jmagnew/datasets/insects/Beetle/Beetle_20.jpg,Beetle,Pest
/scratch/user/jmagnew/datasets/insects/Beetle/Beetle_1.jpg,Beetle,Pest
/scratch/user/jmagnew/datasets/insects/Beetle/Beetle_504.jpg,Beetle,Pest
/scratch/user/jmagnew/datasets/insects/Beetle/Beetle_436.jpg,Beetle,Pest
/scratch/user/jmagnew/datasets/insects/Beetle/Beetle_691.jpg,Beetle,Pest
/scratch/user/jmagnew/datasets/insects/Beetle/Beetle_931.jpg,Beetle,Pest
/scratch/user/jmagnew/datasets/insects/Beetle/Beetle_131.jpg,Beetle,Pest
/scratch/user/jmagnew/datasets/insects/Beetle/Beetle_513.jpg,Beetle,Pest
/scratch/user/jmagnew/datasets/insects/Beetle/Beetle_493.jpg,Beetle,Pest
/scratch/user/jmagnew/datasets/insects/Beetle/Beetle_116.jpg,Beetle,Pest
/scratch/user/jmagnew/datasets/insects/Beetle/Beetle_855.jpg,Beetle,Pest
/scratch/user/jmagnew/datasets/insects/Beetle/Beetle_307.jpg,Beetle,Pest
/scratch/user/jmagnew/datasets/insects/Beetle/Beetle_86.jpg,Beetle,Pest
/scratch/user/jmagnew/datasets/insects/Beetle/Beetle_672.jpg,Beetle,Pest
/scratch/user/jmagnew/datasets/insects/Beetle/Beetle_607.jpg,Beetle,Pest
/scratch/user/jmagnew/datasets/insects/Beetle/Beetle_79.jpg,Beetle,Pest
/scratch/user/jmagnew/datasets/insects/Beetle/Beetle_362.jpg,Beetle,Pest
/scratch/user/jmagnew/datasets/insects/Beetle/Beetle_330.jpg,Beetle,Pest
/scratch/user/jmagnew/datasets/insects/Beetle/Beetle_656.jpg,Beetle,Pest
/scratch/user/jmagnew/datasets/insects/Beetle/Beetle_666.jpg,Beetle,Pest
/scratch/user/jmagnew/datasets/insects/Beetle/Beetle_764.jpg,Beetle,Pest
/scratch/user/jmagnew/datasets/insects/Beetle/Beetle_559.jpg,Beetle,Pest
/scratch/user/jmagnew/datasets/insects/Beetle/Beetle_404.jpg,Beetle,Pest
/scratch/user/jmagnew/datasets/insects/Beetle/Beetle_687.jpg,Beetle,Pest
/scratch/user/jmagnew/datasets/insects/Beetle/Beetle_143.jpg,Beetle,Pest
/scratch/user/jmagnew/datasets/insects/Beetle/Beetle_292.jpg,Beetle,Pest
/scratch/user/jmagnew/datasets/insects/Beetle/Beetle_873.jpg,Beetle,Pest
/scratch/user/jmagnew/datasets/insects/Beetle/Beetle_502.png,Beetle,Pest
/scratch/user/jmagnew/datasets/insects/Beetle/Beetle_553.jpg,Beetle,Pest
/scratch/user/jmagnew/datasets/insects/Beetle/Beetle_90.jpg,Beetle,Pest
/scratch/user/jmagnew/datasets/insects/Beetle/Beetle_765.jpg,Beetle,Pest
/scratch/user/jmagnew/datasets/insects/Beetle/Beetle_412.jpg,Beetle,Pest
/scratch/user/jmagnew/datasets/insects/Beetle/Beetle_466.jpg,Beetle,Pest
/scratch/user/jmagnew/datasets/insects/Butterfly/Butterfly_111.jpg,Butterfly,Pollinator
/scratch/user/jmagnew/datasets/insects/Butterfly/Butterfly_130.jpg,Butterfly,Pollinator
/scratch/user/jmagnew/datasets/insects/Butterfly/Butterfly_37.jpg,Butterfly,Pollinator
/scratch/user/jmagnew/datasets/insects/Butterfly/Butterfly_442.jpg,Butterfly,Pollinator
/scratch/user/jmagnew/datasets/insects/Butterfly/Butterfly_764.jpg,Butterfly,Pollinator
/scratch/user/jmagnew/datasets/insects/Butterfly/Butterfly_780.jpg,Butterfly,Pollinator
/scratch/user/jmagnew/datasets/insects/Butterfly/Butterfly_789.jpg,Butterfly,Pollinator
/scratch/user/jmagnew/datasets/insects/Butterfly/Butterfly_530.jpg,Butterfly,Pollinator
/scratch/user/jmagnew/datasets/insects/Butterfly/Butterfly_705.jpg,Butterfly,Pollinator
/scratch/user/jmagnew/datasets/insects/Butterfly/Butterfly_284.jpg,Butterfly,Pollinator
/scratch/user/jmagnew/datasets/insects/Butterfly/Butterfly_85.jpg,Butterfly,Pollinator
/scratch/user/jmagnew/datasets/insects/Butterfly/Butterfly_451.jpg,Butterfly,Pollinator
/scratch/user/jmagnew/datasets/insects/Butterfly/Butterfly_160.jpeg,Butterfly,Pollinator
/scratch/user/jmagnew/datasets/insects/Butterfly/Butterfly_691.jpg,Butterfly,Pollinator
/scratch/user/jmagnew/datasets/insects/Butterfly/Butterfly_175.jpg,Butterfly,Pollinator
/scratch/user/jmagnew/datasets/insects/Butterfly/Butterfly_51.jpg,Butterfly,Pollinator
/scratch/user/jmagnew/datasets/insects/Butterfly/Butterfly_272.jpg,Butterfly,Pollinator
/scratch/user/jmagnew/datasets/insects/Butterfly/Butterfly_548.jpg,Butterfly,Pollinator
/scratch/user/jmagnew/datasets/insects/Butterfly/Butterfly_632.jpg,Butterfly,Pollinator
/scratch/user/jmagnew/datasets/insects/Butterfly/Butterfly_64.jpg,Butterfly,Pollinator
/scratch/user/jmagnew/datasets/insects/Butterfly/Butterfly_319.jpg,Butterfly,Pollinator
/scratch/user/jmagnew/datasets/insects/Butterfly/Butterfly_492.jpg,Butterfly,Pollinator
/scratch/user/jmagnew/datasets/insects/Butterfly/Butterfly_478.jpg,Butterfly,Pollinator
/scratch/user/jmagnew/datasets/insects/Butterfly/Butterfly_3.jpg,Butterfly,Pollinator
/scratch/user/jmagnew/datasets/insects/Butterfly/Butterfly_582.jpg,Butterfly,Pollinator
/scratch/user/jmagnew/datasets/insects/Butterfly/Butterfly_255.jpg,Butterfly,Pollinator
/scratch/user/jmagnew/datasets/insects/Butterfly/Butterfly_32.jpg,Butterfly,Pollinator
/scratch/user/jmagnew/datasets/insects/Butterfly/Butterfly_18.jpg,Butterfly,Pollinator
/scratch/user/jmagnew/datasets/insects/Butterfly/Butterfly_671.jpg,Butterfly,Pollinator
/scratch/user/jmagnew/datasets/insects/Butterfly/Butterfly_322.jpg,Butterfly,Pollinator
/scratch/user/jmagnew/datasets/insects/Butterfly/Butterfly_56.jpg,Butterfly,Pollinator
/scratch/user/jmagnew/datasets/insects/Butterfly/Butterfly_659.jpg,Butterfly,Pollinator
/scratch/user/jmagnew/datasets/insects/Butterfly/Butterfly_376.jpg,Butterfly,Pollinator
/scratch/user/jmagnew/datasets/insects/Butterfly/Butterfly_597.jpg,Butterfly,Pollinator
/scratch/user/jmagnew/datasets/insects/Butterfly/Butterfly_607.jpg,Butterfly,Pollinator
/scratch/user/jmagnew/datasets/insects/Butterfly/Butterfly_715.jpg,Butterfly,Pollinator
/scratch/user/jmagnew/datasets/insects/Butterfly/Butterfly_136.jpeg,Butterfly,Pollinator
/scratch/user/jmagnew/datasets/insects/Butterfly/Butterfly_428.jpg,Butterfly,Pollinator
/scratch/user/jmagnew/datasets/insects/Butterfly/Butterfly_565.jpg,Butterfly,Pollinator
/scratch/user/jmagnew/datasets/insects/Butterfly/Butterfly_283.jpg,Butterfly,Pollinator
/scratch/user/jmagnew/datasets/insects/Butterfly/Butterfly_437.jpg,Butterfly,Pollinator
/scratch/user/jmagnew/datasets/insects/Butterfly/Butterfly_458.jpg,Butterfly,Pollinator
/scratch/user/jmagnew/datasets/insects/Butterfly/Butterfly_311.jpg,Butterfly,Pollinator
/scratch/user/jmagnew/datasets/insects/Butterfly/Butterfly_608.jpg,Butterfly,Pollinator
/scratch/user/jmagnew/datasets/insects/Butterfly/Butterfly_702.jpg,Butterfly,Pollinator
/scratch/user/jmagnew/datasets/insects/Butterfly/Butterfly_97.jpg,Butterfly,Pollinator
/scratch/user/jmagnew/datasets/insects/Butterfly/Butterfly_651.jpg,Butterfly,Pollinator
/scratch/user/jmagnew/datasets/insects/Butterfly/Butterfly_452.jpg,Butterfly,Pollinator
/scratch/user/jmagnew/datasets/insects/Butterfly/Butterfly_96.jpg,Butterfly,Pollinator
/scratch/user/jmagnew/datasets/insects/Butterfly/Butterfly_483.jpg,Butterfly,Pollinator
/scratch/user/jmagnew/datasets/insects/Butterfly/Butterfly_712.jpg,Butterfly,Pollinator
/scratch/user/jmagnew/datasets/insects/Butterfly/Butterfly_774.jpg,Butterfly,Pollinator
/scratch/user/jmagnew/datasets/insects/Butterfly/Butterfly_264.jpg,Butterfly,Pollinator
/scratch/user/jmagnew/datasets/insects/Butterfly/Butterfly_110.jpg,Butterfly,Pollinator
/scratch/user/jmagnew/datasets/insects/Butterfly/Butterfly_430.jpg,Butterfly,Pollinator
/scratch/user/jmagnew/datasets/insects/Butterfly/Butterfly_116.jpg,Butterfly,Pollinator
/scratch/user/jmagnew/datasets/insects/Butterfly/Butterfly_129.jpg,Butterfly,Pollinator
/scratch/user/jmagnew/datasets/insects/Butterfly/Butterfly_639.jpg,Butterfly,Pollinator
/scratch/user/jmagnew/datasets/insects/Butterfly/Butterfly_238.jpg,Butterfly,Pollinator
/scratch/user/jmagnew/datasets/insects/Butterfly/Butterfly_606.jpg,Butterfly,Pollinator
/scratch/user/jmagnew/datasets/insects/Butterfly/Butterfly_61.jpg,Butterfly,Pollinator
/scratch/user/jmagnew/datasets/insects/Butterfly/Butterfly_145.jpg,Butterfly,Pollinator
/scratch/user/jmagnew/datasets/insects/Butterfly/Butterfly_201.png,Butterfly,Pollinator
/scratch/user/jmagnew/datasets/insects/Butterfly/Butterfly_199.jpg,Butterfly,Pollinator
/scratch/user/jmagnew/datasets/insects/Butterfly/Butterfly_505.jpg,Butterfly,Pollinator
/scratch/user/jmagnew/datasets/insects/Butterfly/Butterfly_486.jpg,Butterfly,Pollinator
/scratch/user/jmagnew/datasets/insects/Butterfly/Butterfly_277.jpg,Butterfly,Pollinator
/scratch/user/jmagnew/datasets/insects/Butterfly/Butterfly_571.jpg,Butterfly,Pollinator
/scratch/user/jmagnew/datasets/insects/Butterfly/Butterfly_438.jpg,Butterfly,Pollinator
/scratch/user/jmagnew/datasets/insects/Butterfly/Butterfly_500.jpg,Butterfly,Pollinator
/scratch/user/jmagnew/datasets/insects/Butterfly/Butterfly_689.jpg,Butterfly,Pollinator
/scratch/user/jmagnew/datasets/insects/Butterfly/Butterfly_78.jpg,Butterfly,Pollinator
/scratch/user/jmagnew/datasets/insects/Butterfly/Butterfly_280.jpg,Butterfly,Pollinator
/scratch/user/jmagnew/datasets/insects/Butterfly/Butterfly_488.jpg,Butterfly,Pollinator
/scratch/user/jmagnew/datasets/insects/Butterfly/Butterfly_425.jpg,Butterfly,Pollinator
/scratch/user/jmagnew/datasets/insects/Butterfly/Butterfly_791.jpg,Butterfly,Pollinator
/scratch/user/jmagnew/datasets/insects/Butterfly/Butterfly_173.jpg,Butterfly,Pollinator
/scratch/user/jmagnew/datasets/insects/Butterfly/Butterfly_114.jpeg,Butterfly,Pollinator
/scratch/user/jmagnew/datasets/insects/Butterfly/Butterfly_562.jpg,Butterfly,Pollinator
/scratch/user/jmagnew/datasets/insects/Butterfly/Butterfly_783.jpg,Butterfly,Pollinator
/scratch/user/jmagnew/datasets/insects/Butterfly/Butterfly_13.jpg,Butterfly,Pollinator
/scratch/user/jmagnew/datasets/insects/Butterfly/Butterfly_124.jpg,Butterfly,Pollinator
/scratch/user/jmagnew/datasets/insects/Butterfly/Butterfly_638.jpg,Butterfly,Pollinator
/scratch/user/jmagnew/datasets/insects/Butterfly/Butterfly_29.jpg,Butterfly,Pollinator
/scratch/user/jmagnew/datasets/insects/Butterfly/Butterfly_193.jpg,Butterfly,Pollinator
/scratch/user/jmagnew/datasets/insects/Butterfly/Butterfly_760.jpg,Butterfly,Pollinator
/scratch/user/jmagnew/datasets/insects/Butterfly/Butterfly_218.jpg,Butterfly,Pollinator
/scratch/user/jmagnew/datasets/insects/Butterfly/Butterfly_183.jpg,Butterfly,Pollinator
/scratch/user/jmagnew/datasets/insects/Butterfly/Butterfly_408.jpg,Butterfly,Pollinator
/scratch/user/jmagnew/datasets/insects/Butterfly/Butterfly_281.jpg,Butterfly,Pollinator
/scratch/user/jmagnew/datasets/insects/Butterfly/Butterfly_410.jpg,Butterfly,Pollinator
/scratch/user/jmagnew/datasets/insects/Butterfly/Butterfly_746.jpg,Butterfly,Pollinator
/scratch/user/jmagnew/datasets/insects/Butterfly/Butterfly_539.jpg,Butterfly,Pollinator
/scratch/user/jmagnew/datasets/insects/Butterfly/Butterfly_360.jpg,Butterfly,Pollinator
/scratch/user/jmagnew/datasets/insects/Butterfly/Butterfly_23.jpg,Butterfly,Pollinator
/scratch/user/jmagnew/datasets/insects/Butterfly/Butterfly_447.jpg,Butterfly,Pollinator
/scratch/user/jmagnew/datasets/insects/Butterfly/Butterfly_353.jpg,Butterfly,Pollinator
/scratch/user/jmagnew/datasets/insects/Butterfly/Butterfly_543.jpg,Butterfly,Pollinator
/scratch/user/jmagnew/datasets/insects/Butterfly/Butterfly_409.jpg,Butterfly,Pollinator
/scratch/user/jmagnew/datasets/insects/Butterfly/Butterfly_766.jpg,Butterfly,Pollinator
/scratch/user/jmagnew/datasets/insects/Butterfly/Butterfly_566.jpg,Butterfly,Pollinator
/scratch/user/jmagnew/datasets/insects/Butterfly/Butterfly_95.jpg,Butterfly,Pollinator
/scratch/user/jmagnew/datasets/insects/Butterfly/Butterfly_71.png,Butterfly,Pollinator
/scratch/user/jmagnew/datasets/insects/Butterfly/Butterfly_271.jpg,Butterfly,Pollinator
/scratch/user/jmagnew/datasets/insects/Butterfly/Butterfly_120.jpg,Butterfly,Pollinator
/scratch/user/jmagnew/datasets/insects/Butterfly/Butterfly_781.jpg,Butterfly,Pollinator
/scratch/user/jmagnew/datasets/insects/Butterfly/Butterfly_641.jpg,Butterfly,Pollinator
/scratch/user/jmagnew/datasets/insects/Butterfly/Butterfly_134.jpg,Butterfly,Pollinator
/scratch/user/jmagnew/datasets/insects/Butterfly/Butterfly_248.jpg,Butterfly,Pollinator
/scratch/user/jmagnew/datasets/insects/Butterfly/Butterfly_331.jpg,Butterfly,Pollinator
/scratch/user/jmagnew/datasets/insects/Butterfly/Butterfly_453.jpg,Butterfly,Pollinator
/scratch/user/jmagnew/datasets/insects/Butterfly/Butterfly_414.jpg,Butterfly,Pollinator
/scratch/user/jmagnew/datasets/insects/Butterfly/Butterfly_109.jpg,Butterfly,Pollinator
/scratch/user/jmagnew/datasets/insects/Butterfly/Butterfly_5.jpg,Butterfly,Pollinator
/scratch/user/jmagnew/datasets/insects/Butterfly/Butterfly_561.jpg,Butterfly,Pollinator
/scratch/user/jmagnew/datasets/insects/Butterfly/Butterfly_357.jpg,Butterfly,Pollinator
/scratch/user/jmagnew/datasets/insects/Butterfly/Butterfly_753.jpeg,Butterfly,Pollinator
/scratch/user/jmagnew/datasets/insects/Butterfly/Butterfly_191.jpg,Butterfly,Pollinator
/scratch/user/jmagnew/datasets/insects/Butterfly/Butterfly_80.jpg,Butterfly,Pollinator
/scratch/user/jmagnew/datasets/insects/Butterfly/Butterfly_361.jpg,Butterfly,Pollinator
/scratch/user/jmagnew/datasets/insects/Butterfly/Butterfly_355.jpg,Butterfly,Pollinator
/scratch/user/jmagnew/datasets/insects/Butterfly/Butterfly_293.jpg,Butterfly,Pollinator
/scratch/user/jmagnew/datasets/insects/Butterfly/Butterfly_265.jpg,Butterfly,Pollinator
/scratch/user/jmagnew/datasets/insects/Butterfly/Butterfly_127.jpg,Butterfly,Pollinator
/scratch/user/jmagnew/datasets/insects/Butterfly/Butterfly_125.jpg,Butterfly,Pollinator
/scratch/user/jmagnew/datasets/insects/Butterfly/Butterfly_388.jpg,Butterfly,Pollinator
/scratch/user/jmagnew/datasets/insects/Butterfly/Butterfly_544.jpg,Butterfly,Pollinator
/scratch/user/jmagnew/datasets/insects/Butterfly/Butterfly_7.jpg,Butterfly,Pollinator
/scratch/user/jmagnew/datasets/insects/Butterfly/Butterfly_485.jpg,Butterfly,Pollinator
/scratch/user/jmagnew/datasets/insects/Butterfly/Butterfly_665.jpg,Butterfly,Pollinator
/scratch/user/jmagnew/datasets/insects/Butterfly/Butterfly_741.jpg,Butterfly,Pollinator
/scratch/user/jmagnew/datasets/insects/Butterfly/Butterfly_790.jpg,Butterfly,Pollinator
/scratch/user/jmagnew/datasets/insects/Butterfly/Butterfly_713.jpg,Butterfly,Pollinator
/scratch/user/jmagnew/datasets/insects/Butterfly/Butterfly_159.jpg,Butterfly,Pollinator
/scratch/user/jmagnew/datasets/insects/Butterfly/Butterfly_366.jpg,Butterfly,Pollinator
/scratch/user/jmagnew/datasets/insects/Butterfly/Butterfly_680.jpg,Butterfly,Pollinator
/scratch/user/jmagnew/datasets/insects/Butterfly/Butterfly_761.jpg,Butterfly,Pollinator
/scratch/user/jmagnew/datasets/insects/Butterfly/Butterfly_402.jpg,Butterfly,Pollinator
/scratch/user/jmagnew/datasets/insects/Butterfly/Butterfly_379.jpg,Butterfly,Pollinator
/scratch/user/jmagnew/datasets/insects/Butterfly/Butterfly_578.jpg,Butterfly,Pollinator
/scratch/user/jmagnew/datasets/insects/Butterfly/Butterfly_137.jpeg,Butterfly,Pollinator
/scratch/user/jmagnew/datasets/insects/Butterfly/Butterfly_721.jpg,Butterfly,Pollinator
/scratch/user/jmagnew/datasets/insects/Butterfly/Butterfly_466.jpg,Butterfly,Pollinator
/scratch/user/jmagnew/datasets/insects/Butterfly/Butterfly_77.jpg,Butterfly,Pollinator
/scratch/user/jmagnew/datasets/insects/Butterfly/Butterfly_418.jpg,Butterfly,Pollinator
/scratch/user/jmagnew/datasets/insects/Butterfly/Butterfly_158.jpg,Butterfly,Pollinator
/scratch/user/jmagnew/datasets/insects/Butterfly/Butterfly_663.jpg,Butterfly,Pollinator
/scratch/user/jmagnew/datasets/insects/Butterfly/Butterfly_694.jpg,Butterfly,Pollinator
/scratch/user/jmagnew/datasets/insects/Butterfly/Butterfly_314.jpg,Butterfly,Pollinator
/scratch/user/jmagnew/datasets/insects/Butterfly/Butterfly_296.jpg,Butterfly,Pollinator
/scratch/user/jmagnew/datasets/insects/Butterfly/Butterfly_699.jpg,Butterfly,Pollinator
/scratch/user/jmagnew/datasets/insects/Butterfly/Butterfly_759.jpg,Butterfly,Pollinator
/scratch/user/jmagnew/datasets/insects/Butterfly/Butterfly_782.jpg,Butterfly,Pollinator
/scratch/user/jmagnew/datasets/insects/Butterfly/Butterfly_685.jpg,Butterfly,Pollinator
/scratch/user/jmagnew/datasets/insects/Butterfly/Butterfly_227.jpg,Butterfly,Pollinator
/scratch/user/jmagnew/datasets/insects/Butterfly/Butterfly_731.jpg,Butterfly,Pollinator
/scratch/user/jmagnew/datasets/insects/Butterfly/Butterfly_19.jpg,Butterfly,Pollinator
/scratch/user/jmagnew/datasets/insects/Butterfly/Butterfly_391.jpg,Butterfly,Pollinator
/scratch/user/jmagnew/datasets/insects/Butterfly/Butterfly_743.jpg,Butterfly,Pollinator
/scratch/user/jmagnew/datasets/insects/Butterfly/Butterfly_464.jpg,Butterfly,Pollinator
/scratch/user/jmagnew/datasets/insects/Butterfly/Butterfly_592.jpg,Butterfly,Pollinator
/scratch/user/jmagnew/datasets/insects/Butterfly/Butterfly_84.jpg,Butterfly,Pollinator
/scratch/user/jmagnew/datasets/insects/Butterfly/Butterfly_777.jpeg,Butterfly,Pollinator
/scratch/user/jmagnew/datasets/insects/Butterfly/Butterfly_436.jpg,Butterfly,Pollinator
/scratch/user/jmagnew/datasets/insects/Butterfly/Butterfly_17.jpeg,Butterfly,Pollinator
/scratch/user/jmagnew/datasets/insects/Butterfly/Butterfly_724.jpg,Butterfly,Pollinator
/scratch/user/jmagnew/datasets/insects/Butterfly/Butterfly_471.jpg,Butterfly,Pollinator
/scratch/user/jmagnew/datasets/insects/Butterfly/Butterfly_729.jpg,Butterfly,Pollinator
/scratch/user/jmagnew/datasets/insects/Butterfly/Butterfly_152.jpg,Butterfly,Pollinator
/scratch/user/jmagnew/datasets/insects/Butterfly/Butterfly_673.jpg,Butterfly,Pollinator
/scratch/user/jmagnew/datasets/insects/Butterfly/Butterfly_260.jpg,Butterfly,Pollinator
/scratch/user/jmagnew/datasets/insects/Butterfly/Butterfly_513.jpg,Butterfly,Pollinator
/scratch/user/jmagnew/datasets/insects/Butterfly/Butterfly_38.jpg,Butterfly,Pollinator
/scratch/user/jmagnew/datasets/insects/Butterfly/Butterfly_674.jpg,Butterfly,Pollinator
/scratch/user/jmagnew/datasets/insects/Butterfly/Butterfly_49.jpg,Butterfly,Pollinator
/scratch/user/jmagnew/datasets/insects/Butterfly/Butterfly_369.jpg,Butterfly,Pollinator
/scratch/user/jmagnew/datasets/insects/Butterfly/Butterfly_153.png,Butterfly,Pollinator
/scratch/user/jmagnew/datasets/insects/Butterfly/Butterfly_700.jpg,Butterfly,Pollinator
/scratch/user/jmagnew/datasets/insects/Butterfly/Butterfly_540.jpg,Butterfly,Pollinator
/scratch/user/jmagnew/datasets/insects/Butterfly/Butterfly_426.jpg,Butterfly,Pollinator
/scratch/user/jmagnew/datasets/insects/Butterfly/Butterfly_76.jpg,Butterfly,Pollinator
/scratch/user/jmagnew/datasets/insects/Butterfly/Butterfly_221.jpeg,Butterfly,Pollinator
/scratch/user/jmagnew/datasets/insects/Butterfly/Butterfly_549.jpg,Butterfly,Pollinator
/scratch/user/jmagnew/datasets/insects/Butterfly/Butterfly_200.jpg,Butterfly,Pollinator
/scratch/user/jmagnew/datasets/insects/Butterfly/Butterfly_106.jpg,Butterfly,Pollinator
/scratch/user/jmagnew/datasets/insects/Butterfly/Butterfly_506.jpg,Butterfly,Pollinator
/scratch/user/jmagnew/datasets/insects/Butterfly/Butterfly_675.jpg,Butterfly,Pollinator
/scratch/user/jmagnew/datasets/insects/Butterfly/Butterfly_557.jpg,Butterfly,Pollinator
/scratch/user/jmagnew/datasets/insects/Butterfly/Butterfly_634.jpg,Butterfly,Pollinator
/scratch/user/jmagnew/datasets/insects/Butterfly/Butterfly_525.jpg,Butterfly,Pollinator
/scratch/user/jmagnew/datasets/insects/Butterfly/Butterfly_793.jpg,Butterfly,Pollinator
/scratch/user/jmagnew/datasets/insects/Butterfly/Butterfly_400.jpg,Butterfly,Pollinator
/scratch/user/jmagnew/datasets/insects/Butterfly/Butterfly_518.jpg,Butterfly,Pollinator
/scratch/user/jmagnew/datasets/insects/Butterfly/Butterfly_509.jpg,Butterfly,Pollinator
/scratch/user/jmagnew/datasets/insects/Butterfly/Butterfly_684.jpg,Butterfly,Pollinator
/scratch/user/jmagnew/datasets/insects/Butterfly/Butterfly_593.jpg,Butterfly,Pollinator
/scratch/user/jmagnew/datasets/insects/Butterfly/Butterfly_551.jpg,Butterfly,Pollinator
/scratch/user/jmagnew/datasets/insects/Butterfly/Butterfly_304.jpg,Butterfly,Pollinator
/scratch/user/jmagnew/datasets/insects/Butterfly/Butterfly_511.jpg,Butterfly,Pollinator
/scratch/user/jmagnew/datasets/insects/Butterfly/Butterfly_172.jpg,Butterfly,Pollinator
/scratch/user/jmagnew/datasets/insects/Butterfly/Butterfly_692.jpg,Butterfly,Pollinator
/scratch/user/jmagnew/datasets/insects/Butterfly/Butterfly_279.jpg,Butterfly,Pollinator
/scratch/user/jmagnew/datasets/insects/Butterfly/Butterfly_208.jpg,Butterfly,Pollinator
/scratch/user/jmagnew/datasets/insects/Butterfly/Butterfly_214.jpg,Butterfly,Pollinator
/scratch/user/jmagnew/datasets/insects/Butterfly/Butterfly_457.jpg,Butterfly,Pollinator
/scratch/user/jmagnew/datasets/insects/Butterfly/Butterfly_42.jpg,Butterfly,Pollinator
/scratch/user/jmagnew/datasets/insects/Butterfly/Butterfly_658.jpg,Butterfly,Pollinator
/scratch/user/jmagnew/datasets/insects/Butterfly/Butterfly_629.jpg,Butterfly,Pollinator
/scratch/user/jmagnew/datasets/insects/Butterfly/Butterfly_132.jpg,Butterfly,Pollinator
/scratch/user/jmagnew/datasets/insects/Butterfly/Butterfly_411.jpg,Butterfly,Pollinator
/scratch/user/jmagnew/datasets/insects/Butterfly/Butterfly_316.jpg,Butterfly,Pollinator
/scratch/user/jmagnew/datasets/insects/Butterfly/Butterfly_365.jpg,Butterfly,Pollinator
/scratch/user/jmagnew/datasets/insects/Butterfly/Butterfly_404.jpg,Butterfly,Pollinator
/scratch/user/jmagnew/datasets/insects/Butterfly/Butterfly_351.jpg,Butterfly,Pollinator
/scratch/user/jmagnew/datasets/insects/Butterfly/Butterfly_747.jpg,Butterfly,Pollinator
/scratch/user/jmagnew/datasets/insects/Butterfly/Butterfly_242.jpg,Butterfly,Pollinator
/scratch/user/jmagnew/datasets/insects/Butterfly/Butterfly_35.jpg,Butterfly,Pollinator
/scratch/user/jmagnew/datasets/insects/Butterfly/Butterfly_303.jpg,Butterfly,Pollinator
/scratch/user/jmagnew/datasets/insects/Butterfly/Butterfly_450.jpg,Butterfly,Pollinator
/scratch/user/jmagnew/datasets/insects/Butterfly/Butterfly_289.jpg,Butterfly,Pollinator
/scratch/user/jmagnew/datasets/insects/Butterfly/Butterfly_52.jpg,Butterfly,Pollinator
/scratch/user/jmagnew/datasets/insects/Butterfly/Butterfly_714.jpg,Butterfly,Pollinator
/scratch/user/jmagnew/datasets/insects/Butterfly/Butterfly_36.jpg,Butterfly,Pollinator
/scratch/user/jmagnew/datasets/insects/Butterfly/Butterfly_101.jpg,Butterfly,Pollinator
/scratch/user/jmagnew/datasets/insects/Butterfly/Butterfly_330.jpg,Butterfly,Pollinator
/scratch/user/jmagnew/datasets/insects/Butterfly/Butterfly_104.jpg,Butterfly,Pollinator
/scratch/user/jmagnew/datasets/insects/Butterfly/Butterfly_445.jpg,Butterfly,Pollinator
/scratch/user/jmagnew/datasets/insects/Butterfly/Butterfly_268.jpg,Butterfly,Pollinator
/scratch/user/jmagnew/datasets/insects/Butterfly/Butterfly_57.jpg,Butterfly,Pollinator
/scratch/user/jmagnew/datasets/insects/Butterfly/Butterfly_460.jpg,Butterfly,Pollinator
/scratch/user/jmagnew/datasets/insects/Butterfly/Butterfly_222.jpg,Butterfly,Pollinator
/scratch/user/jmagnew/datasets/insects/Butterfly/Butterfly_490.jpg,Butterfly,Pollinator
/scratch/user/jmagnew/datasets/insects/Butterfly/Butterfly_558.jpg,Butterfly,Pollinator
/scratch/user/jmagnew/datasets/insects/Butterfly/Butterfly_126.jpg,Butterfly,Pollinator
/scratch/user/jmagnew/datasets/insects/Butterfly/Butterfly_750.jpg,Butterfly,Pollinator
/scratch/user/jmagnew/datasets/insects/Butterfly/Butterfly_626.jpg,Butterfly,Pollinator
/scratch/user/jmagnew/datasets/insects/Butterfly/Butterfly_536.jpg,Butterfly,Pollinator
/scratch/user/jmagnew/datasets/insects/Butterfly/Butterfly_772.jpg,Butterfly,Pollinator
/scratch/user/jmagnew/datasets/insects/Butterfly/Butterfly_720.jpg,Butterfly,Pollinator
/scratch/user/jmagnew/datasets/insects/Butterfly/Butterfly_30.jpg,Butterfly,Pollinator
/scratch/user/jmagnew/datasets/insects/Butterfly/Butterfly_732.jpg,Butterfly,Pollinator
/scratch/user/jmagnew/datasets/insects/Butterfly/Butterfly_533.jpg,Butterfly,Pollinator
/scratch/user/jmagnew/datasets/insects/Butterfly/Butterfly_368.jpg,Butterfly,Pollinator
/scratch/user/jmagnew/datasets/insects/Butterfly/Butterfly_170.jpg,Butterfly,Pollinator
/scratch/user/jmagnew/datasets/insects/Butterfly/Butterfly_396.jpg,Butterfly,Pollinator
/scratch/user/jmagnew/datasets/insects/Butterfly/Butterfly_707.jpg,Butterfly,Pollinator
/scratch/user/jmagnew/datasets/insects/Butterfly/Butterfly_630.jpg,Butterfly,Pollinator
/scratch/user/jmagnew/datasets/insects/Butterfly/Butterfly_454.jpg,Butterfly,Pollinator
/scratch/user/jmagnew/datasets/insects/Butterfly/Butterfly_154.jpg,Butterfly,Pollinator
/scratch/user/jmagnew/datasets/insects/Butterfly/Butterfly_142.jpg,Butterfly,Pollinator
/scratch/user/jmagnew/datasets/insects/Butterfly/Butterfly_734.jpg,Butterfly,Pollinator
/scratch/user/jmagnew/datasets/insects/Butterfly/Butterfly_710.jpg,Butterfly,Pollinator
/scratch/user/jmagnew/datasets/insects/Butterfly/Butterfly_374.jpg,Butterfly,Pollinator
/scratch/user/jmagnew/datasets/insects/Butterfly/Butterfly_744.jpg,Butterfly,Pollinator
/scratch/user/jmagnew/datasets/insects/Butterfly/Butterfly_526.jpg,Butterfly,Pollinator
/scratch/user/jmagnew/datasets/insects/Butterfly/Butterfly_751.jpg,Butterfly,Pollinator
/scratch/user/jmagnew/datasets/insects/Butterfly/Butterfly_45.png,Butterfly,Pollinator
/scratch/user/jmagnew/datasets/insects/Butterfly/Butterfly_722.jpg,Butterfly,Pollinator
/scratch/user/jmagnew/datasets/insects/Butterfly/Butterfly_726.jpg,Butterfly,Pollinator
/scratch/user/jmagnew/datasets/insects/Butterfly/Butterfly_573.jpg,Butterfly,Pollinator
/scratch/user/jmagnew/datasets/insects/Butterfly/Butterfly_636.jpg,Butterfly,Pollinator
/scratch/user/jmagnew/datasets/insects/Butterfly/Butterfly_179.jpg,Butterfly,Pollinator
/scratch/user/jmagnew/datasets/insects/Butterfly/Butterfly_679.jpg,Butterfly,Pollinator
/scratch/user/jmagnew/datasets/insects/Butterfly/Butterfly_378.jpg,Butterfly,Pollinator
/scratch/user/jmagnew/datasets/insects/Butterfly/Butterfly_661.jpg,Butterfly,Pollinator
/scratch/user/jmagnew/datasets/insects/Butterfly/Butterfly_58.jpg,Butterfly,Pollinator
/scratch/user/jmagnew/datasets/insects/Butterfly/Butterfly_517.jpg,Butterfly,Pollinator
/scratch/user/jmagnew/datasets/insects/Butterfly/Butterfly_288.jpg,Butterfly,Pollinator
/scratch/user/jmagnew/datasets/insects/Butterfly/Butterfly_239.jpg,Butterfly,Pollinator
/scratch/user/jmagnew/datasets/insects/Butterfly/Butterfly_155.jpg,Butterfly,Pollinator
/scratch/user/jmagnew/datasets/insects/Butterfly/Butterfly_329.jpg,Butterfly,Pollinator
/scratch/user/jmagnew/datasets/insects/Butterfly/Butterfly_537.jpg,Butterfly,Pollinator
/scratch/user/jmagnew/datasets/insects/Butterfly/Butterfly_259.jpg,Butterfly,Pollinator
/scratch/user/jmagnew/datasets/insects/Butterfly/Butterfly_349.jpg,Butterfly,Pollinator
/scratch/user/jmagnew/datasets/insects/Butterfly/Butterfly_523.jpg,Butterfly,Pollinator
/scratch/user/jmagnew/datasets/insects/Butterfly/Butterfly_637.jpg,Butterfly,Pollinator
/scratch/user/jmagnew/datasets/insects/Butterfly/Butterfly_257.jpg,Butterfly,Pollinator
/scratch/user/jmagnew/datasets/insects/Butterfly/Butterfly_776.jpg,Butterfly,Pollinator
/scratch/user/jmagnew/datasets/insects/Butterfly/Butterfly_204.jpg,Butterfly,Pollinator
/scratch/user/jmagnew/datasets/insects/Butterfly/Butterfly_736.jpg,Butterfly,Pollinator
/scratch/user/jmagnew/datasets/insects/Butterfly/Butterfly_444.jpg,Butterfly,Pollinator
/scratch/user/jmagnew/datasets/insects/Butterfly/Butterfly_480.jpg,Butterfly,Pollinator
/scratch/user/jmagnew/datasets/insects/Butterfly/Butterfly_184.jpg,Butterfly,Pollinator
/scratch/user/jmagnew/datasets/insects/Butterfly/Butterfly_708.jpg,Butterfly,Pollinator
/scratch/user/jmagnew/datasets/insects/Butterfly/Butterfly_60.jpg,Butterfly,Pollinator
/scratch/user/jmagnew/datasets/insects/Butterfly/Butterfly_178.jpg,Butterfly,Pollinator
/scratch/user/jmagnew/datasets/insects/Butterfly/Butterfly_237.jpg,Butterfly,Pollinator
/scratch/user/jmagnew/datasets/insects/Butterfly/Butterfly_462.jpg,Butterfly,Pollinator
/scratch/user/jmagnew/datasets/insects/Butterfly/Butterfly_495.jpg,Butterfly,Pollinator
/scratch/user/jmagnew/datasets/insects/Butterfly/Butterfly_176.jpg,Butterfly,Pollinator
/scratch/user/jmagnew/datasets/insects/Butterfly/Butterfly_147.jpg,Butterfly,Pollinator
/scratch/user/jmagnew/datasets/insects/Butterfly/Butterfly_273.jpg,Butterfly,Pollinator
/scratch/user/jmagnew/datasets/insects/Butterfly/Butterfly_477.jpg,Butterfly,Pollinator
/scratch/user/jmagnew/datasets/insects/Butterfly/Butterfly_449.jpg,Butterfly,Pollinator
/scratch/user/jmagnew/datasets/insects/Butterfly/Butterfly_370.jpg,Butterfly,Pollinator
/scratch/user/jmagnew/datasets/insects/Butterfly/Butterfly_440.jpg,Butterfly,Pollinator
/scratch/user/jmagnew/datasets/insects/Butterfly/Butterfly_336.jpg,Butterfly,Pollinator
/scratch/user/jmagnew/datasets/insects/Butterfly/Butterfly_323.jpg,Butterfly,Pollinator
/scratch/user/jmagnew/datasets/insects/Butterfly/Butterfly_298.jpg,Butterfly,Pollinator
/scratch/user/jmagnew/datasets/insects/Butterfly/Butterfly_521.jpg,Butterfly,Pollinator
/scratch/user/jmagnew/datasets/insects/Butterfly/Butterfly_654.jpg,Butterfly,Pollinator
/scratch/user/jmagnew/datasets/insects/Butterfly/Butterfly_508.jpg,Butterfly,Pollinator
/scratch/user/jmagnew/datasets/insects/Butterfly/Butterfly_467.jpg,Butterfly,Pollinator
/scratch/user/jmagnew/datasets/insects/Butterfly/Butterfly_687.jpg,Butterfly,Pollinator
/scratch/user/jmagnew/datasets/insects/Butterfly/Butterfly_220.jpg,Butterfly,Pollinator
/scratch/user/jmagnew/datasets/insects/Butterfly/Butterfly_735.jpg,Butterfly,Pollinator
/scratch/user/jmagnew/datasets/insects/Butterfly/Butterfly_210.jpg,Butterfly,Pollinator
/scratch/user/jmagnew/datasets/insects/Butterfly/Butterfly_16.jpg,Butterfly,Pollinator
/scratch/user/jmagnew/datasets/insects/Butterfly/Butterfly_321.jpg,Butterfly,Pollinator
/scratch/user/jmagnew/datasets/insects/Butterfly/Butterfly_387.jpg,Butterfly,Pollinator
/scratch/user/jmagnew/datasets/insects/Butterfly/Butterfly_270.jpg,Butterfly,Pollinator
/scratch/user/jmagnew/datasets/insects/Butterfly/Butterfly_616.jpg,Butterfly,Pollinator
/scratch/user/jmagnew/datasets/insects/Butterfly/Butterfly_327.jpg,Butterfly,Pollinator
/scratch/user/jmagnew/datasets/insects/Butterfly/Butterfly_591.jpg,Butterfly,Pollinator
/scratch/user/jmagnew/datasets/insects/Butterfly/Butterfly_228.jpg,Butterfly,Pollinator
/scratch/user/jmagnew/datasets/insects/Butterfly/Butterfly_266.jpg,Butterfly,Pollinator
/scratch/user/jmagnew/datasets/insects/Butterfly/Butterfly_443.jpg,Butterfly,Pollinator
/scratch/user/jmagnew/datasets/insects/Butterfly/Butterfly_358.jpg,Butterfly,Pollinator
/scratch/user/jmagnew/datasets/insects/Butterfly/Butterfly_343.jpg,Butterfly,Pollinator
/scratch/user/jmagnew/datasets/insects/Butterfly/Butterfly_583.jpg,Butterfly,Pollinator
/scratch/user/jmagnew/datasets/insects/Butterfly/Butterfly_628.jpg,Butterfly,Pollinator
/scratch/user/jmagnew/datasets/insects/Butterfly/Butterfly_688.jpg,Butterfly,Pollinator
/scratch/user/jmagnew/datasets/insects/Butterfly/Butterfly_364.jpg,Butterfly,Pollinator
/scratch/user/jmagnew/datasets/insects/Butterfly/Butterfly_683.jpg,Butterfly,Pollinator
/scratch/user/jmagnew/datasets/insects/Butterfly/Butterfly_709.jpg,Butterfly,Pollinator
/scratch/user/jmagnew/datasets/insects/Butterfly/Butterfly_70.jpg,Butterfly,Pollinator
/scratch/user/jmagnew/datasets/insects/Butterfly/Butterfly_499.jpg,Butterfly,Pollinator
/scratch/user/jmagnew/datasets/insects/Butterfly/Butterfly_580.jpg,Butterfly,Pollinator
/scratch/user/jmagnew/datasets/insects/Butterfly/Butterfly_590.jpg,Butterfly,Pollinator
/scratch/user/jmagnew/datasets/insects/Butterfly/Butterfly_48.jpg,Butterfly,Pollinator
/scratch/user/jmagnew/datasets/insects/Butterfly/Butterfly_605.jpg,Butterfly,Pollinator
/scratch/user/jmagnew/datasets/insects/Butterfly/Butterfly_107.jpg,Butterfly,Pollinator
/scratch/user/jmagnew/datasets/insects/Butterfly/Butterfly_397.jpg,Butterfly,Pollinator
/scratch/user/jmagnew/datasets/insects/Butterfly/Butterfly_588.jpg,Butterfly,Pollinator
/scratch/user/jmagnew/datasets/insects/Butterfly/Butterfly_581.jpg,Butterfly,Pollinator
/scratch/user/jmagnew/datasets/insects/Butterfly/Butterfly_704.jpg,Butterfly,Pollinator
/scratch/user/jmagnew/datasets/insects/Butterfly/Butterfly_754.jpeg,Butterfly,Pollinator
/scratch/user/jmagnew/datasets/insects/Butterfly/Butterfly_762.jpg,Butterfly,Pollinator
/scratch/user/jmagnew/datasets/insects/Butterfly/Butterfly_711.jpg,Butterfly,Pollinator
/scratch/user/jmagnew/datasets/insects/Butterfly/Butterfly_656.jpg,Butterfly,Pollinator
/scratch/user/jmagnew/datasets/insects/Butterfly/Butterfly_522.jpg,Butterfly,Pollinator
/scratch/user/jmagnew/datasets/insects/Butterfly/Butterfly_345.jpg,Butterfly,Pollinator
/scratch/user/jmagnew/datasets/insects/Butterfly/Butterfly_765.jpg,Butterfly,Pollinator
/scratch/user/jmagnew/datasets/insects/Butterfly/Butterfly_146.jpeg,Butterfly,Pollinator
/scratch/user/jmagnew/datasets/insects/Butterfly/Butterfly_75.jpg,Butterfly,Pollinator
/scratch/user/jmagnew/datasets/insects/Butterfly/Butterfly_779.jpg,Butterfly,Pollinator
/scratch/user/jmagnew/datasets/insects/Butterfly/Butterfly_165.jpg,Butterfly,Pollinator
/scratch/user/jmagnew/datasets/insects/Butterfly/Butterfly_161.jpg,Butterfly,Pollinator
/scratch/user/jmagnew/datasets/insects/Butterfly/Butterfly_603.jpg,Butterfly,Pollinator
/scratch/user/jmagnew/datasets/insects/Butterfly/Butterfly_324.jpg,Butterfly,Pollinator
/scratch/user/jmagnew/datasets/insects/Butterfly/Butterfly_531.jpg,Butterfly,Pollinator
/scratch/user/jmagnew/datasets/insects/Butterfly/Butterfly_755.jpg,Butterfly,Pollinator
/scratch/user/jmagnew/datasets/insects/Butterfly/Butterfly_389.jpg,Butterfly,Pollinator
/scratch/user/jmagnew/datasets/insects/Butterfly/Butterfly_138.jpg,Butterfly,Pollinator
/scratch/user/jmagnew/datasets/insects/Butterfly/Butterfly_371.jpg,Butterfly,Pollinator
/scratch/user/jmagnew/datasets/insects/Butterfly/Butterfly_666.jpg,Butterfly,Pollinator
/scratch/user/jmagnew/datasets/insects/Butterfly/Butterfly_463.jpg,Butterfly,Pollinator
/scratch/user/jmagnew/datasets/insects/Butterfly/Butterfly_11.jpg,Butterfly,Pollinator
/scratch/user/jmagnew/datasets/insects/Butterfly/Butterfly_246.jpg,Butterfly,Pollinator
/scratch/user/jmagnew/datasets/insects/Butterfly/Butterfly_555.jpg,Butterfly,Pollinator
/scratch/user/jmagnew/datasets/insects/Butterfly/Butterfly_619.jpg,Butterfly,Pollinator
/scratch/user/jmagnew/datasets/insects/Butterfly/Butterfly_482.jpg,Butterfly,Pollinator
/scratch/user/jmagnew/datasets/insects/Butterfly/Butterfly_189.jpg,Butterfly,Pollinator
/scratch/user/jmagnew/datasets/insects/Butterfly/Butterfly_631.jpg,Butterfly,Pollinator
/scratch/user/jmagnew/datasets/insects/Butterfly/Butterfly_254.jpg,Butterfly,Pollinator
/scratch/user/jmagnew/datasets/insects/Butterfly/Butterfly_484.jpg,Butterfly,Pollinator
/scratch/user/jmagnew/datasets/insects/Butterfly/Butterfly_86.jpg,Butterfly,Pollinator
/scratch/user/jmagnew/datasets/insects/Butterfly/Butterfly_348.jpg,Butterfly,Pollinator
/scratch/user/jmagnew/datasets/insects/Butterfly/Butterfly_258.jpg,Butterfly,Pollinator
/scratch/user/jmagnew/datasets/insects/Butterfly/Butterfly_347.jpg,Butterfly,Pollinator
/scratch/user/jmagnew/datasets/insects/Butterfly/Butterfly_690.jpg,Butterfly,Pollinator
/scratch/user/jmagnew/datasets/insects/Butterfly/Butterfly_677.jpg,Butterfly,Pollinator
/scratch/user/jmagnew/datasets/insects/Butterfly/Butterfly_26.jpg,Butterfly,Pollinator
/scratch/user/jmagnew/datasets/insects/Butterfly/Butterfly_82.jpg,Butterfly,Pollinator
/scratch/user/jmagnew/datasets/insects/Butterfly/Butterfly_643.jpg,Butterfly,Pollinator
/scratch/user/jmagnew/datasets/insects/Butterfly/Butterfly_25.jpg,Butterfly,Pollinator
/scratch/user/jmagnew/datasets/insects/Butterfly/Butterfly_501.jpg,Butterfly,Pollinator
/scratch/user/jmagnew/datasets/insects/Butterfly/Butterfly_405.jpg,Butterfly,Pollinator
/scratch/user/jmagnew/datasets/insects/Butterfly/Butterfly_618.jpg,Butterfly,Pollinator
/scratch/user/jmagnew/datasets/insects/Butterfly/Butterfly_738.jpg,Butterfly,Pollinator
/scratch/user/jmagnew/datasets/insects/Butterfly/Butterfly_213.jpg,Butterfly,Pollinator
/scratch/user/jmagnew/datasets/insects/Butterfly/Butterfly_596.jpg,Butterfly,Pollinator
/scratch/user/jmagnew/datasets/insects/Butterfly/Butterfly_27.jpg,Butterfly,Pollinator
/scratch/user/jmagnew/datasets/insects/Butterfly/Butterfly_733.jpg,Butterfly,Pollinator
/scratch/user/jmagnew/datasets/insects/Butterfly/Butterfly_784.jpg,Butterfly,Pollinator
/scratch/user/jmagnew/datasets/insects/Butterfly/Butterfly_74.jpg,Butterfly,Pollinator
/scratch/user/jmagnew/datasets/insects/Butterfly/Butterfly_231.jpg,Butterfly,Pollinator
/scratch/user/jmagnew/datasets/insects/Butterfly/Butterfly_667.jpg,Butterfly,Pollinator
/scratch/user/jmagnew/datasets/insects/Butterfly/Butterfly_10.jpg,Butterfly,Pollinator
/scratch/user/jmagnew/datasets/insects/Butterfly/Butterfly_670.jpg,Butterfly,Pollinator
/scratch/user/jmagnew/datasets/insects/Butterfly/Butterfly_399.jpg,Butterfly,Pollinator
/scratch/user/jmagnew/datasets/insects/Butterfly/Butterfly_507.jpg,Butterfly,Pollinator
/scratch/user/jmagnew/datasets/insects/Butterfly/Butterfly_794.jpg,Butterfly,Pollinator
/scratch/user/jmagnew/datasets/insects/Butterfly/Butterfly_4.jpg,Butterfly,Pollinator
/scratch/user/jmagnew/datasets/insects/Butterfly/Butterfly_163.jpg,Butterfly,Pollinator
/scratch/user/jmagnew/datasets/insects/Butterfly/Butterfly_174.jpg,Butterfly,Pollinator
/scratch/user/jmagnew/datasets/insects/Butterfly/Butterfly_706.jpg,Butterfly,Pollinator
/scratch/user/jmagnew/datasets/insects/Butterfly/Butterfly_481.jpg,Butterfly,Pollinator
/scratch/user/jmagnew/datasets/insects/Butterfly/Butterfly_681.jpg,Butterfly,Pollinator
/scratch/user/jmagnew/datasets/insects/Butterfly/Butterfly_41.jpg,Butterfly,Pollinator
/scratch/user/jmagnew/datasets/insects/Butterfly/Butterfly_612.jpg,Butterfly,Pollinator
/scratch/user/jmagnew/datasets/insects/Butterfly/Butterfly_182.jpg,Butterfly,Pollinator
/scratch/user/jmagnew/datasets/insects/Butterfly/Butterfly_156.jpg,Butterfly,Pollinator
/scratch/user/jmagnew/datasets/insects/Butterfly/Butterfly_282.jpg,Butterfly,Pollinator
/scratch/user/jmagnew/datasets/insects/Butterfly/Butterfly_157.jpg,Butterfly,Pollinator
/scratch/user/jmagnew/datasets/insects/Butterfly/Butterfly_575.jpg,Butterfly,Pollinator
/scratch/user/jmagnew/datasets/insects/Butterfly/Butterfly_574.jpg,Butterfly,Pollinator
/scratch/user/jmagnew/datasets/insects/Butterfly/Butterfly_621.jpg,Butterfly,Pollinator
/scratch/user/jmagnew/datasets/insects/Butterfly/Butterfly_516.jpg,Butterfly,Pollinator
/scratch/user/jmagnew/datasets/insects/Butterfly/Butterfly_625.jpg,Butterfly,Pollinator
/scratch/user/jmagnew/datasets/insects/Butterfly/Butterfly_728.jpg,Butterfly,Pollinator
/scratch/user/jmagnew/datasets/insects/Butterfly/Butterfly_546.jpg,Butterfly,Pollinator
/scratch/user/jmagnew/datasets/insects/Butterfly/Butterfly_91.jpg,Butterfly,Pollinator
/scratch/user/jmagnew/datasets/insects/Butterfly/Butterfly_416.jpg,Butterfly,Pollinator
/scratch/user/jmagnew/datasets/insects/Butterfly/Butterfly_326.jpg,Butterfly,Pollinator
/scratch/user/jmagnew/datasets/insects/Butterfly/Butterfly_8.jpg,Butterfly,Pollinator
/scratch/user/jmagnew/datasets/insects/Butterfly/Butterfly_354.jpg,Butterfly,Pollinator
/scratch/user/jmagnew/datasets/insects/Butterfly/Butterfly_318.jpg,Butterfly,Pollinator
/scratch/user/jmagnew/datasets/insects/Butterfly/Butterfly_177.jpg,Butterfly,Pollinator
/scratch/user/jmagnew/datasets/insects/Butterfly/Butterfly_737.jpg,Butterfly,Pollinator
/scratch/user/jmagnew/datasets/insects/Butterfly/Butterfly_613.jpg,Butterfly,Pollinator
/scratch/user/jmagnew/datasets/insects/Butterfly/Butterfly_647.jpg,Butterfly,Pollinator
/scratch/user/jmagnew/datasets/insects/Butterfly/Butterfly_12.jpg,Butterfly,Pollinator
/scratch/user/jmagnew/datasets/insects/Butterfly/Butterfly_678.jpg,Butterfly,Pollinator
/scratch/user/jmagnew/datasets/insects/Butterfly/Butterfly_730.jpg,Butterfly,Pollinator
/scratch/user/jmagnew/datasets/insects/Butterfly/Butterfly_494.jpg,Butterfly,Pollinator
/scratch/user/jmagnew/datasets/insects/Butterfly/Butterfly_306.jpg,Butterfly,Pollinator
/scratch/user/jmagnew/datasets/insects/Butterfly/Butterfly_328.jpg,Butterfly,Pollinator
/scratch/user/jmagnew/datasets/insects/Butterfly/Butterfly_640.jpg,Butterfly,Pollinator
/scratch/user/jmagnew/datasets/insects/Butterfly/Butterfly_572.jpg,Butterfly,Pollinator
/scratch/user/jmagnew/datasets/insects/Butterfly/Butterfly_642.jpg,Butterfly,Pollinator
/scratch/user/jmagnew/datasets/insects/Butterfly/Butterfly_207.jpg,Butterfly,Pollinator
/scratch/user/jmagnew/datasets/insects/Butterfly/Butterfly_599.jpg,Butterfly,Pollinator
/scratch/user/jmagnew/datasets/insects/Butterfly/Butterfly_487.jpg,Butterfly,Pollinator
/scratch/user/jmagnew/datasets/insects/Butterfly/Butterfly_297.jpg,Butterfly,Pollinator
/scratch/user/jmagnew/datasets/insects/Butterfly/Butterfly_166.jpg,Butterfly,Pollinator
/scratch/user/jmagnew/datasets/insects/Butterfly/Butterfly_745.jpg,Butterfly,Pollinator
/scratch/user/jmagnew/datasets/insects/Butterfly/Butterfly_767.jpg,Butterfly,Pollinator
/scratch/user/jmagnew/datasets/insects/Butterfly/Butterfly_203.jpg,Butterfly,Pollinator
/scratch/user/jmagnew/datasets/insects/Butterfly/Butterfly_307.jpg,Butterfly,Pollinator
/scratch/user/jmagnew/datasets/insects/Butterfly/Butterfly_577.jpg,Butterfly,Pollinator
/scratch/user/jmagnew/datasets/insects/Butterfly/Butterfly_119.jpg,Butterfly,Pollinator
/scratch/user/jmagnew/datasets/insects/Butterfly/Butterfly_67.jpg,Butterfly,Pollinator
/scratch/user/jmagnew/datasets/insects/Butterfly/Butterfly_668.jpg,Butterfly,Pollinator
/scratch/user/jmagnew/datasets/insects/Butterfly/Butterfly_21.jpg,Butterfly,Pollinator
/scratch/user/jmagnew/datasets/insects/Butterfly/Butterfly_46.jpg,Butterfly,Pollinator
/scratch/user/jmagnew/datasets/insects/Butterfly/Butterfly_205.jpg,Butterfly,Pollinator
/scratch/user/jmagnew/datasets/insects/Butterfly/Butterfly_14.jpg,Butterfly,Pollinator
/scratch/user/jmagnew/datasets/insects/Butterfly/Butterfly_441.jpg,Butterfly,Pollinator
/scratch/user/jmagnew/datasets/insects/Butterfly/Butterfly_195.jpg,Butterfly,Pollinator
/scratch/user/jmagnew/datasets/insects/Butterfly/Butterfly_739.jpg,Butterfly,Pollinator
/scratch/user/jmagnew/datasets/insects/Butterfly/Butterfly_420.jpg,Butterfly,Pollinator
/scratch/user/jmagnew/datasets/insects/Butterfly/Butterfly_235.jpg,Butterfly,Pollinator
/scratch/user/jmagnew/datasets/insects/Butterfly/Butterfly_94.jpg,Butterfly,Pollinator
/scratch/user/jmagnew/datasets/insects/Butterfly/Butterfly_236.png,Butterfly,Pollinator
/scratch/user/jmagnew/datasets/insects/Butterfly/Butterfly_40.jpg,Butterfly,Pollinator
/scratch/user/jmagnew/datasets/insects/Butterfly/Butterfly_53.jpg,Butterfly,Pollinator
/scratch/user/jmagnew/datasets/insects/Butterfly/Butterfly_164.jpg,Butterfly,Pollinator
/scratch/user/jmagnew/datasets/insects/Butterfly/Butterfly_352.jpg,Butterfly,Pollinator
/scratch/user/jmagnew/datasets/insects/Butterfly/Butterfly_434.jpg,Butterfly,Pollinator
/scratch/user/jmagnew/datasets/insects/Butterfly/Butterfly_604.jpg,Butterfly,Pollinator
/scratch/user/jmagnew/datasets/insects/Butterfly/Butterfly_31.jpg,Butterfly,Pollinator
/scratch/user/jmagnew/datasets/insects/Butterfly/Butterfly_579.jpg,Butterfly,Pollinator
/scratch/user/jmagnew/datasets/insects/Butterfly/Butterfly_570.jpg,Butterfly,Pollinator
/scratch/user/jmagnew/datasets/insects/Butterfly/Butterfly_473.jpg,Butterfly,Pollinator
/scratch/user/jmagnew/datasets/insects/Butterfly/Butterfly_496.jpg,Butterfly,Pollinator
/scratch/user/jmagnew/datasets/insects/Butterfly/Butterfly_672.jpg,Butterfly,Pollinator
/scratch/user/jmagnew/datasets/insects/Butterfly/Butterfly_547.jpg,Butterfly,Pollinator
/scratch/user/jmagnew/datasets/insects/Butterfly/Butterfly_278.jpg,Butterfly,Pollinator
/scratch/user/jmagnew/datasets/insects/Butterfly/Butterfly_149.jpg,Butterfly,Pollinator
/scratch/user/jmagnew/datasets/insects/Butterfly/Butterfly_209.jpg,Butterfly,Pollinator
/scratch/user/jmagnew/datasets/insects/Butterfly/Butterfly_550.jpg,Butterfly,Pollinator
/scratch/user/jmagnew/datasets/insects/Butterfly/Butterfly_695.jpg,Butterfly,Pollinator
/scratch/user/jmagnew/datasets/insects/Butterfly/Butterfly_253.jpg,Butterfly,Pollinator
/scratch/user/jmagnew/datasets/insects/Butterfly/Butterfly_267.jpg,Butterfly,Pollinator
/scratch/user/jmagnew/datasets/insects/Butterfly/Butterfly_421.jpg,Butterfly,Pollinator
/scratch/user/jmagnew/datasets/insects/Butterfly/Butterfly_696.jpg,Butterfly,Pollinator
/scratch/user/jmagnew/datasets/insects/Butterfly/Butterfly_317.jpg,Butterfly,Pollinator
/scratch/user/jmagnew/datasets/insects/Butterfly/Butterfly_20.jpg,Butterfly,Pollinator
/scratch/user/jmagnew/datasets/insects/Butterfly/Butterfly_171.jpg,Butterfly,Pollinator
/scratch/user/jmagnew/datasets/insects/Butterfly/Butterfly_22.jpeg,Butterfly,Pollinator
/scratch/user/jmagnew/datasets/insects/Butterfly/Butterfly_362.jpg,Butterfly,Pollinator
/scratch/user/jmagnew/datasets/insects/Butterfly/Butterfly_299.jpg,Butterfly,Pollinator
/scratch/user/jmagnew/datasets/insects/Butterfly/Butterfly_194.jpg,Butterfly,Pollinator
/scratch/user/jmagnew/datasets/insects/Butterfly/Butterfly_55.jpg,Butterfly,Pollinator
/scratch/user/jmagnew/datasets/insects/Butterfly/Butterfly_256.jpg,Butterfly,Pollinator
/scratch/user/jmagnew/datasets/insects/Butterfly/Butterfly_292.jpg,Butterfly,Pollinator
/scratch/user/jmagnew/datasets/insects/Butterfly/Butterfly_286.jpg,Butterfly,Pollinator
/scratch/user/jmagnew/datasets/insects/Butterfly/Butterfly_363.jpg,Butterfly,Pollinator
/scratch/user/jmagnew/datasets/insects/Butterfly/Butterfly_219.jpg,Butterfly,Pollinator
/scratch/user/jmagnew/datasets/insects/Butterfly/Butterfly_650.jpg,Butterfly,Pollinator
/scratch/user/jmagnew/datasets/insects/Butterfly/Butterfly_600.jpg,Butterfly,Pollinator
/scratch/user/jmagnew/datasets/insects/Butterfly/Butterfly_382.jpg,Butterfly,Pollinator
/scratch/user/jmagnew/datasets/insects/Butterfly/Butterfly_723.jpg,Butterfly,Pollinator
/scratch/user/jmagnew/datasets/insects/Butterfly/Butterfly_635.jpg,Butterfly,Pollinator
/scratch/user/jmagnew/datasets/insects/Butterfly/Butterfly_234.jpg,Butterfly,Pollinator
/scratch/user/jmagnew/datasets/insects/Butterfly/Butterfly_334.jpg,Butterfly,Pollinator
/scratch/user/jmagnew/datasets/insects/Butterfly/Butterfly_716.jpg,Butterfly,Pollinator
/scratch/user/jmagnew/datasets/insects/Butterfly/Butterfly_538.jpg,Butterfly,Pollinator
/scratch/user/jmagnew/datasets/insects/Butterfly/Butterfly_39.jpg,Butterfly,Pollinator
/scratch/user/jmagnew/datasets/insects/Butterfly/Butterfly_300.jpg,Butterfly,Pollinator
/scratch/user/jmagnew/datasets/insects/Butterfly/Butterfly_469.jpg,Butterfly,Pollinator
/scratch/user/jmagnew/datasets/insects/Butterfly/Butterfly_244.jpg,Butterfly,Pollinator
/scratch/user/jmagnew/datasets/insects/Butterfly/Butterfly_554.jpg,Butterfly,Pollinator
/scratch/user/jmagnew/datasets/insects/Butterfly/Butterfly_419.jpg,Butterfly,Pollinator
/scratch/user/jmagnew/datasets/insects/Butterfly/Butterfly_217.jpg,Butterfly,Pollinator
/scratch/user/jmagnew/datasets/insects/Butterfly/Butterfly_263.jpg,Butterfly,Pollinator
/scratch/user/jmagnew/datasets/insects/Butterfly/Butterfly_529.jpg,Butterfly,Pollinator
/scratch/user/jmagnew/datasets/insects/Butterfly/Butterfly_202.jpg,Butterfly,Pollinator
/scratch/user/jmagnew/datasets/insects/Butterfly/Butterfly_150.jpg,Butterfly,Pollinator
/scratch/user/jmagnew/datasets/insects/Butterfly/Butterfly_622.jpg,Butterfly,Pollinator
/scratch/user/jmagnew/datasets/insects/Butterfly/Butterfly_718.jpg,Butterfly,Pollinator
/scratch/user/jmagnew/datasets/insects/Butterfly/Butterfly_686.jpg,Butterfly,Pollinator
/scratch/user/jmagnew/datasets/insects/Butterfly/Butterfly_139.jpg,Butterfly,Pollinator
/scratch/user/jmagnew/datasets/insects/Butterfly/Butterfly_261.jpg,Butterfly,Pollinator
/scratch/user/jmagnew/datasets/insects/Butterfly/Butterfly_105.jpg,Butterfly,Pollinator
/scratch/user/jmagnew/datasets/insects/Butterfly/Butterfly_167.jpg,Butterfly,Pollinator
/scratch/user/jmagnew/datasets/insects/Butterfly/Butterfly_773.jpg,Butterfly,Pollinator
/scratch/user/jmagnew/datasets/insects/Butterfly/Butterfly_144.jpg,Butterfly,Pollinator
/scratch/user/jmagnew/datasets/insects/Butterfly/Butterfly_413.jpg,Butterfly,Pollinator
/scratch/user/jmagnew/datasets/insects/Butterfly/Butterfly_247.jpg,Butterfly,Pollinator
/scratch/user/jmagnew/datasets/insects/Butterfly/Butterfly_108.jpg,Butterfly,Pollinator
/scratch/user/jmagnew/datasets/insects/Butterfly/Butterfly_552.jpg,Butterfly,Pollinator
/scratch/user/jmagnew/datasets/insects/Butterfly/Butterfly_118.jpg,Butterfly,Pollinator
/scratch/user/jmagnew/datasets/insects/Butterfly/Butterfly_504.jpg,Butterfly,Pollinator
/scratch/user/jmagnew/datasets/insects/Butterfly/Butterfly_524.jpg,Butterfly,Pollinator
/scratch/user/jmagnew/datasets/insects/Butterfly/Butterfly_503.jpg,Butterfly,Pollinator
/scratch/user/jmagnew/datasets/insects/Butterfly/Butterfly_143.jpg,Butterfly,Pollinator
/scratch/user/jmagnew/datasets/insects/Butterfly/Butterfly_553.jpg,Butterfly,Pollinator
/scratch/user/jmagnew/datasets/insects/Butterfly/Butterfly_594.jpg,Butterfly,Pollinator
/scratch/user/jmagnew/datasets/insects/Butterfly/Butterfly_251.jpg,Butterfly,Pollinator
/scratch/user/jmagnew/datasets/insects/Butterfly/Butterfly_372.jpg,Butterfly,Pollinator
/scratch/user/jmagnew/datasets/insects/Butterfly/Butterfly_186.jpeg,Butterfly,Pollinator
/scratch/user/jmagnew/datasets/insects/Butterfly/Butterfly_309.jpg,Butterfly,Pollinator
/scratch/user/jmagnew/datasets/insects/Butterfly/Butterfly_556.jpg,Butterfly,Pollinator
/scratch/user/jmagnew/datasets/insects/Butterfly/Butterfly_390.jpg,Butterfly,Pollinator
/scratch/user/jmagnew/datasets/insects/Butterfly/Butterfly_44.jpg,Butterfly,Pollinator
/scratch/user/jmagnew/datasets/insects/Butterfly/Butterfly_584.jpg,Butterfly,Pollinator
/scratch/user/jmagnew/datasets/insects/Butterfly/Butterfly_240.jpg,Butterfly,Pollinator
/scratch/user/jmagnew/datasets/insects/Butterfly/Butterfly_601.jpg,Butterfly,Pollinator
/scratch/user/jmagnew/datasets/insects/Butterfly/Butterfly_192.jpg,Butterfly,Pollinator
/scratch/user/jmagnew/datasets/insects/Butterfly/Butterfly_381.jpg,Butterfly,Pollinator
/scratch/user/jmagnew/datasets/insects/Butterfly/Butterfly_717.jpg,Butterfly,Pollinator
/scratch/user/jmagnew/datasets/insects/Butterfly/Butterfly_611.jpg,Butterfly,Pollinator
/scratch/user/jmagnew/datasets/insects/Butterfly/Butterfly_395.jpg,Butterfly,Pollinator
/scratch/user/jmagnew/datasets/insects/Butterfly/Butterfly_63.jpg,Butterfly,Pollinator
/scratch/user/jmagnew/datasets/insects/Butterfly/Butterfly_232.png,Butterfly,Pollinator
/scratch/user/jmagnew/datasets/insects/Butterfly/Butterfly_602.jpg,Butterfly,Pollinator
/scratch/user/jmagnew/datasets/insects/Butterfly/Butterfly_66.jpg,Butterfly,Pollinator
/scratch/user/jmagnew/datasets/insects/Butterfly/Butterfly_740.jpg,Butterfly,Pollinator
/scratch/user/jmagnew/datasets/insects/Butterfly/Butterfly_698.jpg,Butterfly,Pollinator
/scratch/user/jmagnew/datasets/insects/Butterfly/Butterfly_624.jpg,Butterfly,Pollinator
/scratch/user/jmagnew/datasets/insects/Butterfly/Butterfly_415.jpg,Butterfly,Pollinator
/scratch/user/jmagnew/datasets/insects/Butterfly/Butterfly_535.jpg,Butterfly,Pollinator
/scratch/user/jmagnew/datasets/insects/Butterfly/Butterfly_456.jpg,Butterfly,Pollinator
/scratch/user/jmagnew/datasets/insects/Butterfly/Butterfly_644.jpg,Butterfly,Pollinator
/scratch/user/jmagnew/datasets/insects/Butterfly/Butterfly_187.jpg,Butterfly,Pollinator
/scratch/user/jmagnew/datasets/insects/Butterfly/Butterfly_498.jpg,Butterfly,Pollinator
/scratch/user/jmagnew/datasets/insects/Butterfly/Butterfly_121.png,Butterfly,Pollinator
/scratch/user/jmagnew/datasets/insects/Butterfly/Butterfly_83.jpg,Butterfly,Pollinator
/scratch/user/jmagnew/datasets/insects/Butterfly/Butterfly_476.jpg,Butterfly,Pollinator
/scratch/user/jmagnew/datasets/insects/Butterfly/Butterfly_377.jpg,Butterfly,Pollinator
/scratch/user/jmagnew/datasets/insects/Butterfly/Butterfly_301.jpg,Butterfly,Pollinator
/scratch/user/jmagnew/datasets/insects/Butterfly/Butterfly_757.jpg,Butterfly,Pollinator
/scratch/user/jmagnew/datasets/insects/Butterfly/Butterfly_141.jpg,Butterfly,Pollinator
/scratch/user/jmagnew/datasets/insects/Butterfly/Butterfly_662.jpg,Butterfly,Pollinator
/scratch/user/jmagnew/datasets/insects/Butterfly/Butterfly_98.jpg,Butterfly,Pollinator
/scratch/user/jmagnew/datasets/insects/Butterfly/Butterfly_417.jpg,Butterfly,Pollinator
/scratch/user/jmagnew/datasets/insects/Butterfly/Butterfly_290.jpg,Butterfly,Pollinator
/scratch/user/jmagnew/datasets/insects/Butterfly/Butterfly_54.jpg,Butterfly,Pollinator
/scratch/user/jmagnew/datasets/insects/Butterfly/Butterfly_595.jpg,Butterfly,Pollinator
/scratch/user/jmagnew/datasets/insects/Butterfly/Butterfly_73.jpg,Butterfly,Pollinator
/scratch/user/jmagnew/datasets/insects/Butterfly/Butterfly_229.jpg,Butterfly,Pollinator
/scratch/user/jmagnew/datasets/insects/Butterfly/Butterfly_748.jpg,Butterfly,Pollinator
/scratch/user/jmagnew/datasets/insects/Butterfly/Butterfly_230.jpg,Butterfly,Pollinator
/scratch/user/jmagnew/datasets/insects/Butterfly/Butterfly_569.jpg,Butterfly,Pollinator
/scratch/user/jmagnew/datasets/insects/Butterfly/Butterfly_532.jpg,Butterfly,Pollinator
/scratch/user/jmagnew/datasets/insects/Butterfly/Butterfly_359.jpg,Butterfly,Pollinator
/scratch/user/jmagnew/datasets/insects/Butterfly/Butterfly_559.jpg,Butterfly,Pollinator
/scratch/user/jmagnew/datasets/insects/Butterfly/Butterfly_92.jpg,Butterfly,Pollinator
/scratch/user/jmagnew/datasets/insects/Butterfly/Butterfly_341.jpg,Butterfly,Pollinator
/scratch/user/jmagnew/datasets/insects/Butterfly/Butterfly_719.jpg,Butterfly,Pollinator
/scratch/user/jmagnew/datasets/insects/Butterfly/Butterfly_262.jpg,Butterfly,Pollinator
/scratch/user/jmagnew/datasets/insects/Butterfly/Butterfly_226.jpg,Butterfly,Pollinator
/scratch/user/jmagnew/datasets/insects/Butterfly/Butterfly_128.jpg,Butterfly,Pollinator
/scratch/user/jmagnew/datasets/insects/Butterfly/Butterfly_567.jpg,Butterfly,Pollinator
/scratch/user/jmagnew/datasets/insects/Butterfly/Butterfly_190.jpg,Butterfly,Pollinator
/scratch/user/jmagnew/datasets/insects/Butterfly/Butterfly_2.jpg,Butterfly,Pollinator
/scratch/user/jmagnew/datasets/insects/Butterfly/Butterfly_89.jpg,Butterfly,Pollinator
/scratch/user/jmagnew/datasets/insects/Butterfly/Butterfly_180.jpg,Butterfly,Pollinator
/scratch/user/jmagnew/datasets/insects/Butterfly/Butterfly_313.jpg,Butterfly,Pollinator
/scratch/user/jmagnew/datasets/insects/Butterfly/Butterfly_758.jpg,Butterfly,Pollinator
/scratch/user/jmagnew/datasets/insects/Butterfly/Butterfly_252.jpg,Butterfly,Pollinator
/scratch/user/jmagnew/datasets/insects/Butterfly/Butterfly_325.jpg,Butterfly,Pollinator
/scratch/user/jmagnew/datasets/insects/Butterfly/Butterfly_510.jpg,Butterfly,Pollinator
/scratch/user/jmagnew/datasets/insects/Butterfly/Butterfly_645.jpg,Butterfly,Pollinator
/scratch/user/jmagnew/datasets/insects/Butterfly/Butterfly_115.jpg,Butterfly,Pollinator
/scratch/user/jmagnew/datasets/insects/Butterfly/Butterfly_224.jpg,Butterfly,Pollinator
/scratch/user/jmagnew/datasets/insects/Butterfly/Butterfly_367.jpg,Butterfly,Pollinator
/scratch/user/jmagnew/datasets/insects/Butterfly/Butterfly_560.jpg,Butterfly,Pollinator
/scratch/user/jmagnew/datasets/insects/Butterfly/Butterfly_310.jpg,Butterfly,Pollinator
/scratch/user/jmagnew/datasets/insects/Butterfly/Butterfly_406.jpg,Butterfly,Pollinator
/scratch/user/jmagnew/datasets/insects/Butterfly/Butterfly_576.jpg,Butterfly,Pollinator
/scratch/user/jmagnew/datasets/insects/Butterfly/Butterfly_375.jpg,Butterfly,Pollinator
/scratch/user/jmagnew/datasets/insects/Butterfly/Butterfly_188.jpg,Butterfly,Pollinator
/scratch/user/jmagnew/datasets/insects/Butterfly/Butterfly_627.jpg,Butterfly,Pollinator
/scratch/user/jmagnew/datasets/insects/Butterfly/Butterfly_350.jpg,Butterfly,Pollinator
/scratch/user/jmagnew/datasets/insects/Butterfly/Butterfly_775.jpg,Butterfly,Pollinator
/scratch/user/jmagnew/datasets/insects/Butterfly/Butterfly_93.jpg,Butterfly,Pollinator
/scratch/user/jmagnew/datasets/insects/Butterfly/Butterfly_474.jpg,Butterfly,Pollinator
/scratch/user/jmagnew/datasets/insects/Butterfly/Butterfly_102.jpg,Butterfly,Pollinator
/scratch/user/jmagnew/datasets/insects/Butterfly/Butterfly_703.jpg,Butterfly,Pollinator
/scratch/user/jmagnew/datasets/insects/Butterfly/Butterfly_233.jpg,Butterfly,Pollinator
/scratch/user/jmagnew/datasets/insects/Butterfly/Butterfly_68.jpg,Butterfly,Pollinator
/scratch/user/jmagnew/datasets/insects/Butterfly/Butterfly_169.jpg,Butterfly,Pollinator
/scratch/user/jmagnew/datasets/insects/Butterfly/Butterfly_100.jpg,Butterfly,Pollinator
/scratch/user/jmagnew/datasets/insects/Butterfly/Butterfly_472.jpg,Butterfly,Pollinator
/scratch/user/jmagnew/datasets/insects/Butterfly/Butterfly_479.jpg,Butterfly,Pollinator
/scratch/user/jmagnew/datasets/insects/Butterfly/Butterfly_342.jpg,Butterfly,Pollinator
/scratch/user/jmagnew/datasets/insects/Butterfly/Butterfly_515.jpg,Butterfly,Pollinator
/scratch/user/jmagnew/datasets/insects/Butterfly/Butterfly_429.jpg,Butterfly,Pollinator
/scratch/user/jmagnew/datasets/insects/Butterfly/Butterfly_589.jpg,Butterfly,Pollinator
/scratch/user/jmagnew/datasets/insects/Butterfly/Butterfly_250.jpg,Butterfly,Pollinator
/scratch/user/jmagnew/datasets/insects/Butterfly/Butterfly_563.jpg,Butterfly,Pollinator
/scratch/user/jmagnew/datasets/insects/Butterfly/Butterfly_185.jpg,Butterfly,Pollinator
/scratch/user/jmagnew/datasets/insects/Butterfly/Butterfly_87.jpg,Butterfly,Pollinator
/scratch/user/jmagnew/datasets/insects/Butterfly/Butterfly_470.jpg,Butterfly,Pollinator
/scratch/user/jmagnew/datasets/insects/Butterfly/Butterfly_439.jpg,Butterfly,Pollinator
/scratch/user/jmagnew/datasets/insects/Butterfly/Butterfly_15.jpg,Butterfly,Pollinator
/scratch/user/jmagnew/datasets/insects/Butterfly/Butterfly_653.jpg,Butterfly,Pollinator
/scratch/user/jmagnew/datasets/insects/Butterfly/Butterfly_122.jpg,Butterfly,Pollinator
/scratch/user/jmagnew/datasets/insects/Butterfly/Butterfly_335.jpg,Butterfly,Pollinator
/scratch/user/jmagnew/datasets/insects/Butterfly/Butterfly_493.jpg,Butterfly,Pollinator
/scratch/user/jmagnew/datasets/insects/Butterfly/Butterfly_340.jpg,Butterfly,Pollinator
/scratch/user/jmagnew/datasets/insects/Butterfly/Butterfly_197.jpg,Butterfly,Pollinator
/scratch/user/jmagnew/datasets/insects/Butterfly/Butterfly_423.jpg,Butterfly,Pollinator
/scratch/user/jmagnew/datasets/insects/Butterfly/Butterfly_742.jpg,Butterfly,Pollinator
/scratch/user/jmagnew/datasets/insects/Butterfly/Butterfly_646.jpg,Butterfly,Pollinator
/scratch/user/jmagnew/datasets/insects/Butterfly/Butterfly_131.jpg,Butterfly,Pollinator
/scratch/user/jmagnew/datasets/insects/Butterfly/Butterfly_380.jpg,Butterfly,Pollinator
/scratch/user/jmagnew/datasets/insects/Butterfly/Butterfly_749.jpg,Butterfly,Pollinator
/scratch/user/jmagnew/datasets/insects/Butterfly/Butterfly_770.jpg,Butterfly,Pollinator
/scratch/user/jmagnew/datasets/insects/Butterfly/Butterfly_339.jpg,Butterfly,Pollinator
/scratch/user/jmagnew/datasets/insects/Butterfly/Butterfly_1.jpg,Butterfly,Pollinator
/scratch/user/jmagnew/datasets/insects/Butterfly/Butterfly_432.jpg,Butterfly,Pollinator
/scratch/user/jmagnew/datasets/insects/Butterfly/Butterfly_249.jpg,Butterfly,Pollinator
/scratch/user/jmagnew/datasets/insects/Butterfly/Butterfly_24.jpg,Butterfly,Pollinator
/scratch/user/jmagnew/datasets/insects/Butterfly/Butterfly_384.jpg,Butterfly,Pollinator
/scratch/user/jmagnew/datasets/insects/Butterfly/Butterfly_489.jpg,Butterfly,Pollinator
/scratch/user/jmagnew/datasets/insects/Butterfly/Butterfly_633.jpg,Butterfly,Pollinator
/scratch/user/jmagnew/datasets/insects/Butterfly/Butterfly_468.jpg,Butterfly,Pollinator
/scratch/user/jmagnew/datasets/insects/Butterfly/Butterfly_346.jpg,Butterfly,Pollinator
/scratch/user/jmagnew/datasets/insects/Butterfly/Butterfly_475.jpg,Butterfly,Pollinator
/scratch/user/jmagnew/datasets/insects/Butterfly/Butterfly_9.jpg,Butterfly,Pollinator
/scratch/user/jmagnew/datasets/insects/Butterfly/Butterfly_394.jpg,Butterfly,Pollinator
/scratch/user/jmagnew/datasets/insects/Butterfly/Butterfly_206.jpg,Butterfly,Pollinator
/scratch/user/jmagnew/datasets/insects/Butterfly/Butterfly_620.jpg,Butterfly,Pollinator
/scratch/user/jmagnew/datasets/insects/Butterfly/Butterfly_386.jpg,Butterfly,Pollinator
/scratch/user/jmagnew/datasets/insects/Butterfly/Butterfly_295.jpg,Butterfly,Pollinator
/scratch/user/jmagnew/datasets/insects/Butterfly/Butterfly_385.jpg,Butterfly,Pollinator
/scratch/user/jmagnew/datasets/insects/Butterfly/Butterfly_59.jpg,Butterfly,Pollinator
/scratch/user/jmagnew/datasets/insects/Butterfly/Butterfly_269.jpg,Butterfly,Pollinator
/scratch/user/jmagnew/datasets/insects/Butterfly/Butterfly_502.jpg,Butterfly,Pollinator
/scratch/user/jmagnew/datasets/insects/Butterfly/Butterfly_564.jpg,Butterfly,Pollinator
/scratch/user/jmagnew/datasets/insects/Butterfly/Butterfly_448.jpg,Butterfly,Pollinator
/scratch/user/jmagnew/datasets/insects/Butterfly/Butterfly_62.jpg,Butterfly,Pollinator
/scratch/user/jmagnew/datasets/insects/Butterfly/Butterfly_752.jpg,Butterfly,Pollinator
/scratch/user/jmagnew/datasets/insects/Butterfly/Butterfly_649.jpg,Butterfly,Pollinator
/scratch/user/jmagnew/datasets/insects/Butterfly/Butterfly_792.jpg,Butterfly,Pollinator
/scratch/user/jmagnew/datasets/insects/Butterfly/Butterfly_541.jpg,Butterfly,Pollinator
/scratch/user/jmagnew/datasets/insects/Butterfly/Butterfly_778.jpg,Butterfly,Pollinator
/scratch/user/jmagnew/datasets/insects/Butterfly/Butterfly_133.jpg,Butterfly,Pollinator
/scratch/user/jmagnew/datasets/insects/Butterfly/Butterfly_795.jpg,Butterfly,Pollinator
/scratch/user/jmagnew/datasets/insects/Butterfly/Butterfly_497.jpg,Butterfly,Pollinator
/scratch/user/jmagnew/datasets/insects/Butterfly/Butterfly_427.jpg,Butterfly,Pollinator
/scratch/user/jmagnew/datasets/insects/Butterfly/Butterfly_383.jpg,Butterfly,Pollinator
/scratch/user/jmagnew/datasets/insects/Butterfly/Butterfly_727.jpg,Butterfly,Pollinator
/scratch/user/jmagnew/datasets/insects/Butterfly/Butterfly_241.jpg,Butterfly,Pollinator
/scratch/user/jmagnew/datasets/insects/Butterfly/Butterfly_693.jpg,Butterfly,Pollinator
/scratch/user/jmagnew/datasets/insects/Butterfly/Butterfly_652.jpg,Butterfly,Pollinator
/scratch/user/jmagnew/datasets/insects/Butterfly/Butterfly_315.jpg,Butterfly,Pollinator
/scratch/user/jmagnew/datasets/insects/Butterfly/Butterfly_291.jpg,Butterfly,Pollinator
/scratch/user/jmagnew/datasets/insects/Butterfly/Butterfly_117.jpg,Butterfly,Pollinator
/scratch/user/jmagnew/datasets/insects/Butterfly/Butterfly_312.jpg,Butterfly,Pollinator
/scratch/user/jmagnew/datasets/insects/Butterfly/Butterfly_308.jpg,Butterfly,Pollinator
/scratch/user/jmagnew/datasets/insects/Butterfly/Butterfly_756.png,Butterfly,Pollinator
/scratch/user/jmagnew/datasets/insects/Butterfly/Butterfly_216.jpg,Butterfly,Pollinator
/scratch/user/jmagnew/datasets/insects/Butterfly/Butterfly_697.jpg,Butterfly,Pollinator
/scratch/user/jmagnew/datasets/insects/Butterfly/Butterfly_431.jpg,Butterfly,Pollinator
/scratch/user/jmagnew/datasets/insects/Butterfly/Butterfly_33.jpg,Butterfly,Pollinator
/scratch/user/jmagnew/datasets/insects/Butterfly/Butterfly_43.jpg,Butterfly,Pollinator
/scratch/user/jmagnew/datasets/insects/Butterfly/Butterfly_223.jpg,Butterfly,Pollinator
/scratch/user/jmagnew/datasets/insects/Butterfly/Butterfly_534.jpg,Butterfly,Pollinator
/scratch/user/jmagnew/datasets/insects/Butterfly/Butterfly_81.jpg,Butterfly,Pollinator
/scratch/user/jmagnew/datasets/insects/Butterfly/Butterfly_433.jpg,Butterfly,Pollinator
/scratch/user/jmagnew/datasets/insects/Butterfly/Butterfly_769.jpg,Butterfly,Pollinator
/scratch/user/jmagnew/datasets/insects/Butterfly/Butterfly_412.jpg,Butterfly,Pollinator
/scratch/user/jmagnew/datasets/insects/Butterfly/Butterfly_225.jpg,Butterfly,Pollinator
/scratch/user/jmagnew/datasets/insects/Butterfly/Butterfly_788.jpg,Butterfly,Pollinator
/scratch/user/jmagnew/datasets/insects/Butterfly/Butterfly_88.jpg,Butterfly,Pollinator
/scratch/user/jmagnew/datasets/insects/Butterfly/Butterfly_212.jpg,Butterfly,Pollinator
/scratch/user/jmagnew/datasets/insects/Butterfly/Butterfly_682.jpg,Butterfly,Pollinator
/scratch/user/jmagnew/datasets/insects/Butterfly/Butterfly_287.jpg,Butterfly,Pollinator
/scratch/user/jmagnew/datasets/insects/Butterfly/Butterfly_585.jpg,Butterfly,Pollinator
/scratch/user/jmagnew/datasets/insects/Butterfly/Butterfly_787.jpg,Butterfly,Pollinator
/scratch/user/jmagnew/datasets/insects/Butterfly/Butterfly_407.jpg,Butterfly,Pollinator
/scratch/user/jmagnew/datasets/insects/Butterfly/Butterfly_285.jpg,Butterfly,Pollinator
/scratch/user/jmagnew/datasets/insects/Butterfly/Butterfly_245.jpg,Butterfly,Pollinator
/scratch/user/jmagnew/datasets/insects/Butterfly/Butterfly_393.jpg,Butterfly,Pollinator
/scratch/user/jmagnew/datasets/insects/Butterfly/Butterfly_542.jpg,Butterfly,Pollinator
/scratch/user/jmagnew/datasets/insects/Butterfly/Butterfly_785.jpg,Butterfly,Pollinator
/scratch/user/jmagnew/datasets/insects/Butterfly/Butterfly_455.jpg,Butterfly,Pollinator
/scratch/user/jmagnew/datasets/insects/Butterfly/Butterfly_768.jpg,Butterfly,Pollinator
/scratch/user/jmagnew/datasets/insects/Butterfly/Butterfly_461.jpg,Butterfly,Pollinator
/scratch/user/jmagnew/datasets/insects/Butterfly/Butterfly_615.jpg,Butterfly,Pollinator
/scratch/user/jmagnew/datasets/insects/Butterfly/Butterfly_69.jpg,Butterfly,Pollinator
/scratch/user/jmagnew/datasets/insects/Butterfly/Butterfly_528.jpg,Butterfly,Pollinator
/scratch/user/jmagnew/datasets/insects/Butterfly/Butterfly_545.jpg,Butterfly,Pollinator
/scratch/user/jmagnew/datasets/insects/Butterfly/Butterfly_294.jpg,Butterfly,Pollinator
/scratch/user/jmagnew/datasets/insects/Butterfly/Butterfly_617.jpg,Butterfly,Pollinator
/scratch/user/jmagnew/datasets/insects/Butterfly/Butterfly_65.jpg,Butterfly,Pollinator
/scratch/user/jmagnew/datasets/insects/Butterfly/Butterfly_623.jpg,Butterfly,Pollinator
/scratch/user/jmagnew/datasets/insects/Butterfly/Butterfly_586.jpg,Butterfly,Pollinator
/scratch/user/jmagnew/datasets/insects/Butterfly/Butterfly_215.jpg,Butterfly,Pollinator
/scratch/user/jmagnew/datasets/insects/Butterfly/Butterfly_135.jpg,Butterfly,Pollinator
/scratch/user/jmagnew/datasets/insects/Butterfly/Butterfly_392.jpg,Butterfly,Pollinator
/scratch/user/jmagnew/datasets/insects/Butterfly/Butterfly_50.jpg,Butterfly,Pollinator
/scratch/user/jmagnew/datasets/insects/Butterfly/Butterfly_609.jpg,Butterfly,Pollinator
/scratch/user/jmagnew/datasets/insects/Butterfly/Butterfly_435.jpg,Butterfly,Pollinator
/scratch/user/jmagnew/datasets/insects/Butterfly/Butterfly_123.jpg,Butterfly,Pollinator
/scratch/user/jmagnew/datasets/insects/Butterfly/Butterfly_422.jpg,Butterfly,Pollinator
/scratch/user/jmagnew/datasets/insects/Butterfly/Butterfly_243.jpg,Butterfly,Pollinator
/scratch/user/jmagnew/datasets/insects/Butterfly/Butterfly_446.jpg,Butterfly,Pollinator
/scratch/user/jmagnew/datasets/insects/Butterfly/Butterfly_398.jpg,Butterfly,Pollinator
/scratch/user/jmagnew/datasets/insects/Butterfly/Butterfly_168.jpg,Butterfly,Pollinator
/scratch/user/jmagnew/datasets/insects/Butterfly/Butterfly_786.jpg,Butterfly,Pollinator
/scratch/user/jmagnew/datasets/insects/Butterfly/Butterfly_47.jpg,Butterfly,Pollinator
/scratch/user/jmagnew/datasets/insects/Butterfly/Butterfly_598.jpg,Butterfly,Pollinator
/scratch/user/jmagnew/datasets/insects/Butterfly/Butterfly_90.jpg,Butterfly,Pollinator
/scratch/user/jmagnew/datasets/insects/Butterfly/Butterfly_514.jpg,Butterfly,Pollinator
/scratch/user/jmagnew/datasets/insects/Butterfly/Butterfly_198.jpg,Butterfly,Pollinator
/scratch/user/jmagnew/datasets/insects/Butterfly/Butterfly_655.jpg,Butterfly,Pollinator
/scratch/user/jmagnew/datasets/insects/Butterfly/Butterfly_320.jpg,Butterfly,Pollinator
/scratch/user/jmagnew/datasets/insects/Butterfly/Butterfly_337.jpg,Butterfly,Pollinator
/scratch/user/jmagnew/datasets/insects/Butterfly/Butterfly_610.jpg,Butterfly,Pollinator
/scratch/user/jmagnew/datasets/insects/Butterfly/Butterfly_587.jpg,Butterfly,Pollinator
/scratch/user/jmagnew/datasets/insects/Butterfly/Butterfly_771.jpg,Butterfly,Pollinator
/scratch/user/jmagnew/datasets/insects/Butterfly/Butterfly_338.jpg,Butterfly,Pollinator
/scratch/user/jmagnew/datasets/insects/Butterfly/Butterfly_725.jpg,Butterfly,Pollinator
/scratch/user/jmagnew/datasets/insects/Butterfly/Butterfly_79.jpg,Butterfly,Pollinator
/scratch/user/jmagnew/datasets/insects/Butterfly/Butterfly_657.jpg,Butterfly,Pollinator
/scratch/user/jmagnew/datasets/insects/Butterfly/Butterfly_113.jpg,Butterfly,Pollinator
/scratch/user/jmagnew/datasets/insects/Butterfly/Butterfly_512.jpg,Butterfly,Pollinator
/scratch/user/jmagnew/datasets/insects/Butterfly/Butterfly_701.jpg,Butterfly,Pollinator
/scratch/user/jmagnew/datasets/insects/Butterfly/Butterfly_664.jpg,Butterfly,Pollinator
/scratch/user/jmagnew/datasets/insects/Butterfly/Butterfly_648.jpg,Butterfly,Pollinator
/scratch/user/jmagnew/datasets/insects/Butterfly/Butterfly_401.jpg,Butterfly,Pollinator
/scratch/user/jmagnew/datasets/insects/Butterfly/Butterfly_519.jpg,Butterfly,Pollinator
/scratch/user/jmagnew/datasets/insects/Butterfly/Butterfly_162.jpg,Butterfly,Pollinator
/scratch/user/jmagnew/datasets/insects/Butterfly/Butterfly_669.jpg,Butterfly,Pollinator
/scratch/user/jmagnew/datasets/insects/Butterfly/Butterfly_403.jpg,Butterfly,Pollinator
/scratch/user/jmagnew/datasets/insects/Butterfly/Butterfly_676.jpg,Butterfly,Pollinator
/scratch/user/jmagnew/datasets/insects/Butterfly/Butterfly_72.jpg,Butterfly,Pollinator
/scratch/user/jmagnew/datasets/insects/Butterfly/Butterfly_196.jpg,Butterfly,Pollinator
/scratch/user/jmagnew/datasets/insects/Butterfly/Butterfly_465.jpg,Butterfly,Pollinator
/scratch/user/jmagnew/datasets/insects/Butterfly/Butterfly_356.jpg,Butterfly,Pollinator
/scratch/user/jmagnew/datasets/insects/Butterfly/Butterfly_148.jpg,Butterfly,Pollinator
/scratch/user/jmagnew/datasets/insects/Butterfly/Butterfly_491.jpg,Butterfly,Pollinator
/scratch/user/jmagnew/datasets/insects/Butterfly/Butterfly_112.jpg,Butterfly,Pollinator
/scratch/user/jmagnew/datasets/insects/Butterfly/Butterfly_424.jpg,Butterfly,Pollinator
/scratch/user/jmagnew/datasets/insects/Butterfly/Butterfly_527.jpg,Butterfly,Pollinator
/scratch/user/jmagnew/datasets/insects/Butterfly/Butterfly_181.jpg,Butterfly,Pollinator
/scratch/user/jmagnew/datasets/insects/Butterfly/Butterfly_660.jpg,Butterfly,Pollinator
/scratch/user/jmagnew/datasets/insects/Butterfly/Butterfly_763.jpg,Butterfly,Pollinator
/scratch/user/jmagnew/datasets/insects/Butterfly/Butterfly_99.jpg,Butterfly,Pollinator
/scratch/user/jmagnew/datasets/insects/Butterfly/Butterfly_344.jpg,Butterfly,Pollinator
/scratch/user/jmagnew/datasets/insects/Butterfly/Butterfly_332.jpg,Butterfly,Pollinator
/scratch/user/jmagnew/datasets/insects/Butterfly/Butterfly_373.jpg,Butterfly,Pollinator
/scratch/user/jmagnew/datasets/insects/Butterfly/Butterfly_28.jpg,Butterfly,Pollinator
/scratch/user/jmagnew/datasets/insects/Butterfly/Butterfly_520.jpg,Butterfly,Pollinator
/scratch/user/jmagnew/datasets/insects/Butterfly/Butterfly_6.jpg,Butterfly,Pollinator
/scratch/user/jmagnew/datasets/insects/Butterfly/Butterfly_459.jpg,Butterfly,Pollinator
/scratch/user/jmagnew/datasets/insects/Butterfly/Butterfly_34.jpg,Butterfly,Pollinator
/scratch/user/jmagnew/datasets/insects/Butterfly/Butterfly_305.jpg,Butterfly,Pollinator
/scratch/user/jmagnew/datasets/insects/Butterfly/Butterfly_614.jpg,Butterfly,Pollinator
/scratch/user/jmagnew/datasets/insects/Butterfly/Butterfly_103.jpg,Butterfly,Pollinator
/scratch/user/jmagnew/datasets/insects/Butterfly/Butterfly_333.jpg,Butterfly,Pollinator
/scratch/user/jmagnew/datasets/insects/Butterfly/Butterfly_568.jpg,Butterfly,Pollinator
/scratch/user/jmagnew/datasets/insects/Bee/Bee_840.jpg,Bee,Pollinator
/scratch/user/jmagnew/datasets/insects/Bee/Bee_369.jpg,Bee,Pollinator
/scratch/user/jmagnew/datasets/insects/Bee/Bee_83.jpg,Bee,Pollinator
/scratch/user/jmagnew/datasets/insects/Bee/Bee_298.jpg,Bee,Pollinator
/scratch/user/jmagnew/datasets/insects/Bee/Bee_387.jpg,Bee,Pollinator
/scratch/user/jmagnew/datasets/insects/Bee/Bee_323.jpg,Bee,Pollinator
/scratch/user/jmagnew/datasets/insects/Bee/Bee_902.jpg,Bee,Pollinator
/scratch/user/jmagnew/datasets/insects/Bee/Bee_341.jpg,Bee,Pollinator
/scratch/user/jmagnew/datasets/insects/Bee/Bee_635.jpg,Bee,Pollinator
/scratch/user/jmagnew/datasets/insects/Bee/Bee_1059.jpg,Bee,Pollinator
/scratch/user/jmagnew/datasets/insects/Bee/Bee_287.jpeg,Bee,Pollinator
/scratch/user/jmagnew/datasets/insects/Bee/Bee_921.jpg,Bee,Pollinator
/scratch/user/jmagnew/datasets/insects/Bee/Bee_1065.jpg,Bee,Pollinator
/scratch/user/jmagnew/datasets/insects/Bee/Bee_976.jpg,Bee,Pollinator
/scratch/user/jmagnew/datasets/insects/Bee/Bee_87.jpg,Bee,Pollinator
/scratch/user/jmagnew/datasets/insects/Bee/Bee_289.jpg,Bee,Pollinator
/scratch/user/jmagnew/datasets/insects/Bee/Bee_1029.jpg,Bee,Pollinator
/scratch/user/jmagnew/datasets/insects/Bee/Bee_1071.jpg,Bee,Pollinator
/scratch/user/jmagnew/datasets/insects/Bee/Bee_442.jpg,Bee,Pollinator
/scratch/user/jmagnew/datasets/insects/Bee/Bee_815.jpg,Bee,Pollinator
/scratch/user/jmagnew/datasets/insects/Bee/Bee_551.jpg,Bee,Pollinator
/scratch/user/jmagnew/datasets/insects/Bee/Bee_345.jpg,Bee,Pollinator
/scratch/user/jmagnew/datasets/insects/Bee/Bee_173.jpeg,Bee,Pollinator
/scratch/user/jmagnew/datasets/insects/Bee/Bee_103.jpg,Bee,Pollinator
/scratch/user/jmagnew/datasets/insects/Bee/Bee_692.jpg,Bee,Pollinator
/scratch/user/jmagnew/datasets/insects/Bee/Bee_928.jpg,Bee,Pollinator
/scratch/user/jmagnew/datasets/insects/Bee/Bee_10.jpg,Bee,Pollinator
/scratch/user/jmagnew/datasets/insects/Bee/Bee_742.jpg,Bee,Pollinator
/scratch/user/jmagnew/datasets/insects/Bee/Bee_449.jpg,Bee,Pollinator
/scratch/user/jmagnew/datasets/insects/Bee/Bee_1050.jpeg,Bee,Pollinator
/scratch/user/jmagnew/datasets/insects/Bee/Bee_311.jpg,Bee,Pollinator
/scratch/user/jmagnew/datasets/insects/Bee/Bee_754.jpg,Bee,Pollinator
/scratch/user/jmagnew/datasets/insects/Bee/Bee_86.jpg,Bee,Pollinator
/scratch/user/jmagnew/datasets/insects/Bee/Bee_479.jpg,Bee,Pollinator
/scratch/user/jmagnew/datasets/insects/Bee/Bee_517.jpg,Bee,Pollinator
/scratch/user/jmagnew/datasets/insects/Bee/Bee_520.jpg,Bee,Pollinator
/scratch/user/jmagnew/datasets/insects/Bee/Bee_965.jpg,Bee,Pollinator
/scratch/user/jmagnew/datasets/insects/Bee/Bee_903.jpg,Bee,Pollinator
/scratch/user/jmagnew/datasets/insects/Bee/Bee_1084.jpg,Bee,Pollinator
/scratch/user/jmagnew/datasets/insects/Bee/Bee_283.jpg,Bee,Pollinator
/scratch/user/jmagnew/datasets/insects/Bee/Bee_129.jpg,Bee,Pollinator
/scratch/user/jmagnew/datasets/insects/Bee/Bee_164.jpg,Bee,Pollinator
/scratch/user/jmagnew/datasets/insects/Bee/Bee_770.jpg,Bee,Pollinator
/scratch/user/jmagnew/datasets/insects/Bee/Bee_727.jpg,Bee,Pollinator
/scratch/user/jmagnew/datasets/insects/Bee/Bee_280.jpg,Bee,Pollinator
/scratch/user/jmagnew/datasets/insects/Bee/Bee_1056.jpg,Bee,Pollinator
/scratch/user/jmagnew/datasets/insects/Bee/Bee_270.jpg,Bee,Pollinator
/scratch/user/jmagnew/datasets/insects/Bee/Bee_957.jpg,Bee,Pollinator
/scratch/user/jmagnew/datasets/insects/Bee/Bee_20.jpg,Bee,Pollinator
/scratch/user/jmagnew/datasets/insects/Bee/Bee_284.jpg,Bee,Pollinator
/scratch/user/jmagnew/datasets/insects/Bee/Bee_265.png,Bee,Pollinator
/scratch/user/jmagnew/datasets/insects/Bee/Bee_185.jpg,Bee,Pollinator
/scratch/user/jmagnew/datasets/insects/Bee/Bee_837.jpg,Bee,Pollinator
/scratch/user/jmagnew/datasets/insects/Bee/Bee_966.jpg,Bee,Pollinator
/scratch/user/jmagnew/datasets/insects/Bee/Bee_665.jpg,Bee,Pollinator
/scratch/user/jmagnew/datasets/insects/Bee/Bee_711.jpg,Bee,Pollinator
/scratch/user/jmagnew/datasets/insects/Bee/Bee_128.jpeg,Bee,Pollinator
/scratch/user/jmagnew/datasets/insects/Bee/Bee_241.jpeg,Bee,Pollinator
/scratch/user/jmagnew/datasets/insects/Bee/Bee_63.jpg,Bee,Pollinator
/scratch/user/jmagnew/datasets/insects/Bee/Bee_649.jpg,Bee,Pollinator
/scratch/user/jmagnew/datasets/insects/Bee/Bee_674.jpg,Bee,Pollinator
/scratch/user/jmagnew/datasets/insects/Bee/Bee_33.jpg,Bee,Pollinator
/scratch/user/jmagnew/datasets/insects/Bee/Bee_395.jpg,Bee,Pollinator
/scratch/user/jmagnew/datasets/insects/Bee/Bee_413.jpg,Bee,Pollinator
/scratch/user/jmagnew/datasets/insects/Bee/Bee_939.jpg,Bee,Pollinator
/scratch/user/jmagnew/datasets/insects/Bee/Bee_95.jpg,Bee,Pollinator
/scratch/user/jmagnew/datasets/insects/Bee/Bee_576.jpg,Bee,Pollinator
/scratch/user/jmagnew/datasets/insects/Bee/Bee_358.jpg,Bee,Pollinator
/scratch/user/jmagnew/datasets/insects/Bee/Bee_227.jpg,Bee,Pollinator
/scratch/user/jmagnew/datasets/insects/Bee/Bee_575.jpeg,Bee,Pollinator
/scratch/user/jmagnew/datasets/insects/Bee/Bee_290.jpg,Bee,Pollinator
/scratch/user/jmagnew/datasets/insects/Bee/Bee_226.jpg,Bee,Pollinator
/scratch/user/jmagnew/datasets/insects/Bee/Bee_485.jpg,Bee,Pollinator
/scratch/user/jmagnew/datasets/insects/Bee/Bee_279.jpg,Bee,Pollinator
/scratch/user/jmagnew/datasets/insects/Bee/Bee_626.jpg,Bee,Pollinator
/scratch/user/jmagnew/datasets/insects/Bee/Bee_712.jpg,Bee,Pollinator
/scratch/user/jmagnew/datasets/insects/Bee/Bee_640.jpg,Bee,Pollinator
/scratch/user/jmagnew/datasets/insects/Bee/Bee_728.jpg,Bee,Pollinator
/scratch/user/jmagnew/datasets/insects/Bee/Bee_710.jpg,Bee,Pollinator
/scratch/user/jmagnew/datasets/insects/Bee/Bee_687.jpg,Bee,Pollinator
/scratch/user/jmagnew/datasets/insects/Bee/Bee_299.jpg,Bee,Pollinator
/scratch/user/jmagnew/datasets/insects/Bee/Bee_593.jpg,Bee,Pollinator
/scratch/user/jmagnew/datasets/insects/Bee/Bee_222.jpg,Bee,Pollinator
/scratch/user/jmagnew/datasets/insects/Bee/Bee_135.jpg,Bee,Pollinator
/scratch/user/jmagnew/datasets/insects/Bee/Bee_337.jpg,Bee,Pollinator
/scratch/user/jmagnew/datasets/insects/Bee/Bee_286.jpg,Bee,Pollinator
/scratch/user/jmagnew/datasets/insects/Bee/Bee_708.jpg,Bee,Pollinator
/scratch/user/jmagnew/datasets/insects/Bee/Bee_553.jpg,Bee,Pollinator
/scratch/user/jmagnew/datasets/insects/Bee/Bee_385.jpg,Bee,Pollinator
/scratch/user/jmagnew/datasets/insects/Bee/Bee_843.jpg,Bee,Pollinator
/scratch/user/jmagnew/datasets/insects/Bee/Bee_424.jpg,Bee,Pollinator
/scratch/user/jmagnew/datasets/insects/Bee/Bee_411.jpg,Bee,Pollinator
/scratch/user/jmagnew/datasets/insects/Bee/Bee_314.jpg,Bee,Pollinator
/scratch/user/jmagnew/datasets/insects/Bee/Bee_166.jpg,Bee,Pollinator
/scratch/user/jmagnew/datasets/insects/Bee/Bee_869.jpg,Bee,Pollinator
/scratch/user/jmagnew/datasets/insects/Bee/Bee_450.jpg,Bee,Pollinator
/scratch/user/jmagnew/datasets/insects/Bee/Bee_17.jpeg,Bee,Pollinator
/scratch/user/jmagnew/datasets/insects/Bee/Bee_895.jpg,Bee,Pollinator
/scratch/user/jmagnew/datasets/insects/Bee/Bee_860.jpg,Bee,Pollinator
/scratch/user/jmagnew/datasets/insects/Bee/Bee_516.jpg,Bee,Pollinator
/scratch/user/jmagnew/datasets/insects/Bee/Bee_876.jpg,Bee,Pollinator
/scratch/user/jmagnew/datasets/insects/Bee/Bee_204.jpg,Bee,Pollinator
/scratch/user/jmagnew/datasets/insects/Bee/Bee_592.png,Bee,Pollinator
/scratch/user/jmagnew/datasets/insects/Bee/Bee_695.jpg,Bee,Pollinator
/scratch/user/jmagnew/datasets/insects/Bee/Bee_757.jpg,Bee,Pollinator
/scratch/user/jmagnew/datasets/insects/Bee/Bee_16.jpg,Bee,Pollinator
/scratch/user/jmagnew/datasets/insects/Bee/Bee_629.png,Bee,Pollinator
/scratch/user/jmagnew/datasets/insects/Bee/Bee_955.jpg,Bee,Pollinator
/scratch/user/jmagnew/datasets/insects/Bee/Bee_148.jpg,Bee,Pollinator
/scratch/user/jmagnew/datasets/insects/Bee/Bee_803.jpg,Bee,Pollinator
/scratch/user/jmagnew/datasets/insects/Bee/Bee_439.jpg,Bee,Pollinator
/scratch/user/jmagnew/datasets/insects/Bee/Bee_233.jpg,Bee,Pollinator
/scratch/user/jmagnew/datasets/insects/Bee/Bee_823.jpg,Bee,Pollinator
/scratch/user/jmagnew/datasets/insects/Bee/Bee_569.jpg,Bee,Pollinator
/scratch/user/jmagnew/datasets/insects/Bee/Bee_937.jpg,Bee,Pollinator
/scratch/user/jmagnew/datasets/insects/Bee/Bee_1016.jpg,Bee,Pollinator
/scratch/user/jmagnew/datasets/insects/Bee/Bee_881.jpg,Bee,Pollinator
/scratch/user/jmagnew/datasets/insects/Bee/Bee_495.jpg,Bee,Pollinator
/scratch/user/jmagnew/datasets/insects/Bee/Bee_40.jpg,Bee,Pollinator
/scratch/user/jmagnew/datasets/insects/Bee/Bee_65.jpg,Bee,Pollinator
/scratch/user/jmagnew/datasets/insects/Bee/Bee_639.jpg,Bee,Pollinator
/scratch/user/jmagnew/datasets/insects/Bee/Bee_737.jpg,Bee,Pollinator
/scratch/user/jmagnew/datasets/insects/Bee/Bee_43.jpg,Bee,Pollinator
/scratch/user/jmagnew/datasets/insects/Bee/Bee_554.jpg,Bee,Pollinator
/scratch/user/jmagnew/datasets/insects/Bee/Bee_996.jpg,Bee,Pollinator
/scratch/user/jmagnew/datasets/insects/Bee/Bee_324.jpg,Bee,Pollinator
/scratch/user/jmagnew/datasets/insects/Bee/Bee_502.jpg,Bee,Pollinator
/scratch/user/jmagnew/datasets/insects/Bee/Bee_191.jpg,Bee,Pollinator
/scratch/user/jmagnew/datasets/insects/Bee/Bee_373.jpg,Bee,Pollinator
/scratch/user/jmagnew/datasets/insects/Bee/Bee_1048.jpg,Bee,Pollinator
/scratch/user/jmagnew/datasets/insects/Bee/Bee_585.jpg,Bee,Pollinator
/scratch/user/jmagnew/datasets/insects/Bee/Bee_201.jpg,Bee,Pollinator
/scratch/user/jmagnew/datasets/insects/Bee/Bee_1007.jpg,Bee,Pollinator
/scratch/user/jmagnew/datasets/insects/Bee/Bee_147.jpg,Bee,Pollinator
/scratch/user/jmagnew/datasets/insects/Bee/Bee_436.jpg,Bee,Pollinator
/scratch/user/jmagnew/datasets/insects/Bee/Bee_817.jpg,Bee,Pollinator
/scratch/user/jmagnew/datasets/insects/Bee/Bee_529.jpg,Bee,Pollinator
/scratch/user/jmagnew/datasets/insects/Bee/Bee_303.jpg,Bee,Pollinator
/scratch/user/jmagnew/datasets/insects/Bee/Bee_251.jpg,Bee,Pollinator
/scratch/user/jmagnew/datasets/insects/Bee/Bee_845.jpg,Bee,Pollinator
/scratch/user/jmagnew/datasets/insects/Bee/Bee_586.jpeg,Bee,Pollinator
/scratch/user/jmagnew/datasets/insects/Bee/Bee_208.jpg,Bee,Pollinator
/scratch/user/jmagnew/datasets/insects/Bee/Bee_212.jpg,Bee,Pollinator
/scratch/user/jmagnew/datasets/insects/Bee/Bee_205.jpg,Bee,Pollinator
/scratch/user/jmagnew/datasets/insects/Bee/Bee_146.jpg,Bee,Pollinator
/scratch/user/jmagnew/datasets/insects/Bee/Bee_240.jpeg,Bee,Pollinator
/scratch/user/jmagnew/datasets/insects/Bee/Bee_231.jpeg,Bee,Pollinator
/scratch/user/jmagnew/datasets/insects/Bee/Bee_187.jpg,Bee,Pollinator
/scratch/user/jmagnew/datasets/insects/Bee/Bee_202.jpg,Bee,Pollinator
/scratch/user/jmagnew/datasets/insects/Bee/Bee_149.jpg,Bee,Pollinator
/scratch/user/jmagnew/datasets/insects/Bee/Bee_913.jpg,Bee,Pollinator
/scratch/user/jmagnew/datasets/insects/Bee/Bee_706.jpg,Bee,Pollinator
/scratch/user/jmagnew/datasets/insects/Bee/Bee_317.jpg,Bee,Pollinator
/scratch/user/jmagnew/datasets/insects/Bee/Bee_716.jpg,Bee,Pollinator
/scratch/user/jmagnew/datasets/insects/Bee/Bee_820.jpg,Bee,Pollinator
/scratch/user/jmagnew/datasets/insects/Bee/Bee_78.jpg,Bee,Pollinator
/scratch/user/jmagnew/datasets/insects/Bee/Bee_120.jpg,Bee,Pollinator
/scratch/user/jmagnew/datasets/insects/Bee/Bee_948.jpg,Bee,Pollinator
/scratch/user/jmagnew/datasets/insects/Bee/Bee_574.jpeg,Bee,Pollinator
/scratch/user/jmagnew/datasets/insects/Bee/Bee_594.jpg,Bee,Pollinator
/scratch/user/jmagnew/datasets/insects/Bee/Bee_125.jpg,Bee,Pollinator
/scratch/user/jmagnew/datasets/insects/Bee/Bee_589.png,Bee,Pollinator
/scratch/user/jmagnew/datasets/insects/Bee/Bee_301.jpg,Bee,Pollinator
/scratch/user/jmagnew/datasets/insects/Bee/Bee_682.jpg,Bee,Pollinator
/scratch/user/jmagnew/datasets/insects/Bee/Bee_550.jpg,Bee,Pollinator
/scratch/user/jmagnew/datasets/insects/Bee/Bee_933.jpg,Bee,Pollinator
/scratch/user/jmagnew/datasets/insects/Bee/Bee_700.jpg,Bee,Pollinator
/scratch/user/jmagnew/datasets/insects/Bee/Bee_75.jpg,Bee,Pollinator
/scratch/user/jmagnew/datasets/insects/Bee/Bee_250.jpg,Bee,Pollinator
/scratch/user/jmagnew/datasets/insects/Bee/Bee_1038.jpg,Bee,Pollinator
/scratch/user/jmagnew/datasets/insects/Bee/Bee_534.jpg,Bee,Pollinator
/scratch/user/jmagnew/datasets/insects/Bee/Bee_1023.jpg,Bee,Pollinator
/scratch/user/jmagnew/datasets/insects/Bee/Bee_855.jpg,Bee,Pollinator
/scratch/user/jmagnew/datasets/insects/Bee/Bee_468.jpg,Bee,Pollinator
/scratch/user/jmagnew/datasets/insects/Bee/Bee_332.jpg,Bee,Pollinator
/scratch/user/jmagnew/datasets/insects/Bee/Bee_959.jpg,Bee,Pollinator
/scratch/user/jmagnew/datasets/insects/Bee/Bee_197.jpg,Bee,Pollinator
/scratch/user/jmagnew/datasets/insects/Bee/Bee_89.jpg,Bee,Pollinator
/scratch/user/jmagnew/datasets/insects/Bee/Bee_1041.jpg,Bee,Pollinator
/scratch/user/jmagnew/datasets/insects/Bee/Bee_351.jpg,Bee,Pollinator
/scratch/user/jmagnew/datasets/insects/Bee/Bee_707.jpg,Bee,Pollinator
/scratch/user/jmagnew/datasets/insects/Bee/Bee_1000.jpg,Bee,Pollinator
/scratch/user/jmagnew/datasets/insects/Bee/Bee_733.jpg,Bee,Pollinator
/scratch/user/jmagnew/datasets/insects/Bee/Bee_113.jpg,Bee,Pollinator
/scratch/user/jmagnew/datasets/insects/Bee/Bee_678.jpg,Bee,Pollinator
/scratch/user/jmagnew/datasets/insects/Bee/Bee_441.jpg,Bee,Pollinator
/scratch/user/jmagnew/datasets/insects/Bee/Bee_470.jpg,Bee,Pollinator
/scratch/user/jmagnew/datasets/insects/Bee/Bee_1078.jpg,Bee,Pollinator
/scratch/user/jmagnew/datasets/insects/Bee/Bee_271.jpg,Bee,Pollinator
/scratch/user/jmagnew/datasets/insects/Bee/Bee_893.jpg,Bee,Pollinator
/scratch/user/jmagnew/datasets/insects/Bee/Bee_1051.jpg,Bee,Pollinator
/scratch/user/jmagnew/datasets/insects/Bee/Bee_877.jpg,Bee,Pollinator
/scratch/user/jmagnew/datasets/insects/Bee/Bee_798.jpg,Bee,Pollinator
/scratch/user/jmagnew/datasets/insects/Bee/Bee_1022.jpg,Bee,Pollinator
/scratch/user/jmagnew/datasets/insects/Bee/Bee_660.jpg,Bee,Pollinator
/scratch/user/jmagnew/datasets/insects/Bee/Bee_552.jpg,Bee,Pollinator
/scratch/user/jmagnew/datasets/insects/Bee/Bee_154.jpg,Bee,Pollinator
/scratch/user/jmagnew/datasets/insects/Bee/Bee_1011.png,Bee,Pollinator
/scratch/user/jmagnew/datasets/insects/Bee/Bee_720.jpg,Bee,Pollinator
/scratch/user/jmagnew/datasets/insects/Bee/Bee_549.jpg,Bee,Pollinator
/scratch/user/jmagnew/datasets/insects/Bee/Bee_771.jpg,Bee,Pollinator
/scratch/user/jmagnew/datasets/insects/Bee/Bee_557.jpg,Bee,Pollinator
/scratch/user/jmagnew/datasets/insects/Bee/Bee_29.jpg,Bee,Pollinator
/scratch/user/jmagnew/datasets/insects/Bee/Bee_394.jpg,Bee,Pollinator
/scratch/user/jmagnew/datasets/insects/Bee/Bee_980.jpg,Bee,Pollinator
/scratch/user/jmagnew/datasets/insects/Bee/Bee_940.jpg,Bee,Pollinator
/scratch/user/jmagnew/datasets/insects/Bee/Bee_604.jpg,Bee,Pollinator
/scratch/user/jmagnew/datasets/insects/Bee/Bee_784.jpg,Bee,Pollinator
/scratch/user/jmagnew/datasets/insects/Bee/Bee_433.jpg,Bee,Pollinator
/scratch/user/jmagnew/datasets/insects/Bee/Bee_922.jpg,Bee,Pollinator
/scratch/user/jmagnew/datasets/insects/Bee/Bee_986.jpg,Bee,Pollinator
/scratch/user/jmagnew/datasets/insects/Bee/Bee_580.jpg,Bee,Pollinator
/scratch/user/jmagnew/datasets/insects/Bee/Bee_482.jpg,Bee,Pollinator
/scratch/user/jmagnew/datasets/insects/Bee/Bee_973.jpeg,Bee,Pollinator
/scratch/user/jmagnew/datasets/insects/Bee/Bee_610.jpg,Bee,Pollinator
/scratch/user/jmagnew/datasets/insects/Bee/Bee_702.jpg,Bee,Pollinator
/scratch/user/jmagnew/datasets/insects/Bee/Bee_1080.jpg,Bee,Pollinator
/scratch/user/jmagnew/datasets/insects/Bee/Bee_916.jpg,Bee,Pollinator
/scratch/user/jmagnew/datasets/insects/Bee/Bee_793.jpg,Bee,Pollinator
/scratch/user/jmagnew/datasets/insects/Bee/Bee_474.jpg,Bee,Pollinator
/scratch/user/jmagnew/datasets/insects/Bee/Bee_258.jpg,Bee,Pollinator
/scratch/user/jmagnew/datasets/insects/Bee/Bee_974.jpg,Bee,Pollinator
/scratch/user/jmagnew/datasets/insects/Bee/Bee_48.jpg,Bee,Pollinator
/scratch/user/jmagnew/datasets/insects/Bee/Bee_730.jpg,Bee,Pollinator
/scratch/user/jmagnew/datasets/insects/Bee/Bee_464.jpg,Bee,Pollinator
/scratch/user/jmagnew/datasets/insects/Bee/Bee_856.jpg,Bee,Pollinator
/scratch/user/jmagnew/datasets/insects/Bee/Bee_822.jpg,Bee,Pollinator
/scratch/user/jmagnew/datasets/insects/Bee/Bee_360.jpg,Bee,Pollinator
/scratch/user/jmagnew/datasets/insects/Bee/Bee_501.jpg,Bee,Pollinator
/scratch/user/jmagnew/datasets/insects/Bee/Bee_910.jpg,Bee,Pollinator
/scratch/user/jmagnew/datasets/insects/Bee/Bee_329.jpg,Bee,Pollinator
/scratch/user/jmagnew/datasets/insects/Bee/Bee_38.jpg,Bee,Pollinator
/scratch/user/jmagnew/datasets/insects/Bee/Bee_44.jpg,Bee,Pollinator
/scratch/user/jmagnew/datasets/insects/Bee/Bee_1045.jpg,Bee,Pollinator
/scratch/user/jmagnew/datasets/insects/Bee/Bee_356.png,Bee,Pollinator
/scratch/user/jmagnew/datasets/insects/Bee/Bee_671.jpg,Bee,Pollinator
/scratch/user/jmagnew/datasets/insects/Bee/Bee_766.jpg,Bee,Pollinator
/scratch/user/jmagnew/datasets/insects/Bee/Bee_22.jpeg,Bee,Pollinator
/scratch/user/jmagnew/datasets/insects/Bee/Bee_504.jpg,Bee,Pollinator
/scratch/user/jmagnew/datasets/insects/Bee/Bee_887.jpg,Bee,Pollinator
/scratch/user/jmagnew/datasets/insects/Bee/Bee_1017.jpg,Bee,Pollinator
/scratch/user/jmagnew/datasets/insects/Bee/Bee_923.jpg,Bee,Pollinator
/scratch/user/jmagnew/datasets/insects/Bee/Bee_49.jpg,Bee,Pollinator
/scratch/user/jmagnew/datasets/insects/Bee/Bee_352.jpg,Bee,Pollinator
/scratch/user/jmagnew/datasets/insects/Bee/Bee_905.jpg,Bee,Pollinator
/scratch/user/jmagnew/datasets/insects/Bee/Bee_825.jpg,Bee,Pollinator
/scratch/user/jmagnew/datasets/insects/Bee/Bee_839.jpg,Bee,Pollinator
/scratch/user/jmagnew/datasets/insects/Bee/Bee_307.jpg,Bee,Pollinator
/scratch/user/jmagnew/datasets/insects/Bee/Bee_512.jpg,Bee,Pollinator
/scratch/user/jmagnew/datasets/insects/Bee/Bee_305.jpg,Bee,Pollinator
/scratch/user/jmagnew/datasets/insects/Bee/Bee_769.jpg,Bee,Pollinator
/scratch/user/jmagnew/datasets/insects/Bee/Bee_667.jpg,Bee,Pollinator
/scratch/user/jmagnew/datasets/insects/Bee/Bee_85.jpg,Bee,Pollinator
/scratch/user/jmagnew/datasets/insects/Bee/Bee_607.jpg,Bee,Pollinator
/scratch/user/jmagnew/datasets/insects/Bee/Bee_642.jpg,Bee,Pollinator
/scratch/user/jmagnew/datasets/insects/Bee/Bee_583.png,Bee,Pollinator
/scratch/user/jmagnew/datasets/insects/Bee/Bee_328.jpg,Bee,Pollinator
/scratch/user/jmagnew/datasets/insects/Bee/Bee_491.jpg,Bee,Pollinator
/scratch/user/jmagnew/datasets/insects/Bee/Bee_401.jpg,Bee,Pollinator
/scratch/user/jmagnew/datasets/insects/Bee/Bee_32.jpg,Bee,Pollinator
/scratch/user/jmagnew/datasets/insects/Bee/Bee_486.jpg,Bee,Pollinator
/scratch/user/jmagnew/datasets/insects/Bee/Bee_8.jpg,Bee,Pollinator
/scratch/user/jmagnew/datasets/insects/Bee/Bee_834.jpg,Bee,Pollinator
/scratch/user/jmagnew/datasets/insects/Bee/Bee_7.jpg,Bee,Pollinator
/scratch/user/jmagnew/datasets/insects/Bee/Bee_1069.jpg,Bee,Pollinator
/scratch/user/jmagnew/datasets/insects/Bee/Bee_316.jpg,Bee,Pollinator
/scratch/user/jmagnew/datasets/insects/Bee/Bee_874.jpg,Bee,Pollinator
/scratch/user/jmagnew/datasets/insects/Bee/Bee_858.jpg,Bee,Pollinator
/scratch/user/jmagnew/datasets/insects/Bee/Bee_618.jpeg,Bee,Pollinator
/scratch/user/jmagnew/datasets/insects/Bee/Bee_1047.jpg,Bee,Pollinator
/scratch/user/jmagnew/datasets/insects/Bee/Bee_559.jpg,Bee,Pollinator
/scratch/user/jmagnew/datasets/insects/Bee/Bee_616.jpg,Bee,Pollinator
/scratch/user/jmagnew/datasets/insects/Bee/Bee_393.jpg,Bee,Pollinator
/scratch/user/jmagnew/datasets/insects/Bee/Bee_709.jpg,Bee,Pollinator
/scratch/user/jmagnew/datasets/insects/Bee/Bee_906.jpg,Bee,Pollinator
/scratch/user/jmagnew/datasets/insects/Bee/Bee_795.jpg,Bee,Pollinator
/scratch/user/jmagnew/datasets/insects/Bee/Bee_777.jpg,Bee,Pollinator
/scratch/user/jmagnew/datasets/insects/Bee/Bee_826.jpg,Bee,Pollinator
/scratch/user/jmagnew/datasets/insects/Bee/Bee_172.jpeg,Bee,Pollinator
/scratch/user/jmagnew/datasets/insects/Bee/Bee_104.jpg,Bee,Pollinator
/scratch/user/jmagnew/datasets/insects/Bee/Bee_602.jpg,Bee,Pollinator
/scratch/user/jmagnew/datasets/insects/Bee/Bee_375.jpg,Bee,Pollinator
/scratch/user/jmagnew/datasets/insects/Bee/Bee_677.jpg,Bee,Pollinator
/scratch/user/jmagnew/datasets/insects/Bee/Bee_141.jpg,Bee,Pollinator
/scratch/user/jmagnew/datasets/insects/Bee/Bee_792.jpg,Bee,Pollinator
/scratch/user/jmagnew/datasets/insects/Bee/Bee_165.jpg,Bee,Pollinator
/scratch/user/jmagnew/datasets/insects/Bee/Bee_684.jpg,Bee,Pollinator
/scratch/user/jmagnew/datasets/insects/Bee/Bee_230.jpg,Bee,Pollinator
/scratch/user/jmagnew/datasets/insects/Bee/Bee_372.jpeg,Bee,Pollinator
/scratch/user/jmagnew/datasets/insects/Bee/Bee_163.jpg,Bee,Pollinator
/scratch/user/jmagnew/datasets/insects/Bee/Bee_907.jpg,Bee,Pollinator
/scratch/user/jmagnew/datasets/insects/Bee/Bee_108.jpg,Bee,Pollinator
/scratch/user/jmagnew/datasets/insects/Bee/Bee_409.jpg,Bee,Pollinator
/scratch/user/jmagnew/datasets/insects/Bee/Bee_459.jpg,Bee,Pollinator
/scratch/user/jmagnew/datasets/insects/Bee/Bee_246.jpg,Bee,Pollinator
/scratch/user/jmagnew/datasets/insects/Bee/Bee_260.jpg,Bee,Pollinator
/scratch/user/jmagnew/datasets/insects/Bee/Bee_609.jpg,Bee,Pollinator
/scratch/user/jmagnew/datasets/insects/Bee/Bee_981.jpg,Bee,Pollinator
/scratch/user/jmagnew/datasets/insects/Bee/Bee_384.jpg,Bee,Pollinator
/scratch/user/jmagnew/datasets/insects/Bee/Bee_157.jpg,Bee,Pollinator
/scratch/user/jmagnew/datasets/insects/Bee/Bee_885.jpg,Bee,Pollinator
/scratch/user/jmagnew/datasets/insects/Bee/Bee_14.png,Bee,Pollinator
/scratch/user/jmagnew/datasets/insects/Bee/Bee_182.jpg,Bee,Pollinator
/scratch/user/jmagnew/datasets/insects/Bee/Bee_683.jpg,Bee,Pollinator
/scratch/user/jmagnew/datasets/insects/Bee/Bee_663.jpg,Bee,Pollinator
/scratch/user/jmagnew/datasets/insects/Bee/Bee_238.jpeg,Bee,Pollinator
/scratch/user/jmagnew/datasets/insects/Bee/Bee_762.jpg,Bee,Pollinator
/scratch/user/jmagnew/datasets/insects/Bee/Bee_752.jpg,Bee,Pollinator
/scratch/user/jmagnew/datasets/insects/Bee/Bee_909.jpg,Bee,Pollinator
/scratch/user/jmagnew/datasets/insects/Bee/Bee_847.jpg,Bee,Pollinator
/scratch/user/jmagnew/datasets/insects/Bee/Bee_561.jpg,Bee,Pollinator
/scratch/user/jmagnew/datasets/insects/Bee/Bee_229.jpg,Bee,Pollinator
/scratch/user/jmagnew/datasets/insects/Bee/Bee_15.jpg,Bee,Pollinator
/scratch/user/jmagnew/datasets/insects/Bee/Bee_924.jpg,Bee,Pollinator
/scratch/user/jmagnew/datasets/insects/Bee/Bee_897.jpg,Bee,Pollinator
/scratch/user/jmagnew/datasets/insects/Bee/Bee_984.jpg,Bee,Pollinator
/scratch/user/jmagnew/datasets/insects/Bee/Bee_527.jpg,Bee,Pollinator
/scratch/user/jmagnew/datasets/insects/Bee/Bee_90.jpg,Bee,Pollinator
/scratch/user/jmagnew/datasets/insects/Bee/Bee_54.jpg,Bee,Pollinator
/scratch/user/jmagnew/datasets/insects/Bee/Bee_599.jpeg,Bee,Pollinator
/scratch/user/jmagnew/datasets/insects/Bee/Bee_1086.jpg,Bee,Pollinator
/scratch/user/jmagnew/datasets/insects/Bee/Bee_327.jpeg,Bee,Pollinator
/scratch/user/jmagnew/datasets/insects/Bee/Bee_632.jpg,Bee,Pollinator
/scratch/user/jmagnew/datasets/insects/Bee/Bee_381.jpg,Bee,Pollinator
/scratch/user/jmagnew/datasets/insects/Bee/Bee_312.jpg,Bee,Pollinator
/scratch/user/jmagnew/datasets/insects/Bee/Bee_354.jpg,Bee,Pollinator
/scratch/user/jmagnew/datasets/insects/Bee/Bee_126.jpg,Bee,Pollinator
/scratch/user/jmagnew/datasets/insects/Bee/Bee_199.jpg,Bee,Pollinator
/scratch/user/jmagnew/datasets/insects/Bee/Bee_4.jpg,Bee,Pollinator
/scratch/user/jmagnew/datasets/insects/Bee/Bee_195.jpg,Bee,Pollinator
/scratch/user/jmagnew/datasets/insects/Bee/Bee_422.jpg,Bee,Pollinator
/scratch/user/jmagnew/datasets/insects/Bee/Bee_941.jpg,Bee,Pollinator
/scratch/user/jmagnew/datasets/insects/Bee/Bee_628.jpg,Bee,Pollinator
/scratch/user/jmagnew/datasets/insects/Bee/Bee_658.png,Bee,Pollinator
/scratch/user/jmagnew/datasets/insects/Bee/Bee_12.jpg,Bee,Pollinator
/scratch/user/jmagnew/datasets/insects/Bee/Bee_1002.jpg,Bee,Pollinator
/scratch/user/jmagnew/datasets/insects/Bee/Bee_73.jpg,Bee,Pollinator
/scratch/user/jmagnew/datasets/insects/Bee/Bee_1036.jpg,Bee,Pollinator
/scratch/user/jmagnew/datasets/insects/Bee/Bee_1082.jpg,Bee,Pollinator
/scratch/user/jmagnew/datasets/insects/Bee/Bee_119.jpg,Bee,Pollinator
/scratch/user/jmagnew/datasets/insects/Bee/Bee_791.jpg,Bee,Pollinator
/scratch/user/jmagnew/datasets/insects/Bee/Bee_831.jpg,Bee,Pollinator
/scratch/user/jmagnew/datasets/insects/Bee/Bee_739.jpg,Bee,Pollinator
/scratch/user/jmagnew/datasets/insects/Bee/Bee_249.jpg,Bee,Pollinator
/scratch/user/jmagnew/datasets/insects/Bee/Bee_140.jpg,Bee,Pollinator
/scratch/user/jmagnew/datasets/insects/Bee/Bee_1008.jpeg,Bee,Pollinator
/scratch/user/jmagnew/datasets/insects/Bee/Bee_810.jpg,Bee,Pollinator
/scratch/user/jmagnew/datasets/insects/Bee/Bee_61.jpg,Bee,Pollinator
/scratch/user/jmagnew/datasets/insects/Bee/Bee_330.jpg,Bee,Pollinator
/scratch/user/jmagnew/datasets/insects/Bee/Bee_1049.jpg,Bee,Pollinator
/scratch/user/jmagnew/datasets/insects/Bee/Bee_1026.jpg,Bee,Pollinator
/scratch/user/jmagnew/datasets/insects/Bee/Bee_447.jpg,Bee,Pollinator
/scratch/user/jmagnew/datasets/insects/Bee/Bee_145.jpg,Bee,Pollinator
/scratch/user/jmagnew/datasets/insects/Bee/Bee_331.jpg,Bee,Pollinator
/scratch/user/jmagnew/datasets/insects/Bee/Bee_566.jpg,Bee,Pollinator
/scratch/user/jmagnew/datasets/insects/Bee/Bee_807.jpg,Bee,Pollinator
/scratch/user/jmagnew/datasets/insects/Bee/Bee_829.jpg,Bee,Pollinator
/scratch/user/jmagnew/datasets/insects/Bee/Bee_931.jpg,Bee,Pollinator
/scratch/user/jmagnew/datasets/insects/Bee/Bee_1042.jpg,Bee,Pollinator
/scratch/user/jmagnew/datasets/insects/Bee/Bee_296.jpg,Bee,Pollinator
/scratch/user/jmagnew/datasets/insects/Bee/Bee_884.jpg,Bee,Pollinator
/scratch/user/jmagnew/datasets/insects/Bee/Bee_458.jpg,Bee,Pollinator
/scratch/user/jmagnew/datasets/insects/Bee/Bee_814.jpg,Bee,Pollinator
/scratch/user/jmagnew/datasets/insects/Bee/Bee_813.jpg,Bee,Pollinator
/scratch/user/jmagnew/datasets/insects/Bee/Bee_84.jpg,Bee,Pollinator
/scratch/user/jmagnew/datasets/insects/Bee/Bee_266.jpeg,Bee,Pollinator
/scratch/user/jmagnew/datasets/insects/Bee/Bee_886.jpg,Bee,Pollinator
/scratch/user/jmagnew/datasets/insects/Bee/Bee_650.jpg,Bee,Pollinator
/scratch/user/jmagnew/datasets/insects/Bee/Bee_668.jpg,Bee,Pollinator
/scratch/user/jmagnew/datasets/insects/Bee/Bee_349.jpg,Bee,Pollinator
/scratch/user/jmagnew/datasets/insects/Bee/Bee_497.jpg,Bee,Pollinator
/scratch/user/jmagnew/datasets/insects/Bee/Bee_13.jpg,Bee,Pollinator
/scratch/user/jmagnew/datasets/insects/Bee/Bee_664.jpg,Bee,Pollinator
/scratch/user/jmagnew/datasets/insects/Bee/Bee_414.jpg,Bee,Pollinator
/scratch/user/jmagnew/datasets/insects/Bee/Bee_338.jpg,Bee,Pollinator
/scratch/user/jmagnew/datasets/insects/Bee/Bee_584.jpg,Bee,Pollinator
/scratch/user/jmagnew/datasets/insects/Bee/Bee_828.jpg,Bee,Pollinator
/scratch/user/jmagnew/datasets/insects/Bee/Bee_91.jpg,Bee,Pollinator
/scratch/user/jmagnew/datasets/insects/Bee/Bee_3.jpg,Bee,Pollinator
/scratch/user/jmagnew/datasets/insects/Bee/Bee_819.jpg,Bee,Pollinator
/scratch/user/jmagnew/datasets/insects/Bee/Bee_541.jpg,Bee,Pollinator
/scratch/user/jmagnew/datasets/insects/Bee/Bee_617.jpg,Bee,Pollinator
/scratch/user/jmagnew/datasets/insects/Bee/Bee_1066.jpg,Bee,Pollinator
/scratch/user/jmagnew/datasets/insects/Bee/Bee_343.jpg,Bee,Pollinator
/scratch/user/jmagnew/datasets/insects/Bee/Bee_882.jpg,Bee,Pollinator
/scratch/user/jmagnew/datasets/insects/Bee/Bee_1.jpg,Bee,Pollinator
/scratch/user/jmagnew/datasets/insects/Bee/Bee_357.jpg,Bee,Pollinator
/scratch/user/jmagnew/datasets/insects/Bee/Bee_789.jpg,Bee,Pollinator
/scratch/user/jmagnew/datasets/insects/Bee/Bee_264.jpg,Bee,Pollinator
/scratch/user/jmagnew/datasets/insects/Bee/Bee_605.jpg,Bee,Pollinator
/scratch/user/jmagnew/datasets/insects/Bee/Bee_46.jpg,Bee,Pollinator
/scratch/user/jmagnew/datasets/insects/Bee/Bee_434.jpg,Bee,Pollinator
/scratch/user/jmagnew/datasets/insects/Bee/Bee_624.jpg,Bee,Pollinator
/scratch/user/jmagnew/datasets/insects/Bee/Bee_294.jpg,Bee,Pollinator
/scratch/user/jmagnew/datasets/insects/Bee/Bee_917.jpg,Bee,Pollinator
/scratch/user/jmagnew/datasets/insects/Bee/Bee_672.png,Bee,Pollinator
/scratch/user/jmagnew/datasets/insects/Bee/Bee_558.jpg,Bee,Pollinator
/scratch/user/jmagnew/datasets/insects/Bee/Bee_416.jpg,Bee,Pollinator
/scratch/user/jmagnew/datasets/insects/Bee/Bee_257.jpg,Bee,Pollinator
/scratch/user/jmagnew/datasets/insects/Bee/Bee_591.jpg,Bee,Pollinator
/scratch/user/jmagnew/datasets/insects/Bee/Bee_967.jpg,Bee,Pollinator
/scratch/user/jmagnew/datasets/insects/Bee/Bee_729.jpg,Bee,Pollinator
/scratch/user/jmagnew/datasets/insects/Bee/Bee_446.jpg,Bee,Pollinator
/scratch/user/jmagnew/datasets/insects/Bee/Bee_421.jpg,Bee,Pollinator
/scratch/user/jmagnew/datasets/insects/Bee/Bee_437.jpeg,Bee,Pollinator
/scratch/user/jmagnew/datasets/insects/Bee/Bee_506.jpg,Bee,Pollinator
/scratch/user/jmagnew/datasets/insects/Bee/Bee_830.jpg,Bee,Pollinator
/scratch/user/jmagnew/datasets/insects/Bee/Bee_644.jpg,Bee,Pollinator
/scratch/user/jmagnew/datasets/insects/Bee/Bee_428.jpg,Bee,Pollinator
/scratch/user/jmagnew/datasets/insects/Bee/Bee_133.jpg,Bee,Pollinator
/scratch/user/jmagnew/datasets/insects/Bee/Bee_445.jpg,Bee,Pollinator
/scratch/user/jmagnew/datasets/insects/Bee/Bee_960.jpeg,Bee,Pollinator
/scratch/user/jmagnew/datasets/insects/Bee/Bee_780.jpg,Bee,Pollinator
/scratch/user/jmagnew/datasets/insects/Bee/Bee_954.jpg,Bee,Pollinator
/scratch/user/jmagnew/datasets/insects/Bee/Bee_342.jpg,Bee,Pollinator
/scratch/user/jmagnew/datasets/insects/Bee/Bee_977.jpg,Bee,Pollinator
/scratch/user/jmagnew/datasets/insects/Bee/Bee_788.jpg,Bee,Pollinator
/scratch/user/jmagnew/datasets/insects/Bee/Bee_321.jpg,Bee,Pollinator
/scratch/user/jmagnew/datasets/insects/Bee/Bee_432.jpg,Bee,Pollinator
/scratch/user/jmagnew/datasets/insects/Bee/Bee_304.jpg,Bee,Pollinator
/scratch/user/jmagnew/datasets/insects/Bee/Bee_883.jpg,Bee,Pollinator
/scratch/user/jmagnew/datasets/insects/Bee/Bee_25.jpg,Bee,Pollinator
/scratch/user/jmagnew/datasets/insects/Bee/Bee_572.jpg,Bee,Pollinator
/scratch/user/jmagnew/datasets/insects/Bee/Bee_213.png,Bee,Pollinator
/scratch/user/jmagnew/datasets/insects/Bee/Bee_487.jpg,Bee,Pollinator
/scratch/user/jmagnew/datasets/insects/Bee/Bee_899.jpg,Bee,Pollinator
/scratch/user/jmagnew/datasets/insects/Bee/Bee_745.jpg,Bee,Pollinator
/scratch/user/jmagnew/datasets/insects/Bee/Bee_281.jpg,Bee,Pollinator
/scratch/user/jmagnew/datasets/insects/Bee/Bee_842.jpg,Bee,Pollinator
/scratch/user/jmagnew/datasets/insects/Bee/Bee_1006.jpg,Bee,Pollinator
/scratch/user/jmagnew/datasets/insects/Bee/Bee_461.jpg,Bee,Pollinator
/scratch/user/jmagnew/datasets/insects/Bee/Bee_377.jpg,Bee,Pollinator
/scratch/user/jmagnew/datasets/insects/Bee/Bee_102.jpg,Bee,Pollinator
/scratch/user/jmagnew/datasets/insects/Bee/Bee_110.jpg,Bee,Pollinator
/scratch/user/jmagnew/datasets/insects/Bee/Bee_340.jpg,Bee,Pollinator
/scratch/user/jmagnew/datasets/insects/Bee/Bee_934.jpg,Bee,Pollinator
/scratch/user/jmagnew/datasets/insects/Bee/Bee_808.jpg,Bee,Pollinator
/scratch/user/jmagnew/datasets/insects/Bee/Bee_476.jpg,Bee,Pollinator
/scratch/user/jmagnew/datasets/insects/Bee/Bee_232.jpg,Bee,Pollinator
/scratch/user/jmagnew/datasets/insects/Bee/Bee_542.jpg,Bee,Pollinator
/scratch/user/jmagnew/datasets/insects/Bee/Bee_417.jpeg,Bee,Pollinator
/scratch/user/jmagnew/datasets/insects/Bee/Bee_96.jpg,Bee,Pollinator
/scratch/user/jmagnew/datasets/insects/Bee/Bee_894.jpg,Bee,Pollinator
/scratch/user/jmagnew/datasets/insects/Bee/Bee_832.jpg,Bee,Pollinator
/scratch/user/jmagnew/datasets/insects/Bee/Bee_498.jpg,Bee,Pollinator
/scratch/user/jmagnew/datasets/insects/Bee/Bee_456.jpg,Bee,Pollinator
/scratch/user/jmagnew/datasets/insects/Bee/Bee_203.jpg,Bee,Pollinator
/scratch/user/jmagnew/datasets/insects/Bee/Bee_746.jpg,Bee,Pollinator
/scratch/user/jmagnew/datasets/insects/Bee/Bee_1075.jpg,Bee,Pollinator
/scratch/user/jmagnew/datasets/insects/Bee/Bee_244.jpg,Bee,Pollinator
/scratch/user/jmagnew/datasets/insects/Bee/Bee_418.jpeg,Bee,Pollinator
/scratch/user/jmagnew/datasets/insects/Bee/Bee_1009.jpg,Bee,Pollinator
/scratch/user/jmagnew/datasets/insects/Bee/Bee_670.jpg,Bee,Pollinator
/scratch/user/jmagnew/datasets/insects/Bee/Bee_285.jpg,Bee,Pollinator
/scratch/user/jmagnew/datasets/insects/Bee/Bee_734.jpg,Bee,Pollinator
/scratch/user/jmagnew/datasets/insects/Bee/Bee_469.jpg,Bee,Pollinator
/scratch/user/jmagnew/datasets/insects/Bee/Bee_162.jpg,Bee,Pollinator
/scratch/user/jmagnew/datasets/insects/Bee/Bee_761.jpg,Bee,Pollinator
/scratch/user/jmagnew/datasets/insects/Bee/Bee_519.jpg,Bee,Pollinator
/scratch/user/jmagnew/datasets/insects/Bee/Bee_429.jpg,Bee,Pollinator
/scratch/user/jmagnew/datasets/insects/Bee/Bee_419.jpg,Bee,Pollinator
/scratch/user/jmagnew/datasets/insects/Bee/Bee_189.jpg,Bee,Pollinator
/scratch/user/jmagnew/datasets/insects/Bee/Bee_398.jpg,Bee,Pollinator
/scratch/user/jmagnew/datasets/insects/Bee/Bee_612.jpg,Bee,Pollinator
/scratch/user/jmagnew/datasets/insects/Bee/Bee_744.jpg,Bee,Pollinator
/scratch/user/jmagnew/datasets/insects/Bee/Bee_755.jpg,Bee,Pollinator
/scratch/user/jmagnew/datasets/insects/Bee/Bee_540.jpg,Bee,Pollinator
/scratch/user/jmagnew/datasets/insects/Bee/Bee_465.jpg,Bee,Pollinator
/scratch/user/jmagnew/datasets/insects/Bee/Bee_785.jpg,Bee,Pollinator
/scratch/user/jmagnew/datasets/insects/Bee/Bee_124.jpg,Bee,Pollinator
/scratch/user/jmagnew/datasets/insects/Bee/Bee_638.jpg,Bee,Pollinator
/scratch/user/jmagnew/datasets/insects/Bee/Bee_631.jpg,Bee,Pollinator
/scratch/user/jmagnew/datasets/insects/Bee/Bee_680.jpg,Bee,Pollinator
/scratch/user/jmagnew/datasets/insects/Bee/Bee_606.jpg,Bee,Pollinator
/scratch/user/jmagnew/datasets/insects/Bee/Bee_55.jpg,Bee,Pollinator
/scratch/user/jmagnew/datasets/insects/Bee/Bee_547.jpg,Bee,Pollinator
/scratch/user/jmagnew/datasets/insects/Bee/Bee_177.jpg,Bee,Pollinator
/scratch/user/jmagnew/datasets/insects/Bee/Bee_622.jpg,Bee,Pollinator
/scratch/user/jmagnew/datasets/insects/Bee/Bee_861.jpg,Bee,Pollinator
/scratch/user/jmagnew/datasets/insects/Bee/Bee_288.jpg,Bee,Pollinator
/scratch/user/jmagnew/datasets/insects/Bee/Bee_801.jpg,Bee,Pollinator
/scratch/user/jmagnew/datasets/insects/Bee/Bee_995.jpg,Bee,Pollinator
/scratch/user/jmagnew/datasets/insects/Bee/Bee_115.jpg,Bee,Pollinator
/scratch/user/jmagnew/datasets/insects/Bee/Bee_1001.jpg,Bee,Pollinator
/scratch/user/jmagnew/datasets/insects/Bee/Bee_186.jpg,Bee,Pollinator
/scratch/user/jmagnew/datasets/insects/Bee/Bee_763.jpg,Bee,Pollinator
/scratch/user/jmagnew/datasets/insects/Bee/Bee_701.jpg,Bee,Pollinator
/scratch/user/jmagnew/datasets/insects/Bee/Bee_548.jpg,Bee,Pollinator
/scratch/user/jmagnew/datasets/insects/Bee/Bee_139.jpg,Bee,Pollinator
/scratch/user/jmagnew/datasets/insects/Bee/Bee_370.jpg,Bee,Pollinator
/scratch/user/jmagnew/datasets/insects/Bee/Bee_39.jpg,Bee,Pollinator
/scratch/user/jmagnew/datasets/insects/Bee/Bee_865.jpg,Bee,Pollinator
/scratch/user/jmagnew/datasets/insects/Bee/Bee_306.jpg,Bee,Pollinator
/scratch/user/jmagnew/datasets/insects/Bee/Bee_824.jpg,Bee,Pollinator
/scratch/user/jmagnew/datasets/insects/Bee/Bee_956.jpg,Bee,Pollinator
/scratch/user/jmagnew/datasets/insects/Bee/Bee_655.jpg,Bee,Pollinator
/scratch/user/jmagnew/datasets/insects/Bee/Bee_634.jpg,Bee,Pollinator
/scratch/user/jmagnew/datasets/insects/Bee/Bee_88.jpg,Bee,Pollinator
/scratch/user/jmagnew/datasets/insects/Bee/Bee_383.jpeg,Bee,Pollinator
/scratch/user/jmagnew/datasets/insects/Bee/Bee_454.jpg,Bee,Pollinator
/scratch/user/jmagnew/datasets/insects/Bee/Bee_397.png,Bee,Pollinator
/scratch/user/jmagnew/datasets/insects/Bee/Bee_58.jpeg,Bee,Pollinator
/scratch/user/jmagnew/datasets/insects/Bee/Bee_560.jpg,Bee,Pollinator
/scratch/user/jmagnew/datasets/insects/Bee/Bee_475.jpg,Bee,Pollinator
/scratch/user/jmagnew/datasets/insects/Bee/Bee_402.jpg,Bee,Pollinator
/scratch/user/jmagnew/datasets/insects/Bee/Bee_525.jpg,Bee,Pollinator
/scratch/user/jmagnew/datasets/insects/Bee/Bee_51.jpg,Bee,Pollinator
/scratch/user/jmagnew/datasets/insects/Bee/Bee_123.jpg,Bee,Pollinator
/scratch/user/jmagnew/datasets/insects/Bee/Bee_153.jpg,Bee,Pollinator
/scratch/user/jmagnew/datasets/insects/Bee/Bee_595.jpg,Bee,Pollinator
/scratch/user/jmagnew/datasets/insects/Bee/Bee_741.jpg,Bee,Pollinator
/scratch/user/jmagnew/datasets/insects/Bee/Bee_532.jpg,Bee,Pollinator
/scratch/user/jmagnew/datasets/insects/Bee/Bee_985.jpg,Bee,Pollinator
/scratch/user/jmagnew/datasets/insects/Bee/Bee_77.jpg,Bee,Pollinator
/scratch/user/jmagnew/datasets/insects/Bee/Bee_167.jpeg,Bee,Pollinator
/scratch/user/jmagnew/datasets/insects/Bee/Bee_505.png,Bee,Pollinator
/scratch/user/jmagnew/datasets/insects/Bee/Bee_237.jpeg,Bee,Pollinator
/scratch/user/jmagnew/datasets/insects/Bee/Bee_70.jpg,Bee,Pollinator
/scratch/user/jmagnew/datasets/insects/Bee/Bee_892.jpg,Bee,Pollinator
/scratch/user/jmagnew/datasets/insects/Bee/Bee_546.jpg,Bee,Pollinator
/scratch/user/jmagnew/datasets/insects/Bee/Bee_510.jpg,Bee,Pollinator
/scratch/user/jmagnew/datasets/insects/Bee/Bee_979.jpg,Bee,Pollinator
/scratch/user/jmagnew/datasets/insects/Bee/Bee_267.jpg,Bee,Pollinator
/scratch/user/jmagnew/datasets/insects/Bee/Bee_713.jpg,Bee,Pollinator
/scratch/user/jmagnew/datasets/insects/Bee/Bee_106.jpg,Bee,Pollinator
/scratch/user/jmagnew/datasets/insects/Bee/Bee_990.png,Bee,Pollinator
/scratch/user/jmagnew/datasets/insects/Bee/Bee_348.jpg,Bee,Pollinator
/scratch/user/jmagnew/datasets/insects/Bee/Bee_64.jpg,Bee,Pollinator
/scratch/user/jmagnew/datasets/insects/Bee/Bee_1024.jpg,Bee,Pollinator
/scratch/user/jmagnew/datasets/insects/Bee/Bee_169.jpeg,Bee,Pollinator
/scratch/user/jmagnew/datasets/insects/Bee/Bee_654.jpg,Bee,Pollinator
/scratch/user/jmagnew/datasets/insects/Bee/Bee_879.jpg,Bee,Pollinator
/scratch/user/jmagnew/datasets/insects/Bee/Bee_1062.jpg,Bee,Pollinator
/scratch/user/jmagnew/datasets/insects/Bee/Bee_1085.jpg,Bee,Pollinator
/scratch/user/jmagnew/datasets/insects/Bee/Bee_309.jpg,Bee,Pollinator
/scratch/user/jmagnew/datasets/insects/Bee/Bee_218.png,Bee,Pollinator
/scratch/user/jmagnew/datasets/insects/Bee/Bee_379.jpg,Bee,Pollinator
/scratch/user/jmagnew/datasets/insects/Bee/Bee_896.jpg,Bee,Pollinator
/scratch/user/jmagnew/datasets/insects/Bee/Bee_751.jpg,Bee,Pollinator
/scratch/user/jmagnew/datasets/insects/Bee/Bee_518.jpg,Bee,Pollinator
/scratch/user/jmagnew/datasets/insects/Bee/Bee_405.jpg,Bee,Pollinator
/scratch/user/jmagnew/datasets/insects/Bee/Bee_217.jpg,Bee,Pollinator
/scratch/user/jmagnew/datasets/insects/Bee/Bee_403.jpg,Bee,Pollinator
/scratch/user/jmagnew/datasets/insects/Bee/Bee_898.jpg,Bee,Pollinator
/scratch/user/jmagnew/datasets/insects/Bee/Bee_781.jpg,Bee,Pollinator
/scratch/user/jmagnew/datasets/insects/Bee/Bee_657.jpg,Bee,Pollinator
/scratch/user/jmagnew/datasets/insects/Bee/Bee_1032.jpg,Bee,Pollinator
/scratch/user/jmagnew/datasets/insects/Bee/Bee_875.jpg,Bee,Pollinator
/scratch/user/jmagnew/datasets/insects/Bee/Bee_359.jpg,Bee,Pollinator
/scratch/user/jmagnew/datasets/insects/Bee/Bee_983.png,Bee,Pollinator
/scratch/user/jmagnew/datasets/insects/Bee/Bee_1064.jpeg,Bee,Pollinator
/scratch/user/jmagnew/datasets/insects/Bee/Bee_673.jpg,Bee,Pollinator
/scratch/user/jmagnew/datasets/insects/Bee/Bee_873.jpg,Bee,Pollinator
/scratch/user/jmagnew/datasets/insects/Bee/Bee_969.jpeg,Bee,Pollinator
/scratch/user/jmagnew/datasets/insects/Bee/Bee_1037.jpg,Bee,Pollinator
/scratch/user/jmagnew/datasets/insects/Bee/Bee_319.jpg,Bee,Pollinator
/scratch/user/jmagnew/datasets/insects/Bee/Bee_440.jpg,Bee,Pollinator
/scratch/user/jmagnew/datasets/insects/Bee/Bee_968.jpg,Bee,Pollinator
/scratch/user/jmagnew/datasets/insects/Bee/Bee_292.jpg,Bee,Pollinator
/scratch/user/jmagnew/datasets/insects/Bee/Bee_308.jpg,Bee,Pollinator
/scratch/user/jmagnew/datasets/insects/Bee/Bee_410.jpeg,Bee,Pollinator
/scratch/user/jmagnew/datasets/insects/Bee/Bee_211.jpg,Bee,Pollinator
/scratch/user/jmagnew/datasets/insects/Bee/Bee_245.jpg,Bee,Pollinator
/scratch/user/jmagnew/datasets/insects/Bee/Bee_492.jpeg,Bee,Pollinator
/scratch/user/jmagnew/datasets/insects/Bee/Bee_76.jpg,Bee,Pollinator
/scratch/user/jmagnew/datasets/insects/Bee/Bee_848.jpg,Bee,Pollinator
/scratch/user/jmagnew/datasets/insects/Bee/Bee_1087.jpg,Bee,Pollinator
/scratch/user/jmagnew/datasets/insects/Bee/Bee_851.jpg,Bee,Pollinator
/scratch/user/jmagnew/datasets/insects/Bee/Bee_608.jpg,Bee,Pollinator
/scratch/user/jmagnew/datasets/insects/Bee/Bee_1063.jpg,Bee,Pollinator
/scratch/user/jmagnew/datasets/insects/Bee/Bee_209.jpg,Bee,Pollinator
/scratch/user/jmagnew/datasets/insects/Bee/Bee_430.jpg,Bee,Pollinator
/scratch/user/jmagnew/datasets/insects/Bee/Bee_811.jpg,Bee,Pollinator
/scratch/user/jmagnew/datasets/insects/Bee/Bee_715.jpg,Bee,Pollinator
/scratch/user/jmagnew/datasets/insects/Bee/Bee_21.jpg,Bee,Pollinator
/scratch/user/jmagnew/datasets/insects/Bee/Bee_806.jpg,Bee,Pollinator
/scratch/user/jmagnew/datasets/insects/Bee/Bee_978.jpg,Bee,Pollinator
/scratch/user/jmagnew/datasets/insects/Bee/Bee_248.png,Bee,Pollinator
/scratch/user/jmagnew/datasets/insects/Bee/Bee_844.jpg,Bee,Pollinator
/scratch/user/jmagnew/datasets/insects/Bee/Bee_623.jpg,Bee,Pollinator
/scratch/user/jmagnew/datasets/insects/Bee/Bee_732.jpg,Bee,Pollinator
/scratch/user/jmagnew/datasets/insects/Bee/Bee_647.jpg,Bee,Pollinator
/scratch/user/jmagnew/datasets/insects/Bee/Bee_961.jpeg,Bee,Pollinator
/scratch/user/jmagnew/datasets/insects/Bee/Bee_255.jpg,Bee,Pollinator
/scratch/user/jmagnew/datasets/insects/Bee/Bee_472.jpg,Bee,Pollinator
/scratch/user/jmagnew/datasets/insects/Bee/Bee_80.jpg,Bee,Pollinator
/scratch/user/jmagnew/datasets/insects/Bee/Bee_871.jpg,Bee,Pollinator
/scratch/user/jmagnew/datasets/insects/Bee/Bee_760.jpg,Bee,Pollinator
/scratch/user/jmagnew/datasets/insects/Bee/Bee_496.jpg,Bee,Pollinator
/scratch/user/jmagnew/datasets/insects/Bee/Bee_555.jpg,Bee,Pollinator
/scratch/user/jmagnew/datasets/insects/Bee/Bee_799.jpg,Bee,Pollinator
/scratch/user/jmagnew/datasets/insects/Bee/Bee_703.jpg,Bee,Pollinator
/scratch/user/jmagnew/datasets/insects/Bee/Bee_152.jpg,Bee,Pollinator
/scratch/user/jmagnew/datasets/insects/Bee/Bee_346.jpg,Bee,Pollinator
/scratch/user/jmagnew/datasets/insects/Bee/Bee_620.jpg,Bee,Pollinator
/scratch/user/jmagnew/datasets/insects/Bee/Bee_659.jpg,Bee,Pollinator
/scratch/user/jmagnew/datasets/insects/Bee/Bee_336.jpg,Bee,Pollinator
/scratch/user/jmagnew/datasets/insects/Bee/Bee_67.jpg,Bee,Pollinator
/scratch/user/jmagnew/datasets/insects/Bee/Bee_444.jpg,Bee,Pollinator
/scratch/user/jmagnew/datasets/insects/Bee/Bee_460.jpg,Bee,Pollinator
/scratch/user/jmagnew/datasets/insects/Bee/Bee_215.jpg,Bee,Pollinator
/scratch/user/jmagnew/datasets/insects/Bee/Bee_93.jpg,Bee,Pollinator
/scratch/user/jmagnew/datasets/insects/Bee/Bee_726.jpg,Bee,Pollinator
/scratch/user/jmagnew/datasets/insects/Bee/Bee_926.jpg,Bee,Pollinator
/scratch/user/jmagnew/datasets/insects/Bee/Bee_531.jpg,Bee,Pollinator
/scratch/user/jmagnew/datasets/insects/Bee/Bee_114.jpg,Bee,Pollinator
/scratch/user/jmagnew/datasets/insects/Bee/Bee_688.jpg,Bee,Pollinator
/scratch/user/jmagnew/datasets/insects/Bee/Bee_809.jpg,Bee,Pollinator
/scratch/user/jmagnew/datasets/insects/Bee/Bee_23.jpeg,Bee,Pollinator
/scratch/user/jmagnew/datasets/insects/Bee/Bee_675.jpg,Bee,Pollinator
/scratch/user/jmagnew/datasets/insects/Bee/Bee_646.jpeg,Bee,Pollinator
/scratch/user/jmagnew/datasets/insects/Bee/Bee_400.jpg,Bee,Pollinator
/scratch/user/jmagnew/datasets/insects/Bee/Bee_1076.jpg,Bee,Pollinator
/scratch/user/jmagnew/datasets/insects/Bee/Bee_452.jpg,Bee,Pollinator
/scratch/user/jmagnew/datasets/insects/Bee/Bee_522.jpg,Bee,Pollinator
/scratch/user/jmagnew/datasets/insects/Bee/Bee_1068.jpg,Bee,Pollinator
/scratch/user/jmagnew/datasets/insects/Bee/Bee_94.jpg,Bee,Pollinator
/scratch/user/jmagnew/datasets/insects/Bee/Bee_994.jpg,Bee,Pollinator
/scratch/user/jmagnew/datasets/insects/Bee/Bee_849.jpg,Bee,Pollinator
/scratch/user/jmagnew/datasets/insects/Bee/Bee_775.jpg,Bee,Pollinator
/scratch/user/jmagnew/datasets/insects/Bee/Bee_767.jpg,Bee,Pollinator
/scratch/user/jmagnew/datasets/insects/Bee/Bee_679.jpg,Bee,Pollinator
/scratch/user/jmagnew/datasets/insects/Bee/Bee_970.jpeg,Bee,Pollinator
/scratch/user/jmagnew/datasets/insects/Bee/Bee_890.jpg,Bee,Pollinator
/scratch/user/jmagnew/datasets/insects/Bee/Bee_156.jpg,Bee,Pollinator
/scratch/user/jmagnew/datasets/insects/Bee/Bee_1033.jpg,Bee,Pollinator
/scratch/user/jmagnew/datasets/insects/Bee/Bee_364.jpg,Bee,Pollinator
/scratch/user/jmagnew/datasets/insects/Bee/Bee_925.jpg,Bee,Pollinator
/scratch/user/jmagnew/datasets/insects/Bee/Bee_1019.jpg,Bee,Pollinator
/scratch/user/jmagnew/datasets/insects/Bee/Bee_420.jpg,Bee,Pollinator
/scratch/user/jmagnew/datasets/insects/Bee/Bee_993.jpg,Bee,Pollinator
/scratch/user/jmagnew/datasets/insects/Bee/Bee_66.jpg,Bee,Pollinator
/scratch/user/jmagnew/datasets/insects/Bee/Bee_1067.jpg,Bee,Pollinator
/scratch/user/jmagnew/datasets/insects/Bee/Bee_656.jpg,Bee,Pollinator
/scratch/user/jmagnew/datasets/insects/Bee/Bee_34.jpg,Bee,Pollinator
/scratch/user/jmagnew/datasets/insects/Bee/Bee_451.jpg,Bee,Pollinator
/scratch/user/jmagnew/datasets/insects/Bee/Bee_603.jpg,Bee,Pollinator
/scratch/user/jmagnew/datasets/insects/Bee/Bee_912.jpg,Bee,Pollinator
/scratch/user/jmagnew/datasets/insects/Bee/Bee_888.jpg,Bee,Pollinator
/scratch/user/jmagnew/datasets/insects/Bee/Bee_1039.jpg,Bee,Pollinator
/scratch/user/jmagnew/datasets/insects/Bee/Bee_975.jpg,Bee,Pollinator
/scratch/user/jmagnew/datasets/insects/Bee/Bee_1003.jpg,Bee,Pollinator
/scratch/user/jmagnew/datasets/insects/Bee/Bee_946.jpg,Bee,Pollinator
/scratch/user/jmagnew/datasets/insects/Bee/Bee_868.jpg,Bee,Pollinator
/scratch/user/jmagnew/datasets/insects/Bee/Bee_107.jpg,Bee,Pollinator
/scratch/user/jmagnew/datasets/insects/Bee/Bee_136.jpg,Bee,Pollinator
/scratch/user/jmagnew/datasets/insects/Bee/Bee_1057.jpg,Bee,Pollinator
/scratch/user/jmagnew/datasets/insects/Bee/Bee_47.jpg,Bee,Pollinator
/scratch/user/jmagnew/datasets/insects/Bee/Bee_588.jpg,Bee,Pollinator
/scratch/user/jmagnew/datasets/insects/Bee/Bee_56.jpg,Bee,Pollinator
/scratch/user/jmagnew/datasets/insects/Bee/Bee_36.jpg,Bee,Pollinator
/scratch/user/jmagnew/datasets/insects/Bee/Bee_220.jpg,Bee,Pollinator
/scratch/user/jmagnew/datasets/insects/Bee/Bee_389.jpg,Bee,Pollinator
/scratch/user/jmagnew/datasets/insects/Bee/Bee_854.jpg,Bee,Pollinator
/scratch/user/jmagnew/datasets/insects/Bee/Bee_971.jpeg,Bee,Pollinator
/scratch/user/jmagnew/datasets/insects/Bee/Bee_935.jpg,Bee,Pollinator
/scratch/user/jmagnew/datasets/insects/Bee/Bee_210.jpg,Bee,Pollinator
/scratch/user/jmagnew/datasets/insects/Bee/Bee_521.jpg,Bee,Pollinator
/scratch/user/jmagnew/datasets/insects/Bee/Bee_196.jpeg,Bee,Pollinator
/scratch/user/jmagnew/datasets/insects/Bee/Bee_24.jpg,Bee,Pollinator
/scratch/user/jmagnew/datasets/insects/Bee/Bee_621.jpg,Bee,Pollinator
/scratch/user/jmagnew/datasets/insects/Bee/Bee_225.jpeg,Bee,Pollinator
/scratch/user/jmagnew/datasets/insects/Bee/Bee_219.jpg,Bee,Pollinator
/scratch/user/jmagnew/datasets/insects/Bee/Bee_645.jpg,Bee,Pollinator
/scratch/user/jmagnew/datasets/insects/Bee/Bee_221.jpg,Bee,Pollinator
/scratch/user/jmagnew/datasets/insects/Bee/Bee_714.jpg,Bee,Pollinator
/scratch/user/jmagnew/datasets/insects/Bee/Bee_295.jpg,Bee,Pollinator
/scratch/user/jmagnew/datasets/insects/Bee/Bee_749.jpg,Bee,Pollinator
/scratch/user/jmagnew/datasets/insects/Bee/Bee_533.jpg,Bee,Pollinator
/scratch/user/jmagnew/datasets/insects/Bee/Bee_180.jpg,Bee,Pollinator
/scratch/user/jmagnew/datasets/insects/Bee/Bee_431.jpg,Bee,Pollinator
/scratch/user/jmagnew/datasets/insects/Bee/Bee_151.jpg,Bee,Pollinator
/scratch/user/jmagnew/datasets/insects/Bee/Bee_247.jpg,Bee,Pollinator
/scratch/user/jmagnew/datasets/insects/Bee/Bee_1004.jpg,Bee,Pollinator
/scratch/user/jmagnew/datasets/insects/Bee/Bee_69.jpg,Bee,Pollinator
/scratch/user/jmagnew/datasets/insects/Bee/Bee_619.jpg,Bee,Pollinator
/scratch/user/jmagnew/datasets/insects/Bee/Bee_194.png,Bee,Pollinator
/scratch/user/jmagnew/datasets/insects/Bee/Bee_796.jpg,Bee,Pollinator
/scratch/user/jmagnew/datasets/insects/Bee/Bee_543.jpg,Bee,Pollinator
/scratch/user/jmagnew/datasets/insects/Bee/Bee_396.png,Bee,Pollinator
/scratch/user/jmagnew/datasets/insects/Bee/Bee_611.jpg,Bee,Pollinator
/scratch/user/jmagnew/datasets/insects/Bee/Bee_278.jpg,Bee,Pollinator
/scratch/user/jmagnew/datasets/insects/Bee/Bee_471.jpg,Bee,Pollinator
/scratch/user/jmagnew/datasets/insects/Bee/Bee_880.jpg,Bee,Pollinator
/scratch/user/jmagnew/datasets/insects/Bee/Bee_243.jpg,Bee,Pollinator
/scratch/user/jmagnew/datasets/insects/Bee/Bee_515.jpg,Bee,Pollinator
/scratch/user/jmagnew/datasets/insects/Bee/Bee_539.jpg,Bee,Pollinator
/scratch/user/jmagnew/datasets/insects/Bee/Bee_261.jpg,Bee,Pollinator
/scratch/user/jmagnew/datasets/insects/Bee/Bee_633.jpg,Bee,Pollinator
/scratch/user/jmagnew/datasets/insects/Bee/Bee_423.jpg,Bee,Pollinator
/scratch/user/jmagnew/datasets/insects/Bee/Bee_852.jpg,Bee,Pollinator
/scratch/user/jmagnew/datasets/insects/Bee/Bee_637.jpg,Bee,Pollinator
/scratch/user/jmagnew/datasets/insects/Bee/Bee_787.jpg,Bee,Pollinator
/scratch/user/jmagnew/datasets/insects/Bee/Bee_962.jpg,Bee,Pollinator
/scratch/user/jmagnew/datasets/insects/Bee/Bee_333.jpg,Bee,Pollinator
/scratch/user/jmagnew/datasets/insects/Bee/Bee_600.png,Bee,Pollinator
/scratch/user/jmagnew/datasets/insects/Bee/Bee_743.jpg,Bee,Pollinator
/scratch/user/jmagnew/datasets/insects/Bee/Bee_951.jpg,Bee,Pollinator
/scratch/user/jmagnew/datasets/insects/Bee/Bee_259.jpg,Bee,Pollinator
/scratch/user/jmagnew/datasets/insects/Bee/Bee_35.jpg,Bee,Pollinator
/scratch/user/jmagnew/datasets/insects/Bee/Bee_988.jpg,Bee,Pollinator
/scratch/user/jmagnew/datasets/insects/Bee/Bee_802.jpg,Bee,Pollinator
/scratch/user/jmagnew/datasets/insects/Bee/Bee_438.jpg,Bee,Pollinator
/scratch/user/jmagnew/datasets/insects/Bee/Bee_132.jpeg,Bee,Pollinator
/scratch/user/jmagnew/datasets/insects/Bee/Bee_404.jpg,Bee,Pollinator
/scratch/user/jmagnew/datasets/insects/Bee/Bee_686.jpg,Bee,Pollinator
/scratch/user/jmagnew/datasets/insects/Bee/Bee_111.jpg,Bee,Pollinator
/scratch/user/jmagnew/datasets/insects/Bee/Bee_228.jpg,Bee,Pollinator
/scratch/user/jmagnew/datasets/insects/Bee/Bee_998.jpg,Bee,Pollinator
/scratch/user/jmagnew/datasets/insects/Bee/Bee_750.jpg,Bee,Pollinator
/scratch/user/jmagnew/datasets/insects/Bee/Bee_53.jpeg,Bee,Pollinator
/scratch/user/jmagnew/datasets/insects/Bee/Bee_118.jpg,Bee,Pollinator
/scratch/user/jmagnew/datasets/insects/Bee/Bee_98.jpg,Bee,Pollinator
/scratch/user/jmagnew/datasets/insects/Bee/Bee_953.jpg,Bee,Pollinator
/scratch/user/jmagnew/datasets/insects/Bee/Bee_1028.jpg,Bee,Pollinator
/scratch/user/jmagnew/datasets/insects/Bee/Bee_457.jpg,Bee,Pollinator
/scratch/user/jmagnew/datasets/insects/Bee/Bee_866.jpg,Bee,Pollinator
/scratch/user/jmagnew/datasets/insects/Bee/Bee_19.jpg,Bee,Pollinator
/scratch/user/jmagnew/datasets/insects/Bee/Bee_256.jpg,Bee,Pollinator
/scratch/user/jmagnew/datasets/insects/Bee/Bee_134.jpg,Bee,Pollinator
/scratch/user/jmagnew/datasets/insects/Bee/Bee_254.jpg,Bee,Pollinator
/scratch/user/jmagnew/datasets/insects/Bee/Bee_530.png,Bee,Pollinator
/scratch/user/jmagnew/datasets/insects/Bee/Bee_297.jpg,Bee,Pollinator
/scratch/user/jmagnew/datasets/insects/Bee/Bee_641.jpeg,Bee,Pollinator
/scratch/user/jmagnew/datasets/insects/Bee/Bee_1018.jpg,Bee,Pollinator
/scratch/user/jmagnew/datasets/insects/Bee/Bee_462.jpg,Bee,Pollinator
/scratch/user/jmagnew/datasets/insects/Bee/Bee_480.jpg,Bee,Pollinator
/scratch/user/jmagnew/datasets/insects/Bee/Bee_26.jpg,Bee,Pollinator
/scratch/user/jmagnew/datasets/insects/Bee/Bee_987.jpg,Bee,Pollinator
/scratch/user/jmagnew/datasets/insects/Bee/Bee_466.jpg,Bee,Pollinator
/scratch/user/jmagnew/datasets/insects/Bee/Bee_685.jpg,Bee,Pollinator
/scratch/user/jmagnew/datasets/insects/Bee/Bee_846.jpg,Bee,Pollinator
/scratch/user/jmagnew/datasets/insects/Bee/Bee_367.jpg,Bee,Pollinator
/scratch/user/jmagnew/datasets/insects/Bee/Bee_719.jpg,Bee,Pollinator
/scratch/user/jmagnew/datasets/insects/Bee/Bee_579.jpg,Bee,Pollinator
/scratch/user/jmagnew/datasets/insects/Bee/Bee_653.jpg,Bee,Pollinator
/scratch/user/jmagnew/datasets/insects/Bee/Bee_9.jpeg,Bee,Pollinator
/scratch/user/jmagnew/datasets/insects/Bee/Bee_1052.png,Bee,Pollinator
/scratch/user/jmagnew/datasets/insects/Bee/Bee_838.jpg,Bee,Pollinator
/scratch/user/jmagnew/datasets/insects/Bee/Bee_764.jpg,Bee,Pollinator
/scratch/user/jmagnew/datasets/insects/Bee/Bee_904.jpg,Bee,Pollinator
/scratch/user/jmagnew/datasets/insects/Bee/Bee_277.jpg,Bee,Pollinator
/scratch/user/jmagnew/datasets/insects/Bee/Bee_1070.jpg,Bee,Pollinator
/scratch/user/jmagnew/datasets/insects/Bee/Bee_718.jpg,Bee,Pollinator
/scratch/user/jmagnew/datasets/insects/Bee/Bee_536.jpg,Bee,Pollinator
/scratch/user/jmagnew/datasets/insects/Bee/Bee_159.jpg,Bee,Pollinator
/scratch/user/jmagnew/datasets/insects/Bee/Bee_361.jpg,Bee,Pollinator
/scratch/user/jmagnew/datasets/insects/Bee/Bee_1061.jpg,Bee,Pollinator
/scratch/user/jmagnew/datasets/insects/Bee/Bee_448.jpg,Bee,Pollinator
/scratch/user/jmagnew/datasets/insects/Bee/Bee_1077.jpg,Bee,Pollinator
/scratch/user/jmagnew/datasets/insects/Bee/Bee_60.jpg,Bee,Pollinator
/scratch/user/jmagnew/datasets/insects/Bee/Bee_694.jpg,Bee,Pollinator
/scratch/user/jmagnew/datasets/insects/Bee/Bee_587.jpg,Bee,Pollinator
/scratch/user/jmagnew/datasets/insects/Bee/Bee_870.jpg,Bee,Pollinator
/scratch/user/jmagnew/datasets/insects/Bee/Bee_1012.jpg,Bee,Pollinator
/scratch/user/jmagnew/datasets/insects/Bee/Bee_57.jpg,Bee,Pollinator
/scratch/user/jmagnew/datasets/insects/Bee/Bee_425.jpg,Bee,Pollinator
/scratch/user/jmagnew/datasets/insects/Bee/Bee_272.jpg,Bee,Pollinator
/scratch/user/jmagnew/datasets/insects/Bee/Bee_174.png,Bee,Pollinator
/scratch/user/jmagnew/datasets/insects/Bee/Bee_344.jpg,Bee,Pollinator
/scratch/user/jmagnew/datasets/insects/Bee/Bee_740.jpg,Bee,Pollinator
/scratch/user/jmagnew/datasets/insects/Bee/Bee_565.jpg,Bee,Pollinator
/scratch/user/jmagnew/datasets/insects/Bee/Bee_318.jpg,Bee,Pollinator
/scratch/user/jmagnew/datasets/insects/Bee/Bee_138.jpg,Bee,Pollinator
/scratch/user/jmagnew/datasets/insects/Bee/Bee_526.jpg,Bee,Pollinator
/scratch/user/jmagnew/datasets/insects/Bee/Bee_112.jpg,Bee,Pollinator
/scratch/user/jmagnew/datasets/insects/Bee/Bee_841.jpg,Bee,Pollinator
/scratch/user/jmagnew/datasets/insects/Bee/Bee_137.jpg,Bee,Pollinator
/scratch/user/jmagnew/datasets/insects/Bee/Bee_833.jpg,Bee,Pollinator
/scratch/user/jmagnew/datasets/insects/Bee/Bee_392.png,Bee,Pollinator
/scratch/user/jmagnew/datasets/insects/Bee/Bee_175.jpg,Bee,Pollinator
/scratch/user/jmagnew/datasets/insects/Bee/Bee_366.jpg,Bee,Pollinator
/scratch/user/jmagnew/datasets/insects/Bee/Bee_406.jpg,Bee,Pollinator
/scratch/user/jmagnew/datasets/insects/Bee/Bee_958.png,Bee,Pollinator
/scratch/user/jmagnew/datasets/insects/Bee/Bee_598.jpg,Bee,Pollinator
/scratch/user/jmagnew/datasets/insects/Bee/Bee_214.jpg,Bee,Pollinator
/scratch/user/jmagnew/datasets/insects/Bee/Bee_1005.jpg,Bee,Pollinator
/scratch/user/jmagnew/datasets/insects/Bee/Bee_723.jpg,Bee,Pollinator
/scratch/user/jmagnew/datasets/insects/Bee/Bee_513.jpg,Bee,Pollinator
/scratch/user/jmagnew/datasets/insects/Bee/Bee_499.jpg,Bee,Pollinator
/scratch/user/jmagnew/datasets/insects/Bee/Bee_748.jpg,Bee,Pollinator
/scratch/user/jmagnew/datasets/insects/Bee/Bee_768.jpg,Bee,Pollinator
/scratch/user/jmagnew/datasets/insects/Bee/Bee_911.jpg,Bee,Pollinator
/scratch/user/jmagnew/datasets/insects/Bee/Bee_181.jpg,Bee,Pollinator
/scratch/user/jmagnew/datasets/insects/Bee/Bee_704.jpg,Bee,Pollinator
/scratch/user/jmagnew/datasets/insects/Bee/Bee_144.jpg,Bee,Pollinator
/scratch/user/jmagnew/datasets/insects/Bee/Bee_872.jpg,Bee,Pollinator
/scratch/user/jmagnew/datasets/insects/Bee/Bee_315.jpg,Bee,Pollinator
/scratch/user/jmagnew/datasets/insects/Bee/Bee_662.jpg,Bee,Pollinator
/scratch/user/jmagnew/datasets/insects/Bee/Bee_355.jpg,Bee,Pollinator
/scratch/user/jmagnew/datasets/insects/Bee/Bee_997.jpg,Bee,Pollinator
/scratch/user/jmagnew/datasets/insects/Bee/Bee_5.jpg,Bee,Pollinator
/scratch/user/jmagnew/datasets/insects/Bee/Bee_747.jpg,Bee,Pollinator
/scratch/user/jmagnew/datasets/insects/Bee/Bee_1083.jpg,Bee,Pollinator
/scratch/user/jmagnew/datasets/insects/Bee/Bee_901.jpg,Bee,Pollinator
/scratch/user/jmagnew/datasets/insects/Bee/Bee_537.jpg,Bee,Pollinator
/scratch/user/jmagnew/datasets/insects/Bee/Bee_697.jpg,Bee,Pollinator
/scratch/user/jmagnew/datasets/insects/Bee/Bee_991.jpg,Bee,Pollinator
/scratch/user/jmagnew/datasets/insects/Bee/Bee_863.jpg,Bee,Pollinator
/scratch/user/jmagnew/datasets/insects/Bee/Bee_1025.jpg,Bee,Pollinator
/scratch/user/jmagnew/datasets/insects/Bee/Bee_293.jpg,Bee,Pollinator
/scratch/user/jmagnew/datasets/insects/Bee/Bee_310.jpg,Bee,Pollinator
/scratch/user/jmagnew/datasets/insects/Bee/Bee_627.jpg,Bee,Pollinator
/scratch/user/jmagnew/datasets/insects/Bee/Bee_1053.jpg,Bee,Pollinator
/scratch/user/jmagnew/datasets/insects/Bee/Bee_989.jpeg,Bee,Pollinator
/scratch/user/jmagnew/datasets/insects/Bee/Bee_1073.jpg,Bee,Pollinator
/scratch/user/jmagnew/datasets/insects/Bee/Bee_705.jpg,Bee,Pollinator
/scratch/user/jmagnew/datasets/insects/Bee/Bee_184.jpg,Bee,Pollinator
/scratch/user/jmagnew/datasets/insects/Bee/Bee_930.jpg,Bee,Pollinator
/scratch/user/jmagnew/datasets/insects/Bee/Bee_282.jpg,Bee,Pollinator
/scratch/user/jmagnew/datasets/insects/Bee/Bee_759.jpg,Bee,Pollinator
/scratch/user/jmagnew/datasets/insects/Bee/Bee_648.jpg,Bee,Pollinator
/scratch/user/jmagnew/datasets/insects/Bee/Bee_535.jpg,Bee,Pollinator
/scratch/user/jmagnew/datasets/insects/Bee/Bee_544.jpg,Bee,Pollinator
/scratch/user/jmagnew/datasets/insects/Bee/Bee_82.jpg,Bee,Pollinator
/scratch/user/jmagnew/datasets/insects/Bee/Bee_183.jpg,Bee,Pollinator
/scratch/user/jmagnew/datasets/insects/Bee/Bee_391.jpg,Bee,Pollinator
/scratch/user/jmagnew/datasets/insects/Bee/Bee_738.jpg,Bee,Pollinator
/scratch/user/jmagnew/datasets/insects/Bee/Bee_564.jpg,Bee,Pollinator
/scratch/user/jmagnew/datasets/insects/Bee/Bee_889.jpg,Bee,Pollinator
/scratch/user/jmagnew/datasets/insects/Bee/Bee_827.jpg,Bee,Pollinator
/scratch/user/jmagnew/datasets/insects/Bee/Bee_143.jpg,Bee,Pollinator
/scratch/user/jmagnew/datasets/insects/Bee/Bee_918.jpg,Bee,Pollinator
/scratch/user/jmagnew/datasets/insects/Bee/Bee_1043.jpg,Bee,Pollinator
/scratch/user/jmagnew/datasets/insects/Bee/Bee_1040.png,Bee,Pollinator
/scratch/user/jmagnew/datasets/insects/Bee/Bee_158.jpg,Bee,Pollinator
/scratch/user/jmagnew/datasets/insects/Bee/Bee_1034.jpg,Bee,Pollinator
/scratch/user/jmagnew/datasets/insects/Bee/Bee_772.jpg,Bee,Pollinator
/scratch/user/jmagnew/datasets/insects/Bee/Bee_130.jpg,Bee,Pollinator
/scratch/user/jmagnew/datasets/insects/Bee/Bee_805.jpg,Bee,Pollinator
/scratch/user/jmagnew/datasets/insects/Bee/Bee_630.jpg,Bee,Pollinator
/scratch/user/jmagnew/datasets/insects/Bee/Bee_878.jpg,Bee,Pollinator
/scratch/user/jmagnew/datasets/insects/Bee/Bee_362.jpg,Bee,Pollinator
/scratch/user/jmagnew/datasets/insects/Bee/Bee_1060.jpg,Bee,Pollinator
/scratch/user/jmagnew/datasets/insects/Bee/Bee_291.jpg,Bee,Pollinator
/scratch/user/jmagnew/datasets/insects/Bee/Bee_857.jpg,Bee,Pollinator
/scratch/user/jmagnew/datasets/insects/Bee/Bee_690.jpg,Bee,Pollinator
/scratch/user/jmagnew/datasets/insects/Bee/Bee_481.jpg,Bee,Pollinator
/scratch/user/jmagnew/datasets/insects/Bee/Bee_590.jpg,Bee,Pollinator
/scratch/user/jmagnew/datasets/insects/Bee/Bee_523.jpg,Bee,Pollinator
/scratch/user/jmagnew/datasets/insects/Bee/Bee_216.jpg,Bee,Pollinator
/scratch/user/jmagnew/datasets/insects/Bee/Bee_224.jpg,Bee,Pollinator
/scratch/user/jmagnew/datasets/insects/Bee/Bee_117.jpg,Bee,Pollinator
/scratch/user/jmagnew/datasets/insects/Bee/Bee_127.jpg,Bee,Pollinator
/scratch/user/jmagnew/datasets/insects/Bee/Bee_774.jpg,Bee,Pollinator
/scratch/user/jmagnew/datasets/insects/Bee/Bee_121.jpg,Bee,Pollinator
/scratch/user/jmagnew/datasets/insects/Bee/Bee_300.jpg,Bee,Pollinator
/scratch/user/jmagnew/datasets/insects/Bee/Bee_1015.jpg,Bee,Pollinator
/scratch/user/jmagnew/datasets/insects/Bee/Bee_170.jpg,Bee,Pollinator
/scratch/user/jmagnew/datasets/insects/Bee/Bee_178.jpg,Bee,Pollinator
/scratch/user/jmagnew/datasets/insects/Bee/Bee_142.jpg,Bee,Pollinator
/scratch/user/jmagnew/datasets/insects/Bee/Bee_571.jpg,Bee,Pollinator
/scratch/user/jmagnew/datasets/insects/Bee/Bee_1079.jpg,Bee,Pollinator
/scratch/user/jmagnew/datasets/insects/Bee/Bee_669.jpg,Bee,Pollinator
/scratch/user/jmagnew/datasets/insects/Bee/Bee_1021.jpg,Bee,Pollinator
/scratch/user/jmagnew/datasets/insects/Bee/Bee_776.jpg,Bee,Pollinator
/scratch/user/jmagnew/datasets/insects/Bee/Bee_753.jpg,Bee,Pollinator
/scratch/user/jmagnew/datasets/insects/Bee/Bee_239.jpg,Bee,Pollinator
/scratch/user/jmagnew/datasets/insects/Bee/Bee_109.jpg,Bee,Pollinator
/scratch/user/jmagnew/datasets/insects/Bee/Bee_179.jpg,Bee,Pollinator
/scratch/user/jmagnew/datasets/insects/Bee/Bee_794.jpg,Bee,Pollinator
/scratch/user/jmagnew/datasets/insects/Bee/Bee_99.jpg,Bee,Pollinator
/scratch/user/jmagnew/datasets/insects/Bee/Bee_614.jpg,Bee,Pollinator
/scratch/user/jmagnew/datasets/insects/Bee/Bee_756.jpg,Bee,Pollinator
/scratch/user/jmagnew/datasets/insects/Bee/Bee_71.jpg,Bee,Pollinator
/scratch/user/jmagnew/datasets/insects/Bee/Bee_862.jpg,Bee,Pollinator
/scratch/user/jmagnew/datasets/insects/Bee/Bee_812.jpg,Bee,Pollinator
/scratch/user/jmagnew/datasets/insects/Bee/Bee_276.jpg,Bee,Pollinator
/scratch/user/jmagnew/datasets/insects/Bee/Bee_200.jpg,Bee,Pollinator
/scratch/user/jmagnew/datasets/insects/Bee/Bee_699.jpg,Bee,Pollinator
/scratch/user/jmagnew/datasets/insects/Bee/Bee_567.jpg,Bee,Pollinator
/scratch/user/jmagnew/datasets/insects/Bee/Bee_79.jpg,Bee,Pollinator
/scratch/user/jmagnew/datasets/insects/Bee/Bee_171.jpeg,Bee,Pollinator
/scratch/user/jmagnew/datasets/insects/Bee/Bee_938.jpg,Bee,Pollinator
/scratch/user/jmagnew/datasets/insects/Bee/Bee_269.jpg,Bee,Pollinator
/scratch/user/jmagnew/datasets/insects/Bee/Bee_41.jpg,Bee,Pollinator
/scratch/user/jmagnew/datasets/insects/Bee/Bee_1088.jpg,Bee,Pollinator
/scratch/user/jmagnew/datasets/insects/Bee/Bee_651.jpg,Bee,Pollinator
/scratch/user/jmagnew/datasets/insects/Bee/Bee_176.jpg,Bee,Pollinator
/scratch/user/jmagnew/datasets/insects/Bee/Bee_426.jpg,Bee,Pollinator
/scratch/user/jmagnew/datasets/insects/Bee/Bee_698.jpg,Bee,Pollinator
/scratch/user/jmagnew/datasets/insects/Bee/Bee_652.jpg,Bee,Pollinator
/scratch/user/jmagnew/datasets/insects/Bee/Bee_322.jpeg,Bee,Pollinator
/scratch/user/jmagnew/datasets/insects/Bee/Bee_507.jpg,Bee,Pollinator
/scratch/user/jmagnew/datasets/insects/Bee/Bee_408.jpg,Bee,Pollinator
/scratch/user/jmagnew/datasets/insects/Bee/Bee_160.jpg,Bee,Pollinator
/scratch/user/jmagnew/datasets/insects/Bee/Bee_223.jpg,Bee,Pollinator
/scratch/user/jmagnew/datasets/insects/Bee/Bee_198.jpg,Bee,Pollinator
/scratch/user/jmagnew/datasets/insects/Bee/Bee_45.jpg,Bee,Pollinator
/scratch/user/jmagnew/datasets/insects/Bee/Bee_489.jpg,Bee,Pollinator
/scratch/user/jmagnew/datasets/insects/Bee/Bee_59.jpg,Bee,Pollinator
/scratch/user/jmagnew/datasets/insects/Bee/Bee_378.jpg,Bee,Pollinator
/scratch/user/jmagnew/datasets/insects/Bee/Bee_666.jpg,Bee,Pollinator
/scratch/user/jmagnew/datasets/insects/Bee/Bee_326.jpg,Bee,Pollinator
/scratch/user/jmagnew/datasets/insects/Bee/Bee_376.png,Bee,Pollinator
/scratch/user/jmagnew/datasets/insects/Bee/Bee_528.jpg,Bee,Pollinator
/scratch/user/jmagnew/datasets/insects/Bee/Bee_779.jpg,Bee,Pollinator
/scratch/user/jmagnew/datasets/insects/Bee/Bee_382.jpg,Bee,Pollinator
/scratch/user/jmagnew/datasets/insects/Bee/Bee_1044.jpg,Bee,Pollinator
/scratch/user/jmagnew/datasets/insects/Bee/Bee_371.jpg,Bee,Pollinator
/scratch/user/jmagnew/datasets/insects/Bee/Bee_388.jpg,Bee,Pollinator
/scratch/user/jmagnew/datasets/insects/Bee/Bee_188.jpg,Bee,Pollinator
/scratch/user/jmagnew/datasets/insects/Bee/Bee_800.jpg,Bee,Pollinator
/scratch/user/jmagnew/datasets/insects/Bee/Bee_365.jpg,Bee,Pollinator
/scratch/user/jmagnew/datasets/insects/Bee/Bee_242.jpg,Bee,Pollinator
/scratch/user/jmagnew/datasets/insects/Bee/Bee_643.jpg,Bee,Pollinator
/scratch/user/jmagnew/datasets/insects/Bee/Bee_908.jpg,Bee,Pollinator
/scratch/user/jmagnew/datasets/insects/Bee/Bee_274.jpg,Bee,Pollinator
/scratch/user/jmagnew/datasets/insects/Bee/Bee_929.jpg,Bee,Pollinator
/scratch/user/jmagnew/datasets/insects/Bee/Bee_915.jpg,Bee,Pollinator
/scratch/user/jmagnew/datasets/insects/Bee/Bee_508.jpg,Bee,Pollinator
/scratch/user/jmagnew/datasets/insects/Bee/Bee_942.jpg,Bee,Pollinator
/scratch/user/jmagnew/datasets/insects/Bee/Bee_407.jpg,Bee,Pollinator
/scratch/user/jmagnew/datasets/insects/Bee/Bee_478.jpg,Bee,Pollinator
/scratch/user/jmagnew/datasets/insects/Bee/Bee_676.jpg,Bee,Pollinator
/scratch/user/jmagnew/datasets/insects/Bee/Bee_350.jpg,Bee,Pollinator
/scratch/user/jmagnew/datasets/insects/Bee/Bee_1014.jpg,Bee,Pollinator
/scratch/user/jmagnew/datasets/insects/Bee/Bee_797.jpg,Bee,Pollinator
/scratch/user/jmagnew/datasets/insects/Bee/Bee_374.jpg,Bee,Pollinator
/scratch/user/jmagnew/datasets/insects/Bee/Bee_1030.jpg,Bee,Pollinator
/scratch/user/jmagnew/datasets/insects/Bee/Bee_563.jpg,Bee,Pollinator
/scratch/user/jmagnew/datasets/insects/Bee/Bee_936.jpg,Bee,Pollinator
/scratch/user/jmagnew/datasets/insects/Bee/Bee_597.jpg,Bee,Pollinator
/scratch/user/jmagnew/datasets/insects/Bee/Bee_368.jpg,Bee,Pollinator
/scratch/user/jmagnew/datasets/insects/Bee/Bee_347.jpg,Bee,Pollinator
/scratch/user/jmagnew/datasets/insects/Bee/Bee_945.jpg,Bee,Pollinator
/scratch/user/jmagnew/datasets/insects/Bee/Bee_722.jpg,Bee,Pollinator
/scratch/user/jmagnew/datasets/insects/Bee/Bee_122.jpg,Bee,Pollinator
/scratch/user/jmagnew/datasets/insects/Bee/Bee_524.jpg,Bee,Pollinator
/scratch/user/jmagnew/datasets/insects/Bee/Bee_950.jpg,Bee,Pollinator
/scratch/user/jmagnew/datasets/insects/Bee/Bee_50.jpeg,Bee,Pollinator
/scratch/user/jmagnew/datasets/insects/Bee/Bee_514.jpg,Bee,Pollinator
/scratch/user/jmagnew/datasets/insects/Bee/Bee_275.jpg,Bee,Pollinator
/scratch/user/jmagnew/datasets/insects/Bee/Bee_500.jpg,Bee,Pollinator
/scratch/user/jmagnew/datasets/insects/Bee/Bee_661.jpg,Bee,Pollinator
/scratch/user/jmagnew/datasets/insects/Bee/Bee_696.jpg,Bee,Pollinator
/scratch/user/jmagnew/datasets/insects/Bee/Bee_2.jpg,Bee,Pollinator
/scratch/user/jmagnew/datasets/insects/Bee/Bee_758.jpg,Bee,Pollinator
/scratch/user/jmagnew/datasets/insects/Bee/Bee_596.jpg,Bee,Pollinator
/scratch/user/jmagnew/datasets/insects/Bee/Bee_952.jpg,Bee,Pollinator
/scratch/user/jmagnew/datasets/insects/Bee/Bee_268.jpg,Bee,Pollinator
/scratch/user/jmagnew/datasets/insects/Bee/Bee_503.jpg,Bee,Pollinator
/scratch/user/jmagnew/datasets/insects/Bee/Bee_992.jpg,Bee,Pollinator
/scratch/user/jmagnew/datasets/insects/Bee/Bee_821.jpg,Bee,Pollinator
/scratch/user/jmagnew/datasets/insects/Bee/Bee_207.jpg,Bee,Pollinator
/scratch/user/jmagnew/datasets/insects/Bee/Bee_773.jpg,Bee,Pollinator
/scratch/user/jmagnew/datasets/insects/Bee/Bee_168.jpg,Bee,Pollinator
/scratch/user/jmagnew/datasets/insects/Bee/Bee_615.jpg,Bee,Pollinator
/scratch/user/jmagnew/datasets/insects/Bee/Bee_721.jpg,Bee,Pollinator
/scratch/user/jmagnew/datasets/insects/Bee/Bee_578.jpeg,Bee,Pollinator
/scratch/user/jmagnew/datasets/insects/Bee/Bee_1020.jpg,Bee,Pollinator
/scratch/user/jmagnew/datasets/insects/Bee/Bee_155.jpg,Bee,Pollinator
/scratch/user/jmagnew/datasets/insects/Bee/Bee_891.jpg,Bee,Pollinator
/scratch/user/jmagnew/datasets/insects/Bee/Bee_325.jpg,Bee,Pollinator
/scratch/user/jmagnew/datasets/insects/Bee/Bee_101.jpg,Bee,Pollinator
/scratch/user/jmagnew/datasets/insects/Bee/Bee_778.jpg,Bee,Pollinator
/scratch/user/jmagnew/datasets/insects/Bee/Bee_52.jpg,Bee,Pollinator
/scratch/user/jmagnew/datasets/insects/Bee/Bee_192.jpg,Bee,Pollinator
/scratch/user/jmagnew/datasets/insects/Bee/Bee_105.jpg,Bee,Pollinator
/scratch/user/jmagnew/datasets/insects/Bee/Bee_493.jpg,Bee,Pollinator
/scratch/user/jmagnew/datasets/insects/Bee/Bee_782.jpg,Bee,Pollinator
/scratch/user/jmagnew/datasets/insects/Bee/Bee_835.jpg,Bee,Pollinator
/scratch/user/jmagnew/datasets/insects/Bee/Bee_511.jpg,Bee,Pollinator
/scratch/user/jmagnew/datasets/insects/Bee/Bee_927.jpg,Bee,Pollinator
/scratch/user/jmagnew/datasets/insects/Bee/Bee_28.jpg,Bee,Pollinator
/scratch/user/jmagnew/datasets/insects/Bee/Bee_582.jpg,Bee,Pollinator
/scratch/user/jmagnew/datasets/insects/Bee/Bee_999.jpg,Bee,Pollinator
/scratch/user/jmagnew/datasets/insects/Bee/Bee_1074.jpg,Bee,Pollinator
/scratch/user/jmagnew/datasets/insects/Bee/Bee_853.jpg,Bee,Pollinator
/scratch/user/jmagnew/datasets/insects/Bee/Bee_335.jpg,Bee,Pollinator
/scratch/user/jmagnew/datasets/insects/Bee/Bee_477.jpg,Bee,Pollinator
/scratch/user/jmagnew/datasets/insects/Bee/Bee_947.jpg,Bee,Pollinator
/scratch/user/jmagnew/datasets/insects/Bee/Bee_427.jpg,Bee,Pollinator
/scratch/user/jmagnew/datasets/insects/Bee/Bee_455.jpg,Bee,Pollinator
/scratch/user/jmagnew/datasets/insects/Bee/Bee_412.jpg,Bee,Pollinator
/scratch/user/jmagnew/datasets/insects/Bee/Bee_6.jpg,Bee,Pollinator
/scratch/user/jmagnew/datasets/insects/Bee/Bee_982.jpg,Bee,Pollinator
/scratch/user/jmagnew/datasets/insects/Bee/Bee_262.jpg,Bee,Pollinator
/scratch/user/jmagnew/datasets/insects/Bee/Bee_786.jpg,Bee,Pollinator
/scratch/user/jmagnew/datasets/insects/Bee/Bee_1072.jpg,Bee,Pollinator
/scratch/user/jmagnew/datasets/insects/Bee/Bee_538.jpg,Bee,Pollinator
/scratch/user/jmagnew/datasets/insects/Bee/Bee_804.jpg,Bee,Pollinator
/scratch/user/jmagnew/datasets/insects/Bee/Bee_494.jpg,Bee,Pollinator
/scratch/user/jmagnew/datasets/insects/Bee/Bee_568.jpg,Bee,Pollinator
/scratch/user/jmagnew/datasets/insects/Bee/Bee_919.jpg,Bee,Pollinator
/scratch/user/jmagnew/datasets/insects/Bee/Bee_736.jpg,Bee,Pollinator
/scratch/user/jmagnew/datasets/insects/Bee/Bee_900.jpg,Bee,Pollinator
/scratch/user/jmagnew/datasets/insects/Bee/Bee_116.jpg,Bee,Pollinator
/scratch/user/jmagnew/datasets/insects/Bee/Bee_570.jpg,Bee,Pollinator
/scratch/user/jmagnew/datasets/insects/Bee/Bee_765.jpg,Bee,Pollinator
/scratch/user/jmagnew/datasets/insects/Bee/Bee_18.jpg,Bee,Pollinator
/scratch/user/jmagnew/datasets/insects/Bee/Bee_435.jpg,Bee,Pollinator
/scratch/user/jmagnew/datasets/insects/Bee/Bee_1027.jpg,Bee,Pollinator
/scratch/user/jmagnew/datasets/insects/Bee/Bee_467.jpg,Bee,Pollinator
/scratch/user/jmagnew/datasets/insects/Bee/Bee_190.jpg,Bee,Pollinator
/scratch/user/jmagnew/datasets/insects/Bee/Bee_443.jpg,Bee,Pollinator
/scratch/user/jmagnew/datasets/insects/Bee/Bee_1054.jpg,Bee,Pollinator
/scratch/user/jmagnew/datasets/insects/Bee/Bee_509.jpg,Bee,Pollinator
/scratch/user/jmagnew/datasets/insects/Bee/Bee_27.jpg,Bee,Pollinator
/scratch/user/jmagnew/datasets/insects/Bee/Bee_386.jpg,Bee,Pollinator
/scratch/user/jmagnew/datasets/insects/Bee/Bee_725.jpg,Bee,Pollinator
/scratch/user/jmagnew/datasets/insects/Bee/Bee_818.jpg,Bee,Pollinator
/scratch/user/jmagnew/datasets/insects/Bee/Bee_193.jpg,Bee,Pollinator
/scratch/user/jmagnew/datasets/insects/Bee/Bee_1058.jpg,Bee,Pollinator
/scratch/user/jmagnew/datasets/insects/Bee/Bee_850.jpg,Bee,Pollinator
/scratch/user/jmagnew/datasets/insects/Bee/Bee_234.jpg,Bee,Pollinator
/scratch/user/jmagnew/datasets/insects/Bee/Bee_92.jpg,Bee,Pollinator
/scratch/user/jmagnew/datasets/insects/Bee/Bee_636.jpg,Bee,Pollinator
/scratch/user/jmagnew/datasets/insects/Bee/Bee_81.jpg,Bee,Pollinator
/scratch/user/jmagnew/datasets/insects/Bee/Bee_1010.jpg,Bee,Pollinator
/scratch/user/jmagnew/datasets/insects/Bee/Bee_1081.jpg,Bee,Pollinator
/scratch/user/jmagnew/datasets/insects/Bee/Bee_689.jpg,Bee,Pollinator
/scratch/user/jmagnew/datasets/insects/Bee/Bee_473.jpg,Bee,Pollinator
/scratch/user/jmagnew/datasets/insects/Bee/Bee_302.jpg,Bee,Pollinator
/scratch/user/jmagnew/datasets/insects/Bee/Bee_62.jpg,Bee,Pollinator
/scratch/user/jmagnew/datasets/insects/Bee/Bee_932.jpg,Bee,Pollinator
/scratch/user/jmagnew/datasets/insects/Bee/Bee_943.jpg,Bee,Pollinator
/scratch/user/jmagnew/datasets/insects/Bee/Bee_581.jpg,Bee,Pollinator
/scratch/user/jmagnew/datasets/insects/Bee/Bee_577.jpg,Bee,Pollinator
/scratch/user/jmagnew/datasets/insects/Bee/Bee_320.jpg,Bee,Pollinator
/scratch/user/jmagnew/datasets/insects/Bee/Bee_131.jpg,Bee,Pollinator
/scratch/user/jmagnew/datasets/insects/Bee/Bee_867.jpg,Bee,Pollinator
/scratch/user/jmagnew/datasets/insects/Bee/Bee_31.jpg,Bee,Pollinator
/scratch/user/jmagnew/datasets/insects/Bee/Bee_263.jpg,Bee,Pollinator
/scratch/user/jmagnew/datasets/insects/Bee/Bee_790.jpg,Bee,Pollinator
/scratch/user/jmagnew/datasets/insects/Bee/Bee_353.jpg,Bee,Pollinator
/scratch/user/jmagnew/datasets/insects/Bee/Bee_693.jpg,Bee,Pollinator
/scratch/user/jmagnew/datasets/insects/Bee/Bee_556.jpg,Bee,Pollinator
/scratch/user/jmagnew/datasets/insects/Bee/Bee_313.jpg,Bee,Pollinator
/scratch/user/jmagnew/datasets/insects/Bee/Bee_783.jpg,Bee,Pollinator
/scratch/user/jmagnew/datasets/insects/Bee/Bee_253.jpg,Bee,Pollinator
/scratch/user/jmagnew/datasets/insects/Bee/Bee_944.jpg,Bee,Pollinator
/scratch/user/jmagnew/datasets/insects/Bee/Bee_42.jpg,Bee,Pollinator
/scratch/user/jmagnew/datasets/insects/Bee/Bee_11.png,Bee,Pollinator
/scratch/user/jmagnew/datasets/insects/Bee/Bee_236.jpeg,Bee,Pollinator
/scratch/user/jmagnew/datasets/insects/Bee/Bee_963.png,Bee,Pollinator
/scratch/user/jmagnew/datasets/insects/Bee/Bee_864.jpg,Bee,Pollinator
/scratch/user/jmagnew/datasets/insects/Bee/Bee_68.jpg,Bee,Pollinator
/scratch/user/jmagnew/datasets/insects/Bee/Bee_363.jpg,Bee,Pollinator
/scratch/user/jmagnew/datasets/insects/Bee/Bee_100.jpg,Bee,Pollinator
/scratch/user/jmagnew/datasets/insects/Bee/Bee_964.jpg,Bee,Pollinator
/scratch/user/jmagnew/datasets/insects/Bee/Bee_390.jpg,Bee,Pollinator
/scratch/user/jmagnew/datasets/insects/Bee/Bee_1035.jpg,Bee,Pollinator
/scratch/user/jmagnew/datasets/insects/Bee/Bee_859.jpg,Bee,Pollinator
/scratch/user/jmagnew/datasets/insects/Bee/Bee_681.jpg,Bee,Pollinator
/scratch/user/jmagnew/datasets/insects/Bee/Bee_914.jpg,Bee,Pollinator
/scratch/user/jmagnew/datasets/insects/Bee/Bee_949.jpg,Bee,Pollinator
/scratch/user/jmagnew/datasets/insects/Bee/Bee_161.jpg,Bee,Pollinator
/scratch/user/jmagnew/datasets/insects/Bee/Bee_1031.jpg,Bee,Pollinator
/scratch/user/jmagnew/datasets/insects/Bee/Bee_816.jpg,Bee,Pollinator
/scratch/user/jmagnew/datasets/insects/Bee/Bee_545.jpg,Bee,Pollinator
/scratch/user/jmagnew/datasets/insects/Bee/Bee_150.jpg,Bee,Pollinator
/scratch/user/jmagnew/datasets/insects/Bee/Bee_380.jpg,Bee,Pollinator
/scratch/user/jmagnew/datasets/insects/Bee/Bee_339.jpg,Bee,Pollinator
/scratch/user/jmagnew/datasets/insects/Bee/Bee_731.jpg,Bee,Pollinator
/scratch/user/jmagnew/datasets/insects/Bee/Bee_717.jpg,Bee,Pollinator
/scratch/user/jmagnew/datasets/insects/Bee/Bee_453.jpg,Bee,Pollinator
/scratch/user/jmagnew/datasets/insects/Bee/Bee_235.jpeg,Bee,Pollinator
/scratch/user/jmagnew/datasets/insects/Bee/Bee_972.jpeg,Bee,Pollinator
/scratch/user/jmagnew/datasets/insects/Bee/Bee_30.jpg,Bee,Pollinator
/scratch/user/jmagnew/datasets/insects/Bee/Bee_74.jpg,Bee,Pollinator
/scratch/user/jmagnew/datasets/insects/Bee/Bee_273.png,Bee,Pollinator
/scratch/user/jmagnew/datasets/insects/Bee/Bee_1055.jpg,Bee,Pollinator
/scratch/user/jmagnew/datasets/insects/Bee/Bee_415.jpg,Bee,Pollinator
/scratch/user/jmagnew/datasets/insects/Bee/Bee_724.jpg,Bee,Pollinator
/scratch/user/jmagnew/datasets/insects/Bee/Bee_37.jpg,Bee,Pollinator
/scratch/user/jmagnew/datasets/insects/Bee/Bee_97.jpg,Bee,Pollinator
/scratch/user/jmagnew/datasets/insects/Bee/Bee_206.jpg,Bee,Pollinator
/scratch/user/jmagnew/datasets/insects/Bee/Bee_1046.jpeg,Bee,Pollinator
/scratch/user/jmagnew/datasets/insects/Bee/Bee_463.jpg,Bee,Pollinator
/scratch/user/jmagnew/datasets/insects/Bee/Bee_691.jpg,Bee,Pollinator
/scratch/user/jmagnew/datasets/insects/Bee/Bee_735.jpg,Bee,Pollinator
/scratch/user/jmagnew/datasets/insects/Bee/Bee_334.jpg,Bee,Pollinator
/scratch/user/jmagnew/datasets/insects/Bee/Bee_920.jpg,Bee,Pollinator
/scratch/user/jmagnew/datasets/insects/Bee/Bee_613.jpg,Bee,Pollinator
/scratch/user/jmagnew/datasets/insects/Bee/Bee_399.jpg,Bee,Pollinator
/scratch/user/jmagnew/datasets/insects/Bee/Bee_625.jpg,Bee,Pollinator
/scratch/user/jmagnew/datasets/insects/Bee/Bee_836.jpg,Bee,Pollinator
/scratch/user/jmagnew/datasets/insects/Dragonfly/Dragonfly_617.jpeg,Dragonfly,Pollinator
/scratch/user/jmagnew/datasets/insects/Dragonfly/Dragonfly_297.jpg,Dragonfly,Pollinator
/scratch/user/jmagnew/datasets/insects/Dragonfly/Dragonfly_171.jpg,Dragonfly,Pollinator
/scratch/user/jmagnew/datasets/insects/Dragonfly/Dragonfly_643.jpg,Dragonfly,Pollinator
/scratch/user/jmagnew/datasets/insects/Dragonfly/Dragonfly_498.jpg,Dragonfly,Pollinator
/scratch/user/jmagnew/datasets/insects/Dragonfly/Dragonfly_170.jpeg,Dragonfly,Pollinator
/scratch/user/jmagnew/datasets/insects/Dragonfly/Dragonfly_82.jpg,Dragonfly,Pollinator
/scratch/user/jmagnew/datasets/insects/Dragonfly/Dragonfly_330.jpg,Dragonfly,Pollinator
/scratch/user/jmagnew/datasets/insects/Dragonfly/Dragonfly_253.jpg,Dragonfly,Pollinator
/scratch/user/jmagnew/datasets/insects/Dragonfly/Dragonfly_173.jpg,Dragonfly,Pollinator
/scratch/user/jmagnew/datasets/insects/Dragonfly/Dragonfly_465.jpg,Dragonfly,Pollinator
/scratch/user/jmagnew/datasets/insects/Dragonfly/Dragonfly_568.jpg,Dragonfly,Pollinator
/scratch/user/jmagnew/datasets/insects/Dragonfly/Dragonfly_220.jpg,Dragonfly,Pollinator
/scratch/user/jmagnew/datasets/insects/Dragonfly/Dragonfly_376.jpg,Dragonfly,Pollinator
/scratch/user/jmagnew/datasets/insects/Dragonfly/Dragonfly_357.jpg,Dragonfly,Pollinator
/scratch/user/jmagnew/datasets/insects/Dragonfly/Dragonfly_397.jpg,Dragonfly,Pollinator
/scratch/user/jmagnew/datasets/insects/Dragonfly/Dragonfly_660.jpg,Dragonfly,Pollinator
/scratch/user/jmagnew/datasets/insects/Dragonfly/Dragonfly_375.jpg,Dragonfly,Pollinator
/scratch/user/jmagnew/datasets/insects/Dragonfly/Dragonfly_524.jpg,Dragonfly,Pollinator
/scratch/user/jmagnew/datasets/insects/Dragonfly/Dragonfly_650.jpg,Dragonfly,Pollinator
/scratch/user/jmagnew/datasets/insects/Dragonfly/Dragonfly_32.jpg,Dragonfly,Pollinator
/scratch/user/jmagnew/datasets/insects/Dragonfly/Dragonfly_377.jpg,Dragonfly,Pollinator
/scratch/user/jmagnew/datasets/insects/Dragonfly/Dragonfly_663.jpg,Dragonfly,Pollinator
/scratch/user/jmagnew/datasets/insects/Dragonfly/Dragonfly_259.jpg,Dragonfly,Pollinator
/scratch/user/jmagnew/datasets/insects/Dragonfly/Dragonfly_133.jpg,Dragonfly,Pollinator
/scratch/user/jmagnew/datasets/insects/Dragonfly/Dragonfly_651.jpg,Dragonfly,Pollinator
/scratch/user/jmagnew/datasets/insects/Dragonfly/Dragonfly_312.jpg,Dragonfly,Pollinator
/scratch/user/jmagnew/datasets/insects/Dragonfly/Dragonfly_67.jpg,Dragonfly,Pollinator
/scratch/user/jmagnew/datasets/insects/Dragonfly/Dragonfly_549.jpg,Dragonfly,Pollinator
/scratch/user/jmagnew/datasets/insects/Dragonfly/Dragonfly_68.jpg,Dragonfly,Pollinator
/scratch/user/jmagnew/datasets/insects/Dragonfly/Dragonfly_625.jpg,Dragonfly,Pollinator
/scratch/user/jmagnew/datasets/insects/Dragonfly/Dragonfly_638.jpg,Dragonfly,Pollinator
/scratch/user/jmagnew/datasets/insects/Dragonfly/Dragonfly_416.jpg,Dragonfly,Pollinator
/scratch/user/jmagnew/datasets/insects/Dragonfly/Dragonfly_586.jpg,Dragonfly,Pollinator
/scratch/user/jmagnew/datasets/insects/Dragonfly/Dragonfly_111.jpg,Dragonfly,Pollinator
/scratch/user/jmagnew/datasets/insects/Dragonfly/Dragonfly_303.jpg,Dragonfly,Pollinator
/scratch/user/jmagnew/datasets/insects/Dragonfly/Dragonfly_129.jpg,Dragonfly,Pollinator
/scratch/user/jmagnew/datasets/insects/Dragonfly/Dragonfly_54.jpg,Dragonfly,Pollinator
/scratch/user/jmagnew/datasets/insects/Dragonfly/Dragonfly_554.jpg,Dragonfly,Pollinator
/scratch/user/jmagnew/datasets/insects/Dragonfly/Dragonfly_334.jpg,Dragonfly,Pollinator
/scratch/user/jmagnew/datasets/insects/Dragonfly/Dragonfly_558.jpg,Dragonfly,Pollinator
/scratch/user/jmagnew/datasets/insects/Dragonfly/Dragonfly_408.jpg,Dragonfly,Pollinator
/scratch/user/jmagnew/datasets/insects/Dragonfly/Dragonfly_327.jpg,Dragonfly,Pollinator
/scratch/user/jmagnew/datasets/insects/Dragonfly/Dragonfly_582.jpg,Dragonfly,Pollinator
/scratch/user/jmagnew/datasets/insects/Dragonfly/Dragonfly_531.jpg,Dragonfly,Pollinator
/scratch/user/jmagnew/datasets/insects/Dragonfly/Dragonfly_656.jpg,Dragonfly,Pollinator
/scratch/user/jmagnew/datasets/insects/Dragonfly/Dragonfly_110.jpg,Dragonfly,Pollinator
/scratch/user/jmagnew/datasets/insects/Dragonfly/Dragonfly_90.jpg,Dragonfly,Pollinator
/scratch/user/jmagnew/datasets/insects/Dragonfly/Dragonfly_496.jpg,Dragonfly,Pollinator
/scratch/user/jmagnew/datasets/insects/Dragonfly/Dragonfly_483.jpg,Dragonfly,Pollinator
/scratch/user/jmagnew/datasets/insects/Dragonfly/Dragonfly_24.jpg,Dragonfly,Pollinator
/scratch/user/jmagnew/datasets/insects/Dragonfly/Dragonfly_460.jpg,Dragonfly,Pollinator
/scratch/user/jmagnew/datasets/insects/Dragonfly/Dragonfly_445.jpg,Dragonfly,Pollinator
/scratch/user/jmagnew/datasets/insects/Dragonfly/Dragonfly_602.jpg,Dragonfly,Pollinator
/scratch/user/jmagnew/datasets/insects/Dragonfly/Dragonfly_134.jpg,Dragonfly,Pollinator
/scratch/user/jmagnew/datasets/insects/Dragonfly/Dragonfly_232.jpeg,Dragonfly,Pollinator
/scratch/user/jmagnew/datasets/insects/Dragonfly/Dragonfly_210.jpg,Dragonfly,Pollinator
/scratch/user/jmagnew/datasets/insects/Dragonfly/Dragonfly_544.jpg,Dragonfly,Pollinator
/scratch/user/jmagnew/datasets/insects/Dragonfly/Dragonfly_520.jpg,Dragonfly,Pollinator
/scratch/user/jmagnew/datasets/insects/Dragonfly/Dragonfly_481.jpg,Dragonfly,Pollinator
/scratch/user/jmagnew/datasets/insects/Dragonfly/Dragonfly_423.jpg,Dragonfly,Pollinator
/scratch/user/jmagnew/datasets/insects/Dragonfly/Dragonfly_409.jpg,Dragonfly,Pollinator
/scratch/user/jmagnew/datasets/insects/Dragonfly/Dragonfly_226.jpg,Dragonfly,Pollinator
/scratch/user/jmagnew/datasets/insects/Dragonfly/Dragonfly_136.jpg,Dragonfly,Pollinator
/scratch/user/jmagnew/datasets/insects/Dragonfly/Dragonfly_155.jpg,Dragonfly,Pollinator
/scratch/user/jmagnew/datasets/insects/Dragonfly/Dragonfly_192.jpg,Dragonfly,Pollinator
/scratch/user/jmagnew/datasets/insects/Dragonfly/Dragonfly_248.jpg,Dragonfly,Pollinator
/scratch/user/jmagnew/datasets/insects/Dragonfly/Dragonfly_393.jpg,Dragonfly,Pollinator
/scratch/user/jmagnew/datasets/insects/Dragonfly/Dragonfly_77.jpg,Dragonfly,Pollinator
/scratch/user/jmagnew/datasets/insects/Dragonfly/Dragonfly_328.jpg,Dragonfly,Pollinator
/scratch/user/jmagnew/datasets/insects/Dragonfly/Dragonfly_342.jpg,Dragonfly,Pollinator
/scratch/user/jmagnew/datasets/insects/Dragonfly/Dragonfly_199.jpg,Dragonfly,Pollinator
/scratch/user/jmagnew/datasets/insects/Dragonfly/Dragonfly_669.jpg,Dragonfly,Pollinator
/scratch/user/jmagnew/datasets/insects/Dragonfly/Dragonfly_160.jpg,Dragonfly,Pollinator
/scratch/user/jmagnew/datasets/insects/Dragonfly/Dragonfly_424.jpg,Dragonfly,Pollinator
/scratch/user/jmagnew/datasets/insects/Dragonfly/Dragonfly_508.jpg,Dragonfly,Pollinator
/scratch/user/jmagnew/datasets/insects/Dragonfly/Dragonfly_238.jpg,Dragonfly,Pollinator
/scratch/user/jmagnew/datasets/insects/Dragonfly/Dragonfly_157.jpg,Dragonfly,Pollinator
/scratch/user/jmagnew/datasets/insects/Dragonfly/Dragonfly_432.jpg,Dragonfly,Pollinator
/scratch/user/jmagnew/datasets/insects/Dragonfly/Dragonfly_143.jpg,Dragonfly,Pollinator
/scratch/user/jmagnew/datasets/insects/Dragonfly/Dragonfly_102.jpg,Dragonfly,Pollinator
/scratch/user/jmagnew/datasets/insects/Dragonfly/Dragonfly_564.jpg,Dragonfly,Pollinator
/scratch/user/jmagnew/datasets/insects/Dragonfly/Dragonfly_183.jpg,Dragonfly,Pollinator
/scratch/user/jmagnew/datasets/insects/Dragonfly/Dragonfly_382.jpeg,Dragonfly,Pollinator
/scratch/user/jmagnew/datasets/insects/Dragonfly/Dragonfly_541.jpg,Dragonfly,Pollinator
/scratch/user/jmagnew/datasets/insects/Dragonfly/Dragonfly_239.jpg,Dragonfly,Pollinator
/scratch/user/jmagnew/datasets/insects/Dragonfly/Dragonfly_164.jpg,Dragonfly,Pollinator
/scratch/user/jmagnew/datasets/insects/Dragonfly/Dragonfly_587.jpg,Dragonfly,Pollinator
/scratch/user/jmagnew/datasets/insects/Dragonfly/Dragonfly_105.jpg,Dragonfly,Pollinator
/scratch/user/jmagnew/datasets/insects/Dragonfly/Dragonfly_655.jpg,Dragonfly,Pollinator
/scratch/user/jmagnew/datasets/insects/Dragonfly/Dragonfly_600.jpg,Dragonfly,Pollinator
/scratch/user/jmagnew/datasets/insects/Dragonfly/Dragonfly_634.jpg,Dragonfly,Pollinator
/scratch/user/jmagnew/datasets/insects/Dragonfly/Dragonfly_405.jpg,Dragonfly,Pollinator
/scratch/user/jmagnew/datasets/insects/Dragonfly/Dragonfly_603.jpg,Dragonfly,Pollinator
/scratch/user/jmagnew/datasets/insects/Dragonfly/Dragonfly_100.jpg,Dragonfly,Pollinator
/scratch/user/jmagnew/datasets/insects/Dragonfly/Dragonfly_209.jpg,Dragonfly,Pollinator
/scratch/user/jmagnew/datasets/insects/Dragonfly/Dragonfly_538.jpg,Dragonfly,Pollinator
/scratch/user/jmagnew/datasets/insects/Dragonfly/Dragonfly_528.jpg,Dragonfly,Pollinator
/scratch/user/jmagnew/datasets/insects/Dragonfly/Dragonfly_504.jpg,Dragonfly,Pollinator
/scratch/user/jmagnew/datasets/insects/Dragonfly/Dragonfly_146.jpg,Dragonfly,Pollinator
/scratch/user/jmagnew/datasets/insects/Dragonfly/Dragonfly_212.jpg,Dragonfly,Pollinator
/scratch/user/jmagnew/datasets/insects/Dragonfly/Dragonfly_396.jpg,Dragonfly,Pollinator
/scratch/user/jmagnew/datasets/insects/Dragonfly/Dragonfly_458.jpg,Dragonfly,Pollinator
/scratch/user/jmagnew/datasets/insects/Dragonfly/Dragonfly_661.jpg,Dragonfly,Pollinator
/scratch/user/jmagnew/datasets/insects/Dragonfly/Dragonfly_605.jpg,Dragonfly,Pollinator
/scratch/user/jmagnew/datasets/insects/Dragonfly/Dragonfly_276.jpg,Dragonfly,Pollinator
/scratch/user/jmagnew/datasets/insects/Dragonfly/Dragonfly_315.jpg,Dragonfly,Pollinator
/scratch/user/jmagnew/datasets/insects/Dragonfly/Dragonfly_88.jpg,Dragonfly,Pollinator
/scratch/user/jmagnew/datasets/insects/Dragonfly/Dragonfly_1.jpg,Dragonfly,Pollinator
/scratch/user/jmagnew/datasets/insects/Dragonfly/Dragonfly_378.jpg,Dragonfly,Pollinator
/scratch/user/jmagnew/datasets/insects/Dragonfly/Dragonfly_567.jpg,Dragonfly,Pollinator
/scratch/user/jmagnew/datasets/insects/Dragonfly/Dragonfly_518.jpg,Dragonfly,Pollinator
/scratch/user/jmagnew/datasets/insects/Dragonfly/Dragonfly_156.jpg,Dragonfly,Pollinator
/scratch/user/jmagnew/datasets/insects/Dragonfly/Dragonfly_664.jpg,Dragonfly,Pollinator
/scratch/user/jmagnew/datasets/insects/Dragonfly/Dragonfly_510.jpg,Dragonfly,Pollinator
/scratch/user/jmagnew/datasets/insects/Dragonfly/Dragonfly_411.jpg,Dragonfly,Pollinator
/scratch/user/jmagnew/datasets/insects/Dragonfly/Dragonfly_314.jpg,Dragonfly,Pollinator
/scratch/user/jmagnew/datasets/insects/Dragonfly/Dragonfly_159.jpg,Dragonfly,Pollinator
/scratch/user/jmagnew/datasets/insects/Dragonfly/Dragonfly_279.jpg,Dragonfly,Pollinator
/scratch/user/jmagnew/datasets/insects/Dragonfly/Dragonfly_618.jpg,Dragonfly,Pollinator
/scratch/user/jmagnew/datasets/insects/Dragonfly/Dragonfly_553.jpg,Dragonfly,Pollinator
/scratch/user/jmagnew/datasets/insects/Dragonfly/Dragonfly_487.jpg,Dragonfly,Pollinator
/scratch/user/jmagnew/datasets/insects/Dragonfly/Dragonfly_62.jpg,Dragonfly,Pollinator
/scratch/user/jmagnew/datasets/insects/Dragonfly/Dragonfly_443.jpg,Dragonfly,Pollinator
/scratch/user/jmagnew/datasets/insects/Dragonfly/Dragonfly_258.jpg,Dragonfly,Pollinator
/scratch/user/jmagnew/datasets/insects/Dragonfly/Dragonfly_395.jpg,Dragonfly,Pollinator
/scratch/user/jmagnew/datasets/insects/Dragonfly/Dragonfly_242.jpg,Dragonfly,Pollinator
/scratch/user/jmagnew/datasets/insects/Dragonfly/Dragonfly_190.jpg,Dragonfly,Pollinator
/scratch/user/jmagnew/datasets/insects/Dragonfly/Dragonfly_168.jpg,Dragonfly,Pollinator
/scratch/user/jmagnew/datasets/insects/Dragonfly/Dragonfly_48.jpg,Dragonfly,Pollinator
/scratch/user/jmagnew/datasets/insects/Dragonfly/Dragonfly_672.jpg,Dragonfly,Pollinator
/scratch/user/jmagnew/datasets/insects/Dragonfly/Dragonfly_488.jpg,Dragonfly,Pollinator
/scratch/user/jmagnew/datasets/insects/Dragonfly/Dragonfly_12.jpg,Dragonfly,Pollinator
/scratch/user/jmagnew/datasets/insects/Dragonfly/Dragonfly_347.jpg,Dragonfly,Pollinator
/scratch/user/jmagnew/datasets/insects/Dragonfly/Dragonfly_46.jpg,Dragonfly,Pollinator
/scratch/user/jmagnew/datasets/insects/Dragonfly/Dragonfly_583.jpg,Dragonfly,Pollinator
/scratch/user/jmagnew/datasets/insects/Dragonfly/Dragonfly_27.jpg,Dragonfly,Pollinator
/scratch/user/jmagnew/datasets/insects/Dragonfly/Dragonfly_620.jpg,Dragonfly,Pollinator
/scratch/user/jmagnew/datasets/insects/Dragonfly/Dragonfly_486.jpg,Dragonfly,Pollinator
/scratch/user/jmagnew/datasets/insects/Dragonfly/Dragonfly_390.jpg,Dragonfly,Pollinator
/scratch/user/jmagnew/datasets/insects/Dragonfly/Dragonfly_370.jpeg,Dragonfly,Pollinator
/scratch/user/jmagnew/datasets/insects/Dragonfly/Dragonfly_489.jpg,Dragonfly,Pollinator
/scratch/user/jmagnew/datasets/insects/Dragonfly/Dragonfly_45.jpeg,Dragonfly,Pollinator
/scratch/user/jmagnew/datasets/insects/Dragonfly/Dragonfly_262.jpg,Dragonfly,Pollinator
/scratch/user/jmagnew/datasets/insects/Dragonfly/Dragonfly_514.jpg,Dragonfly,Pollinator
/scratch/user/jmagnew/datasets/insects/Dragonfly/Dragonfly_188.jpg,Dragonfly,Pollinator
/scratch/user/jmagnew/datasets/insects/Dragonfly/Dragonfly_277.jpg,Dragonfly,Pollinator
/scratch/user/jmagnew/datasets/insects/Dragonfly/Dragonfly_369.png,Dragonfly,Pollinator
/scratch/user/jmagnew/datasets/insects/Dragonfly/Dragonfly_507.jpg,Dragonfly,Pollinator
/scratch/user/jmagnew/datasets/insects/Dragonfly/Dragonfly_135.jpg,Dragonfly,Pollinator
/scratch/user/jmagnew/datasets/insects/Dragonfly/Dragonfly_394.jpg,Dragonfly,Pollinator
/scratch/user/jmagnew/datasets/insects/Dragonfly/Dragonfly_461.jpg,Dragonfly,Pollinator
/scratch/user/jmagnew/datasets/insects/Dragonfly/Dragonfly_59.jpg,Dragonfly,Pollinator
/scratch/user/jmagnew/datasets/insects/Dragonfly/Dragonfly_333.jpg,Dragonfly,Pollinator
/scratch/user/jmagnew/datasets/insects/Dragonfly/Dragonfly_670.jpg,Dragonfly,Pollinator
/scratch/user/jmagnew/datasets/insects/Dragonfly/Dragonfly_141.jpg,Dragonfly,Pollinator
/scratch/user/jmagnew/datasets/insects/Dragonfly/Dragonfly_422.jpg,Dragonfly,Pollinator
/scratch/user/jmagnew/datasets/insects/Dragonfly/Dragonfly_55.jpeg,Dragonfly,Pollinator
/scratch/user/jmagnew/datasets/insects/Dragonfly/Dragonfly_71.jpg,Dragonfly,Pollinator
/scratch/user/jmagnew/datasets/insects/Dragonfly/Dragonfly_295.jpg,Dragonfly,Pollinator
/scratch/user/jmagnew/datasets/insects/Dragonfly/Dragonfly_244.jpg,Dragonfly,Pollinator
/scratch/user/jmagnew/datasets/insects/Dragonfly/Dragonfly_122.jpg,Dragonfly,Pollinator
/scratch/user/jmagnew/datasets/insects/Dragonfly/Dragonfly_166.jpg,Dragonfly,Pollinator
/scratch/user/jmagnew/datasets/insects/Dragonfly/Dragonfly_503.jpg,Dragonfly,Pollinator
/scratch/user/jmagnew/datasets/insects/Dragonfly/Dragonfly_317.jpg,Dragonfly,Pollinator
/scratch/user/jmagnew/datasets/insects/Dragonfly/Dragonfly_418.jpg,Dragonfly,Pollinator
/scratch/user/jmagnew/datasets/insects/Dragonfly/Dragonfly_562.jpg,Dragonfly,Pollinator
/scratch/user/jmagnew/datasets/insects/Dragonfly/Dragonfly_407.jpg,Dragonfly,Pollinator
/scratch/user/jmagnew/datasets/insects/Dragonfly/Dragonfly_324.jpg,Dragonfly,Pollinator
/scratch/user/jmagnew/datasets/insects/Dragonfly/Dragonfly_512.jpg,Dragonfly,Pollinator
/scratch/user/jmagnew/datasets/insects/Dragonfly/Dragonfly_364.jpg,Dragonfly,Pollinator
/scratch/user/jmagnew/datasets/insects/Dragonfly/Dragonfly_175.jpg,Dragonfly,Pollinator
/scratch/user/jmagnew/datasets/insects/Dragonfly/Dragonfly_180.jpg,Dragonfly,Pollinator
/scratch/user/jmagnew/datasets/insects/Dragonfly/Dragonfly_206.jpg,Dragonfly,Pollinator
/scratch/user/jmagnew/datasets/insects/Dragonfly/Dragonfly_197.jpg,Dragonfly,Pollinator
/scratch/user/jmagnew/datasets/insects/Dragonfly/Dragonfly_632.jpg,Dragonfly,Pollinator
/scratch/user/jmagnew/datasets/insects/Dragonfly/Dragonfly_367.jpg,Dragonfly,Pollinator
/scratch/user/jmagnew/datasets/insects/Dragonfly/Dragonfly_42.jpg,Dragonfly,Pollinator
/scratch/user/jmagnew/datasets/insects/Dragonfly/Dragonfly_263.jpg,Dragonfly,Pollinator
/scratch/user/jmagnew/datasets/insects/Dragonfly/Dragonfly_647.jpg,Dragonfly,Pollinator
/scratch/user/jmagnew/datasets/insects/Dragonfly/Dragonfly_622.jpg,Dragonfly,Pollinator
/scratch/user/jmagnew/datasets/insects/Dragonfly/Dragonfly_267.jpg,Dragonfly,Pollinator
/scratch/user/jmagnew/datasets/insects/Dragonfly/Dragonfly_391.jpg,Dragonfly,Pollinator
/scratch/user/jmagnew/datasets/insects/Dragonfly/Dragonfly_282.jpg,Dragonfly,Pollinator
/scratch/user/jmagnew/datasets/insects/Dragonfly/Dragonfly_3.jpg,Dragonfly,Pollinator
/scratch/user/jmagnew/datasets/insects/Dragonfly/Dragonfly_63.jpg,Dragonfly,Pollinator
/scratch/user/jmagnew/datasets/insects/Dragonfly/Dragonfly_522.jpg,Dragonfly,Pollinator
/scratch/user/jmagnew/datasets/insects/Dragonfly/Dragonfly_138.jpg,Dragonfly,Pollinator
/scratch/user/jmagnew/datasets/insects/Dragonfly/Dragonfly_671.jpg,Dragonfly,Pollinator
/scratch/user/jmagnew/datasets/insects/Dragonfly/Dragonfly_648.jpg,Dragonfly,Pollinator
/scratch/user/jmagnew/datasets/insects/Dragonfly/Dragonfly_571.jpg,Dragonfly,Pollinator
/scratch/user/jmagnew/datasets/insects/Dragonfly/Dragonfly_13.jpg,Dragonfly,Pollinator
/scratch/user/jmagnew/datasets/insects/Dragonfly/Dragonfly_236.jpg,Dragonfly,Pollinator
/scratch/user/jmagnew/datasets/insects/Dragonfly/Dragonfly_101.jpg,Dragonfly,Pollinator
/scratch/user/jmagnew/datasets/insects/Dragonfly/Dragonfly_380.jpg,Dragonfly,Pollinator
/scratch/user/jmagnew/datasets/insects/Dragonfly/Dragonfly_22.jpg,Dragonfly,Pollinator
/scratch/user/jmagnew/datasets/insects/Dragonfly/Dragonfly_301.jpg,Dragonfly,Pollinator
/scratch/user/jmagnew/datasets/insects/Dragonfly/Dragonfly_560.jpg,Dragonfly,Pollinator
/scratch/user/jmagnew/datasets/insects/Dragonfly/Dragonfly_178.jpg,Dragonfly,Pollinator
/scratch/user/jmagnew/datasets/insects/Dragonfly/Dragonfly_139.jpg,Dragonfly,Pollinator
/scratch/user/jmagnew/datasets/insects/Dragonfly/Dragonfly_547.jpg,Dragonfly,Pollinator
/scratch/user/jmagnew/datasets/insects/Dragonfly/Dragonfly_551.jpg,Dragonfly,Pollinator
/scratch/user/jmagnew/datasets/insects/Dragonfly/Dragonfly_420.jpg,Dragonfly,Pollinator
/scratch/user/jmagnew/datasets/insects/Dragonfly/Dragonfly_57.jpg,Dragonfly,Pollinator
/scratch/user/jmagnew/datasets/insects/Dragonfly/Dragonfly_165.jpg,Dragonfly,Pollinator
/scratch/user/jmagnew/datasets/insects/Dragonfly/Dragonfly_349.jpg,Dragonfly,Pollinator
/scratch/user/jmagnew/datasets/insects/Dragonfly/Dragonfly_126.jpg,Dragonfly,Pollinator
/scratch/user/jmagnew/datasets/insects/Dragonfly/Dragonfly_444.jpg,Dragonfly,Pollinator
/scratch/user/jmagnew/datasets/insects/Dragonfly/Dragonfly_33.jpg,Dragonfly,Pollinator
/scratch/user/jmagnew/datasets/insects/Dragonfly/Dragonfly_132.jpg,Dragonfly,Pollinator
/scratch/user/jmagnew/datasets/insects/Dragonfly/Dragonfly_184.jpg,Dragonfly,Pollinator
/scratch/user/jmagnew/datasets/insects/Dragonfly/Dragonfly_506.jpg,Dragonfly,Pollinator
/scratch/user/jmagnew/datasets/insects/Dragonfly/Dragonfly_598.jpg,Dragonfly,Pollinator
/scratch/user/jmagnew/datasets/insects/Dragonfly/Dragonfly_60.jpg,Dragonfly,Pollinator
/scratch/user/jmagnew/datasets/insects/Dragonfly/Dragonfly_150.jpg,Dragonfly,Pollinator
/scratch/user/jmagnew/datasets/insects/Dragonfly/Dragonfly_103.jpg,Dragonfly,Pollinator
/scratch/user/jmagnew/datasets/insects/Dragonfly/Dragonfly_128.jpg,Dragonfly,Pollinator
/scratch/user/jmagnew/datasets/insects/Dragonfly/Dragonfly_87.jpg,Dragonfly,Pollinator
/scratch/user/jmagnew/datasets/insects/Dragonfly/Dragonfly_53.jpg,Dragonfly,Pollinator
/scratch/user/jmagnew/datasets/insects/Dragonfly/Dragonfly_137.jpg,Dragonfly,Pollinator
/scratch/user/jmagnew/datasets/insects/Dragonfly/Dragonfly_307.jpg,Dragonfly,Pollinator
/scratch/user/jmagnew/datasets/insects/Dragonfly/Dragonfly_335.jpg,Dragonfly,Pollinator
/scratch/user/jmagnew/datasets/insects/Dragonfly/Dragonfly_453.jpg,Dragonfly,Pollinator
/scratch/user/jmagnew/datasets/insects/Dragonfly/Dragonfly_674.jpg,Dragonfly,Pollinator
/scratch/user/jmagnew/datasets/insects/Dragonfly/Dragonfly_356.jpg,Dragonfly,Pollinator
/scratch/user/jmagnew/datasets/insects/Dragonfly/Dragonfly_668.jpg,Dragonfly,Pollinator
/scratch/user/jmagnew/datasets/insects/Dragonfly/Dragonfly_147.jpg,Dragonfly,Pollinator
/scratch/user/jmagnew/datasets/insects/Dragonfly/Dragonfly_4.jpg,Dragonfly,Pollinator
/scratch/user/jmagnew/datasets/insects/Dragonfly/Dragonfly_30.jpg,Dragonfly,Pollinator
/scratch/user/jmagnew/datasets/insects/Dragonfly/Dragonfly_629.jpg,Dragonfly,Pollinator
/scratch/user/jmagnew/datasets/insects/Dragonfly/Dragonfly_533.jpg,Dragonfly,Pollinator
/scratch/user/jmagnew/datasets/insects/Dragonfly/Dragonfly_446.jpg,Dragonfly,Pollinator
/scratch/user/jmagnew/datasets/insects/Dragonfly/Dragonfly_542.jpg,Dragonfly,Pollinator
/scratch/user/jmagnew/datasets/insects/Dragonfly/Dragonfly_627.jpg,Dragonfly,Pollinator
/scratch/user/jmagnew/datasets/insects/Dragonfly/Dragonfly_74.jpg,Dragonfly,Pollinator
/scratch/user/jmagnew/datasets/insects/Dragonfly/Dragonfly_343.jpg,Dragonfly,Pollinator
/scratch/user/jmagnew/datasets/insects/Dragonfly/Dragonfly_513.jpg,Dragonfly,Pollinator
/scratch/user/jmagnew/datasets/insects/Dragonfly/Dragonfly_69.jpg,Dragonfly,Pollinator
/scratch/user/jmagnew/datasets/insects/Dragonfly/Dragonfly_114.jpg,Dragonfly,Pollinator
/scratch/user/jmagnew/datasets/insects/Dragonfly/Dragonfly_56.jpg,Dragonfly,Pollinator
/scratch/user/jmagnew/datasets/insects/Dragonfly/Dragonfly_223.jpg,Dragonfly,Pollinator
/scratch/user/jmagnew/datasets/insects/Dragonfly/Dragonfly_293.jpg,Dragonfly,Pollinator
/scratch/user/jmagnew/datasets/insects/Dragonfly/Dragonfly_185.jpg,Dragonfly,Pollinator
/scratch/user/jmagnew/datasets/insects/Dragonfly/Dragonfly_95.jpg,Dragonfly,Pollinator
/scratch/user/jmagnew/datasets/insects/Dragonfly/Dragonfly_509.jpg,Dragonfly,Pollinator
/scratch/user/jmagnew/datasets/insects/Dragonfly/Dragonfly_630.jpg,Dragonfly,Pollinator
/scratch/user/jmagnew/datasets/insects/Dragonfly/Dragonfly_429.jpg,Dragonfly,Pollinator
/scratch/user/jmagnew/datasets/insects/Dragonfly/Dragonfly_189.jpg,Dragonfly,Pollinator
/scratch/user/jmagnew/datasets/insects/Dragonfly/Dragonfly_570.jpg,Dragonfly,Pollinator
/scratch/user/jmagnew/datasets/insects/Dragonfly/Dragonfly_640.jpg,Dragonfly,Pollinator
/scratch/user/jmagnew/datasets/insects/Dragonfly/Dragonfly_306.jpg,Dragonfly,Pollinator
/scratch/user/jmagnew/datasets/insects/Dragonfly/Dragonfly_421.jpg,Dragonfly,Pollinator
/scratch/user/jmagnew/datasets/insects/Dragonfly/Dragonfly_437.jpg,Dragonfly,Pollinator
/scratch/user/jmagnew/datasets/insects/Dragonfly/Dragonfly_584.jpg,Dragonfly,Pollinator
/scratch/user/jmagnew/datasets/insects/Dragonfly/Dragonfly_318.jpg,Dragonfly,Pollinator
/scratch/user/jmagnew/datasets/insects/Dragonfly/Dragonfly_374.jpg,Dragonfly,Pollinator
/scratch/user/jmagnew/datasets/insects/Dragonfly/Dragonfly_592.jpg,Dragonfly,Pollinator
/scratch/user/jmagnew/datasets/insects/Dragonfly/Dragonfly_112.jpg,Dragonfly,Pollinator
/scratch/user/jmagnew/datasets/insects/Dragonfly/Dragonfly_577.jpg,Dragonfly,Pollinator
/scratch/user/jmagnew/datasets/insects/Dragonfly/Dragonfly_410.jpg,Dragonfly,Pollinator
/scratch/user/jmagnew/datasets/insects/Dragonfly/Dragonfly_28.jpg,Dragonfly,Pollinator
/scratch/user/jmagnew/datasets/insects/Dragonfly/Dragonfly_525.jpg,Dragonfly,Pollinator
/scratch/user/jmagnew/datasets/insects/Dragonfly/Dragonfly_186.jpg,Dragonfly,Pollinator
/scratch/user/jmagnew/datasets/insects/Dragonfly/Dragonfly_532.jpg,Dragonfly,Pollinator
/scratch/user/jmagnew/datasets/insects/Dragonfly/Dragonfly_442.jpg,Dragonfly,Pollinator
/scratch/user/jmagnew/datasets/insects/Dragonfly/Dragonfly_536.jpg,Dragonfly,Pollinator
/scratch/user/jmagnew/datasets/insects/Dragonfly/Dragonfly_502.jpg,Dragonfly,Pollinator
/scratch/user/jmagnew/datasets/insects/Dragonfly/Dragonfly_224.jpg,Dragonfly,Pollinator
/scratch/user/jmagnew/datasets/insects/Dragonfly/Dragonfly_196.jpg,Dragonfly,Pollinator
/scratch/user/jmagnew/datasets/insects/Dragonfly/Dragonfly_336.jpg,Dragonfly,Pollinator
/scratch/user/jmagnew/datasets/insects/Dragonfly/Dragonfly_441.jpg,Dragonfly,Pollinator
/scratch/user/jmagnew/datasets/insects/Dragonfly/Dragonfly_153.jpg,Dragonfly,Pollinator
/scratch/user/jmagnew/datasets/insects/Dragonfly/Dragonfly_497.jpg,Dragonfly,Pollinator
/scratch/user/jmagnew/datasets/insects/Dragonfly/Dragonfly_557.jpg,Dragonfly,Pollinator
/scratch/user/jmagnew/datasets/insects/Dragonfly/Dragonfly_677.jpg,Dragonfly,Pollinator
/scratch/user/jmagnew/datasets/insects/Dragonfly/Dragonfly_243.jpg,Dragonfly,Pollinator
/scratch/user/jmagnew/datasets/insects/Dragonfly/Dragonfly_246.jpg,Dragonfly,Pollinator
/scratch/user/jmagnew/datasets/insects/Dragonfly/Dragonfly_474.jpg,Dragonfly,Pollinator
/scratch/user/jmagnew/datasets/insects/Dragonfly/Dragonfly_231.jpg,Dragonfly,Pollinator
/scratch/user/jmagnew/datasets/insects/Dragonfly/Dragonfly_399.jpg,Dragonfly,Pollinator
/scratch/user/jmagnew/datasets/insects/Dragonfly/Dragonfly_78.jpg,Dragonfly,Pollinator
/scratch/user/jmagnew/datasets/insects/Dragonfly/Dragonfly_255.jpg,Dragonfly,Pollinator
/scratch/user/jmagnew/datasets/insects/Dragonfly/Dragonfly_455.jpg,Dragonfly,Pollinator
/scratch/user/jmagnew/datasets/insects/Dragonfly/Dragonfly_99.jpg,Dragonfly,Pollinator
/scratch/user/jmagnew/datasets/insects/Dragonfly/Dragonfly_621.jpg,Dragonfly,Pollinator
/scratch/user/jmagnew/datasets/insects/Dragonfly/Dragonfly_561.jpg,Dragonfly,Pollinator
/scratch/user/jmagnew/datasets/insects/Dragonfly/Dragonfly_667.jpg,Dragonfly,Pollinator
/scratch/user/jmagnew/datasets/insects/Dragonfly/Dragonfly_490.jpg,Dragonfly,Pollinator
/scratch/user/jmagnew/datasets/insects/Dragonfly/Dragonfly_39.jpg,Dragonfly,Pollinator
/scratch/user/jmagnew/datasets/insects/Dragonfly/Dragonfly_653.jpg,Dragonfly,Pollinator
/scratch/user/jmagnew/datasets/insects/Dragonfly/Dragonfly_79.jpg,Dragonfly,Pollinator
/scratch/user/jmagnew/datasets/insects/Dragonfly/Dragonfly_388.jpg,Dragonfly,Pollinator
/scratch/user/jmagnew/datasets/insects/Dragonfly/Dragonfly_470.jpg,Dragonfly,Pollinator
/scratch/user/jmagnew/datasets/insects/Dragonfly/Dragonfly_163.jpg,Dragonfly,Pollinator
/scratch/user/jmagnew/datasets/insects/Dragonfly/Dragonfly_550.jpg,Dragonfly,Pollinator
/scratch/user/jmagnew/datasets/insects/Dragonfly/Dragonfly_652.jpg,Dragonfly,Pollinator
/scratch/user/jmagnew/datasets/insects/Dragonfly/Dragonfly_205.jpg,Dragonfly,Pollinator
/scratch/user/jmagnew/datasets/insects/Dragonfly/Dragonfly_448.jpg,Dragonfly,Pollinator
/scratch/user/jmagnew/datasets/insects/Dragonfly/Dragonfly_371.jpg,Dragonfly,Pollinator
/scratch/user/jmagnew/datasets/insects/Dragonfly/Dragonfly_124.jpg,Dragonfly,Pollinator
/scratch/user/jmagnew/datasets/insects/Dragonfly/Dragonfly_642.jpg,Dragonfly,Pollinator
/scratch/user/jmagnew/datasets/insects/Dragonfly/Dragonfly_505.jpg,Dragonfly,Pollinator
/scratch/user/jmagnew/datasets/insects/Dragonfly/Dragonfly_430.jpg,Dragonfly,Pollinator
/scratch/user/jmagnew/datasets/insects/Dragonfly/Dragonfly_537.jpg,Dragonfly,Pollinator
/scratch/user/jmagnew/datasets/insects/Dragonfly/Dragonfly_286.jpg,Dragonfly,Pollinator
/scratch/user/jmagnew/datasets/insects/Dragonfly/Dragonfly_154.jpg,Dragonfly,Pollinator
/scratch/user/jmagnew/datasets/insects/Dragonfly/Dragonfly_626.jpg,Dragonfly,Pollinator
/scratch/user/jmagnew/datasets/insects/Dragonfly/Dragonfly_305.jpg,Dragonfly,Pollinator
/scratch/user/jmagnew/datasets/insects/Dragonfly/Dragonfly_572.jpg,Dragonfly,Pollinator
/scratch/user/jmagnew/datasets/insects/Dragonfly/Dragonfly_115.jpg,Dragonfly,Pollinator
/scratch/user/jmagnew/datasets/insects/Dragonfly/Dragonfly_179.jpg,Dragonfly,Pollinator
/scratch/user/jmagnew/datasets/insects/Dragonfly/Dragonfly_227.jpg,Dragonfly,Pollinator
/scratch/user/jmagnew/datasets/insects/Dragonfly/Dragonfly_414.jpg,Dragonfly,Pollinator
/scratch/user/jmagnew/datasets/insects/Dragonfly/Dragonfly_491.jpg,Dragonfly,Pollinator
/scratch/user/jmagnew/datasets/insects/Dragonfly/Dragonfly_433.jpg,Dragonfly,Pollinator
/scratch/user/jmagnew/datasets/insects/Dragonfly/Dragonfly_294.jpg,Dragonfly,Pollinator
/scratch/user/jmagnew/datasets/insects/Dragonfly/Dragonfly_17.jpg,Dragonfly,Pollinator
/scratch/user/jmagnew/datasets/insects/Dragonfly/Dragonfly_373.jpg,Dragonfly,Pollinator
/scratch/user/jmagnew/datasets/insects/Dragonfly/Dragonfly_566.jpg,Dragonfly,Pollinator
/scratch/user/jmagnew/datasets/insects/Dragonfly/Dragonfly_501.jpg,Dragonfly,Pollinator
/scratch/user/jmagnew/datasets/insects/Dragonfly/Dragonfly_216.jpg,Dragonfly,Pollinator
/scratch/user/jmagnew/datasets/insects/Dragonfly/Dragonfly_351.jpg,Dragonfly,Pollinator
/scratch/user/jmagnew/datasets/insects/Dragonfly/Dragonfly_331.jpg,Dragonfly,Pollinator
/scratch/user/jmagnew/datasets/insects/Dragonfly/Dragonfly_494.jpg,Dragonfly,Pollinator
/scratch/user/jmagnew/datasets/insects/Dragonfly/Dragonfly_214.jpg,Dragonfly,Pollinator
/scratch/user/jmagnew/datasets/insects/Dragonfly/Dragonfly_473.jpg,Dragonfly,Pollinator
/scratch/user/jmagnew/datasets/insects/Dragonfly/Dragonfly_436.jpg,Dragonfly,Pollinator
/scratch/user/jmagnew/datasets/insects/Dragonfly/Dragonfly_93.jpg,Dragonfly,Pollinator
/scratch/user/jmagnew/datasets/insects/Dragonfly/Dragonfly_628.jpg,Dragonfly,Pollinator
/scratch/user/jmagnew/datasets/insects/Dragonfly/Dragonfly_106.jpg,Dragonfly,Pollinator
/scratch/user/jmagnew/datasets/insects/Dragonfly/Dragonfly_249.jpg,Dragonfly,Pollinator
/scratch/user/jmagnew/datasets/insects/Dragonfly/Dragonfly_646.jpeg,Dragonfly,Pollinator
/scratch/user/jmagnew/datasets/insects/Dragonfly/Dragonfly_61.jpg,Dragonfly,Pollinator
/scratch/user/jmagnew/datasets/insects/Dragonfly/Dragonfly_379.jpg,Dragonfly,Pollinator
/scratch/user/jmagnew/datasets/insects/Dragonfly/Dragonfly_353.jpg,Dragonfly,Pollinator
/scratch/user/jmagnew/datasets/insects/Dragonfly/Dragonfly_527.jpg,Dragonfly,Pollinator
/scratch/user/jmagnew/datasets/insects/Dragonfly/Dragonfly_619.jpg,Dragonfly,Pollinator
/scratch/user/jmagnew/datasets/insects/Dragonfly/Dragonfly_300.jpg,Dragonfly,Pollinator
/scratch/user/jmagnew/datasets/insects/Dragonfly/Dragonfly_535.jpg,Dragonfly,Pollinator
/scratch/user/jmagnew/datasets/insects/Dragonfly/Dragonfly_595.jpg,Dragonfly,Pollinator
/scratch/user/jmagnew/datasets/insects/Dragonfly/Dragonfly_606.jpg,Dragonfly,Pollinator
/scratch/user/jmagnew/datasets/insects/Dragonfly/Dragonfly_389.jpg,Dragonfly,Pollinator
/scratch/user/jmagnew/datasets/insects/Dragonfly/Dragonfly_363.jpg,Dragonfly,Pollinator
/scratch/user/jmagnew/datasets/insects/Dragonfly/Dragonfly_329.jpg,Dragonfly,Pollinator
/scratch/user/jmagnew/datasets/insects/Dragonfly/Dragonfly_556.jpg,Dragonfly,Pollinator
/scratch/user/jmagnew/datasets/insects/Dragonfly/Dragonfly_459.jpg,Dragonfly,Pollinator
/scratch/user/jmagnew/datasets/insects/Dragonfly/Dragonfly_233.png,Dragonfly,Pollinator
/scratch/user/jmagnew/datasets/insects/Dragonfly/Dragonfly_261.jpg,Dragonfly,Pollinator
/scratch/user/jmagnew/datasets/insects/Dragonfly/Dragonfly_516.jpg,Dragonfly,Pollinator
/scratch/user/jmagnew/datasets/insects/Dragonfly/Dragonfly_322.jpg,Dragonfly,Pollinator
/scratch/user/jmagnew/datasets/insects/Dragonfly/Dragonfly_657.jpg,Dragonfly,Pollinator
/scratch/user/jmagnew/datasets/insects/Dragonfly/Dragonfly_117.jpg,Dragonfly,Pollinator
/scratch/user/jmagnew/datasets/insects/Dragonfly/Dragonfly_614.jpg,Dragonfly,Pollinator
/scratch/user/jmagnew/datasets/insects/Dragonfly/Dragonfly_428.jpg,Dragonfly,Pollinator
/scratch/user/jmagnew/datasets/insects/Dragonfly/Dragonfly_341.jpg,Dragonfly,Pollinator
/scratch/user/jmagnew/datasets/insects/Dragonfly/Dragonfly_604.jpg,Dragonfly,Pollinator
/scratch/user/jmagnew/datasets/insects/Dragonfly/Dragonfly_523.jpg,Dragonfly,Pollinator
/scratch/user/jmagnew/datasets/insects/Dragonfly/Dragonfly_278.jpg,Dragonfly,Pollinator
/scratch/user/jmagnew/datasets/insects/Dragonfly/Dragonfly_355.jpg,Dragonfly,Pollinator
/scratch/user/jmagnew/datasets/insects/Dragonfly/Dragonfly_11.jpg,Dragonfly,Pollinator
/scratch/user/jmagnew/datasets/insects/Dragonfly/Dragonfly_177.jpg,Dragonfly,Pollinator
/scratch/user/jmagnew/datasets/insects/Dragonfly/Dragonfly_217.jpg,Dragonfly,Pollinator
/scratch/user/jmagnew/datasets/insects/Dragonfly/Dragonfly_654.jpg,Dragonfly,Pollinator
/scratch/user/jmagnew/datasets/insects/Dragonfly/Dragonfly_221.jpg,Dragonfly,Pollinator
/scratch/user/jmagnew/datasets/insects/Dragonfly/Dragonfly_633.jpg,Dragonfly,Pollinator
/scratch/user/jmagnew/datasets/insects/Dragonfly/Dragonfly_649.jpg,Dragonfly,Pollinator
/scratch/user/jmagnew/datasets/insects/Dragonfly/Dragonfly_247.jpg,Dragonfly,Pollinator
/scratch/user/jmagnew/datasets/insects/Dragonfly/Dragonfly_381.jpg,Dragonfly,Pollinator
/scratch/user/jmagnew/datasets/insects/Dragonfly/Dragonfly_194.jpg,Dragonfly,Pollinator
/scratch/user/jmagnew/datasets/insects/Dragonfly/Dragonfly_256.jpg,Dragonfly,Pollinator
/scratch/user/jmagnew/datasets/insects/Dragonfly/Dragonfly_228.jpg,Dragonfly,Pollinator
/scratch/user/jmagnew/datasets/insects/Dragonfly/Dragonfly_181.jpg,Dragonfly,Pollinator
/scratch/user/jmagnew/datasets/insects/Dragonfly/Dragonfly_281.jpg,Dragonfly,Pollinator
/scratch/user/jmagnew/datasets/insects/Dragonfly/Dragonfly_475.jpg,Dragonfly,Pollinator
/scratch/user/jmagnew/datasets/insects/Dragonfly/Dragonfly_519.jpg,Dragonfly,Pollinator
/scratch/user/jmagnew/datasets/insects/Dragonfly/Dragonfly_230.jpg,Dragonfly,Pollinator
/scratch/user/jmagnew/datasets/insects/Dragonfly/Dragonfly_203.jpg,Dragonfly,Pollinator
/scratch/user/jmagnew/datasets/insects/Dragonfly/Dragonfly_608.jpg,Dragonfly,Pollinator
/scratch/user/jmagnew/datasets/insects/Dragonfly/Dragonfly_662.jpg,Dragonfly,Pollinator
/scratch/user/jmagnew/datasets/insects/Dragonfly/Dragonfly_659.jpg,Dragonfly,Pollinator
/scratch/user/jmagnew/datasets/insects/Dragonfly/Dragonfly_540.jpg,Dragonfly,Pollinator
/scratch/user/jmagnew/datasets/insects/Dragonfly/Dragonfly_415.jpg,Dragonfly,Pollinator
/scratch/user/jmagnew/datasets/insects/Dragonfly/Dragonfly_449.jpg,Dragonfly,Pollinator
/scratch/user/jmagnew/datasets/insects/Dragonfly/Dragonfly_298.jpg,Dragonfly,Pollinator
/scratch/user/jmagnew/datasets/insects/Dragonfly/Dragonfly_207.jpg,Dragonfly,Pollinator
/scratch/user/jmagnew/datasets/insects/Dragonfly/Dragonfly_187.jpg,Dragonfly,Pollinator
/scratch/user/jmagnew/datasets/insects/Dragonfly/Dragonfly_431.jpg,Dragonfly,Pollinator
/scratch/user/jmagnew/datasets/insects/Dragonfly/Dragonfly_50.jpg,Dragonfly,Pollinator
/scratch/user/jmagnew/datasets/insects/Dragonfly/Dragonfly_269.jpg,Dragonfly,Pollinator
/scratch/user/jmagnew/datasets/insects/Dragonfly/Dragonfly_191.jpg,Dragonfly,Pollinator
/scratch/user/jmagnew/datasets/insects/Dragonfly/Dragonfly_612.jpg,Dragonfly,Pollinator
/scratch/user/jmagnew/datasets/insects/Dragonfly/Dragonfly_580.jpg,Dragonfly,Pollinator
/scratch/user/jmagnew/datasets/insects/Dragonfly/Dragonfly_76.jpg,Dragonfly,Pollinator
/scratch/user/jmagnew/datasets/insects/Dragonfly/Dragonfly_58.jpg,Dragonfly,Pollinator
/scratch/user/jmagnew/datasets/insects/Dragonfly/Dragonfly_40.jpg,Dragonfly,Pollinator
/scratch/user/jmagnew/datasets/insects/Dragonfly/Dragonfly_274.jpg,Dragonfly,Pollinator
/scratch/user/jmagnew/datasets/insects/Dragonfly/Dragonfly_219.jpg,Dragonfly,Pollinator
/scratch/user/jmagnew/datasets/insects/Dragonfly/Dragonfly_352.jpg,Dragonfly,Pollinator
/scratch/user/jmagnew/datasets/insects/Dragonfly/Dragonfly_140.jpg,Dragonfly,Pollinator
/scratch/user/jmagnew/datasets/insects/Dragonfly/Dragonfly_319.jpg,Dragonfly,Pollinator
/scratch/user/jmagnew/datasets/insects/Dragonfly/Dragonfly_7.jpg,Dragonfly,Pollinator
/scratch/user/jmagnew/datasets/insects/Dragonfly/Dragonfly_195.jpg,Dragonfly,Pollinator
/scratch/user/jmagnew/datasets/insects/Dragonfly/Dragonfly_289.jpg,Dragonfly,Pollinator
/scratch/user/jmagnew/datasets/insects/Dragonfly/Dragonfly_529.jpg,Dragonfly,Pollinator
/scratch/user/jmagnew/datasets/insects/Dragonfly/Dragonfly_311.jpg,Dragonfly,Pollinator
/scratch/user/jmagnew/datasets/insects/Dragonfly/Dragonfly_37.jpg,Dragonfly,Pollinator
/scratch/user/jmagnew/datasets/insects/Dragonfly/Dragonfly_271.jpg,Dragonfly,Pollinator
/scratch/user/jmagnew/datasets/insects/Dragonfly/Dragonfly_292.jpg,Dragonfly,Pollinator
/scratch/user/jmagnew/datasets/insects/Dragonfly/Dragonfly_151.jpg,Dragonfly,Pollinator
/scratch/user/jmagnew/datasets/insects/Dragonfly/Dragonfly_284.jpg,Dragonfly,Pollinator
/scratch/user/jmagnew/datasets/insects/Dragonfly/Dragonfly_145.jpg,Dragonfly,Pollinator
/scratch/user/jmagnew/datasets/insects/Dragonfly/Dragonfly_340.jpg,Dragonfly,Pollinator
/scratch/user/jmagnew/datasets/insects/Dragonfly/Dragonfly_64.jpg,Dragonfly,Pollinator
/scratch/user/jmagnew/datasets/insects/Dragonfly/Dragonfly_15.jpg,Dragonfly,Pollinator
/scratch/user/jmagnew/datasets/insects/Dragonfly/Dragonfly_427.jpg,Dragonfly,Pollinator
/scratch/user/jmagnew/datasets/insects/Dragonfly/Dragonfly_38.jpg,Dragonfly,Pollinator
/scratch/user/jmagnew/datasets/insects/Dragonfly/Dragonfly_308.jpg,Dragonfly,Pollinator
/scratch/user/jmagnew/datasets/insects/Dragonfly/Dragonfly_26.jpg,Dragonfly,Pollinator
/scratch/user/jmagnew/datasets/insects/Dragonfly/Dragonfly_478.jpg,Dragonfly,Pollinator
/scratch/user/jmagnew/datasets/insects/Dragonfly/Dragonfly_466.jpg,Dragonfly,Pollinator
/scratch/user/jmagnew/datasets/insects/Dragonfly/Dragonfly_462.jpg,Dragonfly,Pollinator
/scratch/user/jmagnew/datasets/insects/Dragonfly/Dragonfly_636.jpg,Dragonfly,Pollinator
/scratch/user/jmagnew/datasets/insects/Dragonfly/Dragonfly_44.jpg,Dragonfly,Pollinator
/scratch/user/jmagnew/datasets/insects/Dragonfly/Dragonfly_599.jpg,Dragonfly,Pollinator
/scratch/user/jmagnew/datasets/insects/Dragonfly/Dragonfly_641.jpg,Dragonfly,Pollinator
/scratch/user/jmagnew/datasets/insects/Dragonfly/Dragonfly_9.jpg,Dragonfly,Pollinator
/scratch/user/jmagnew/datasets/insects/Dragonfly/Dragonfly_563.jpg,Dragonfly,Pollinator
/scratch/user/jmagnew/datasets/insects/Dragonfly/Dragonfly_545.jpg,Dragonfly,Pollinator
/scratch/user/jmagnew/datasets/insects/Dragonfly/Dragonfly_121.jpg,Dragonfly,Pollinator
/scratch/user/jmagnew/datasets/insects/Dragonfly/Dragonfly_127.jpg,Dragonfly,Pollinator
/scratch/user/jmagnew/datasets/insects/Dragonfly/Dragonfly_116.jpg,Dragonfly,Pollinator
/scratch/user/jmagnew/datasets/insects/Dragonfly/Dragonfly_644.jpg,Dragonfly,Pollinator
/scratch/user/jmagnew/datasets/insects/Dragonfly/Dragonfly_392.jpg,Dragonfly,Pollinator
/scratch/user/jmagnew/datasets/insects/Dragonfly/Dragonfly_590.jpg,Dragonfly,Pollinator
/scratch/user/jmagnew/datasets/insects/Dragonfly/Dragonfly_49.jpg,Dragonfly,Pollinator
/scratch/user/jmagnew/datasets/insects/Dragonfly/Dragonfly_280.jpg,Dragonfly,Pollinator
/scratch/user/jmagnew/datasets/insects/Dragonfly/Dragonfly_499.jpg,Dragonfly,Pollinator
/scratch/user/jmagnew/datasets/insects/Dragonfly/Dragonfly_386.jpg,Dragonfly,Pollinator
/scratch/user/jmagnew/datasets/insects/Dragonfly/Dragonfly_152.jpg,Dragonfly,Pollinator
/scratch/user/jmagnew/datasets/insects/Dragonfly/Dragonfly_417.jpg,Dragonfly,Pollinator
/scratch/user/jmagnew/datasets/insects/Dragonfly/Dragonfly_480.jpg,Dragonfly,Pollinator
/scratch/user/jmagnew/datasets/insects/Dragonfly/Dragonfly_94.jpg,Dragonfly,Pollinator
/scratch/user/jmagnew/datasets/insects/Dragonfly/Dragonfly_607.jpg,Dragonfly,Pollinator
/scratch/user/jmagnew/datasets/insects/Dragonfly/Dragonfly_543.jpg,Dragonfly,Pollinator
/scratch/user/jmagnew/datasets/insects/Dragonfly/Dragonfly_96.jpg,Dragonfly,Pollinator
/scratch/user/jmagnew/datasets/insects/Dragonfly/Dragonfly_84.jpg,Dragonfly,Pollinator
/scratch/user/jmagnew/datasets/insects/Dragonfly/Dragonfly_266.jpg,Dragonfly,Pollinator
/scratch/user/jmagnew/datasets/insects/Dragonfly/Dragonfly_323.jpg,Dragonfly,Pollinator
/scratch/user/jmagnew/datasets/insects/Dragonfly/Dragonfly_309.jpg,Dragonfly,Pollinator
/scratch/user/jmagnew/datasets/insects/Dragonfly/Dragonfly_52.jpg,Dragonfly,Pollinator
/scratch/user/jmagnew/datasets/insects/Dragonfly/Dragonfly_440.jpg,Dragonfly,Pollinator
/scratch/user/jmagnew/datasets/insects/Dragonfly/Dragonfly_89.jpg,Dragonfly,Pollinator
/scratch/user/jmagnew/datasets/insects/Dragonfly/Dragonfly_400.jpg,Dragonfly,Pollinator
/scratch/user/jmagnew/datasets/insects/Dragonfly/Dragonfly_23.jpg,Dragonfly,Pollinator
/scratch/user/jmagnew/datasets/insects/Dragonfly/Dragonfly_589.jpg,Dragonfly,Pollinator
/scratch/user/jmagnew/datasets/insects/Dragonfly/Dragonfly_211.jpg,Dragonfly,Pollinator
/scratch/user/jmagnew/datasets/insects/Dragonfly/Dragonfly_635.jpg,Dragonfly,Pollinator
/scratch/user/jmagnew/datasets/insects/Dragonfly/Dragonfly_555.jpg,Dragonfly,Pollinator
/scratch/user/jmagnew/datasets/insects/Dragonfly/Dragonfly_384.jpg,Dragonfly,Pollinator
/scratch/user/jmagnew/datasets/insects/Dragonfly/Dragonfly_313.jpg,Dragonfly,Pollinator
/scratch/user/jmagnew/datasets/insects/Dragonfly/Dragonfly_264.jpeg,Dragonfly,Pollinator
/scratch/user/jmagnew/datasets/insects/Dragonfly/Dragonfly_403.jpg,Dragonfly,Pollinator
/scratch/user/jmagnew/datasets/insects/Dragonfly/Dragonfly_624.jpg,Dragonfly,Pollinator
/scratch/user/jmagnew/datasets/insects/Dragonfly/Dragonfly_237.jpg,Dragonfly,Pollinator
/scratch/user/jmagnew/datasets/insects/Dragonfly/Dragonfly_517.jpg,Dragonfly,Pollinator
/scratch/user/jmagnew/datasets/insects/Dragonfly/Dragonfly_72.jpg,Dragonfly,Pollinator
/scratch/user/jmagnew/datasets/insects/Dragonfly/Dragonfly_450.jpg,Dragonfly,Pollinator
/scratch/user/jmagnew/datasets/insects/Dragonfly/Dragonfly_484.jpg,Dragonfly,Pollinator
/scratch/user/jmagnew/datasets/insects/Dragonfly/Dragonfly_345.jpg,Dragonfly,Pollinator
/scratch/user/jmagnew/datasets/insects/Dragonfly/Dragonfly_83.jpg,Dragonfly,Pollinator
/scratch/user/jmagnew/datasets/insects/Dragonfly/Dragonfly_34.jpg,Dragonfly,Pollinator
/scratch/user/jmagnew/datasets/insects/Dragonfly/Dragonfly_272.jpg,Dragonfly,Pollinator
/scratch/user/jmagnew/datasets/insects/Dragonfly/Dragonfly_591.jpg,Dragonfly,Pollinator
/scratch/user/jmagnew/datasets/insects/Dragonfly/Dragonfly_25.jpeg,Dragonfly,Pollinator
/scratch/user/jmagnew/datasets/insects/Dragonfly/Dragonfly_283.jpg,Dragonfly,Pollinator
/scratch/user/jmagnew/datasets/insects/Dragonfly/Dragonfly_73.jpg,Dragonfly,Pollinator
/scratch/user/jmagnew/datasets/insects/Dragonfly/Dragonfly_500.jpg,Dragonfly,Pollinator
/scratch/user/jmagnew/datasets/insects/Dragonfly/Dragonfly_613.jpg,Dragonfly,Pollinator
/scratch/user/jmagnew/datasets/insects/Dragonfly/Dragonfly_2.jpg,Dragonfly,Pollinator
/scratch/user/jmagnew/datasets/insects/Dragonfly/Dragonfly_358.jpg,Dragonfly,Pollinator
/scratch/user/jmagnew/datasets/insects/Dragonfly/Dragonfly_412.jpg,Dragonfly,Pollinator
/scratch/user/jmagnew/datasets/insects/Dragonfly/Dragonfly_366.jpg,Dragonfly,Pollinator
/scratch/user/jmagnew/datasets/insects/Dragonfly/Dragonfly_552.jpg,Dragonfly,Pollinator
/scratch/user/jmagnew/datasets/insects/Dragonfly/Dragonfly_241.jpg,Dragonfly,Pollinator
/scratch/user/jmagnew/datasets/insects/Dragonfly/Dragonfly_588.jpg,Dragonfly,Pollinator
/scratch/user/jmagnew/datasets/insects/Dragonfly/Dragonfly_104.jpg,Dragonfly,Pollinator
/scratch/user/jmagnew/datasets/insects/Dragonfly/Dragonfly_585.jpg,Dragonfly,Pollinator
/scratch/user/jmagnew/datasets/insects/Dragonfly/Dragonfly_158.jpg,Dragonfly,Pollinator
/scratch/user/jmagnew/datasets/insects/Dragonfly/Dragonfly_359.jpg,Dragonfly,Pollinator
/scratch/user/jmagnew/datasets/insects/Dragonfly/Dragonfly_229.jpg,Dragonfly,Pollinator
/scratch/user/jmagnew/datasets/insects/Dragonfly/Dragonfly_273.jpg,Dragonfly,Pollinator
/scratch/user/jmagnew/datasets/insects/Dragonfly/Dragonfly_130.jpg,Dragonfly,Pollinator
/scratch/user/jmagnew/datasets/insects/Dragonfly/Dragonfly_16.jpg,Dragonfly,Pollinator
/scratch/user/jmagnew/datasets/insects/Dragonfly/Dragonfly_144.jpg,Dragonfly,Pollinator
/scratch/user/jmagnew/datasets/insects/Dragonfly/Dragonfly_123.jpg,Dragonfly,Pollinator
/scratch/user/jmagnew/datasets/insects/Dragonfly/Dragonfly_601.jpg,Dragonfly,Pollinator
/scratch/user/jmagnew/datasets/insects/Dragonfly/Dragonfly_451.jpg,Dragonfly,Pollinator
/scratch/user/jmagnew/datasets/insects/Dragonfly/Dragonfly_268.jpg,Dragonfly,Pollinator
/scratch/user/jmagnew/datasets/insects/Dragonfly/Dragonfly_296.jpg,Dragonfly,Pollinator
/scratch/user/jmagnew/datasets/insects/Dragonfly/Dragonfly_287.jpg,Dragonfly,Pollinator
/scratch/user/jmagnew/datasets/insects/Dragonfly/Dragonfly_29.jpg,Dragonfly,Pollinator
/scratch/user/jmagnew/datasets/insects/Dragonfly/Dragonfly_413.jpg,Dragonfly,Pollinator
/scratch/user/jmagnew/datasets/insects/Dragonfly/Dragonfly_70.jpg,Dragonfly,Pollinator
/scratch/user/jmagnew/datasets/insects/Dragonfly/Dragonfly_215.jpg,Dragonfly,Pollinator
/scratch/user/jmagnew/datasets/insects/Dragonfly/Dragonfly_218.jpg,Dragonfly,Pollinator
/scratch/user/jmagnew/datasets/insects/Dragonfly/Dragonfly_252.jpeg,Dragonfly,Pollinator
/scratch/user/jmagnew/datasets/insects/Dragonfly/Dragonfly_362.jpg,Dragonfly,Pollinator
/scratch/user/jmagnew/datasets/insects/Dragonfly/Dragonfly_425.jpg,Dragonfly,Pollinator
/scratch/user/jmagnew/datasets/insects/Dragonfly/Dragonfly_658.jpg,Dragonfly,Pollinator
/scratch/user/jmagnew/datasets/insects/Dragonfly/Dragonfly_576.jpg,Dragonfly,Pollinator
/scratch/user/jmagnew/datasets/insects/Dragonfly/Dragonfly_260.jpg,Dragonfly,Pollinator
/scratch/user/jmagnew/datasets/insects/Dragonfly/Dragonfly_472.jpg,Dragonfly,Pollinator
/scratch/user/jmagnew/datasets/insects/Dragonfly/Dragonfly_350.jpg,Dragonfly,Pollinator
/scratch/user/jmagnew/datasets/insects/Dragonfly/Dragonfly_402.jpg,Dragonfly,Pollinator
/scratch/user/jmagnew/datasets/insects/Dragonfly/Dragonfly_92.jpg,Dragonfly,Pollinator
/scratch/user/jmagnew/datasets/insects/Dragonfly/Dragonfly_201.jpg,Dragonfly,Pollinator
/scratch/user/jmagnew/datasets/insects/Dragonfly/Dragonfly_468.jpg,Dragonfly,Pollinator
/scratch/user/jmagnew/datasets/insects/Dragonfly/Dragonfly_169.jpg,Dragonfly,Pollinator
/scratch/user/jmagnew/datasets/insects/Dragonfly/Dragonfly_118.jpg,Dragonfly,Pollinator
/scratch/user/jmagnew/datasets/insects/Dragonfly/Dragonfly_596.jpg,Dragonfly,Pollinator
/scratch/user/jmagnew/datasets/insects/Dragonfly/Dragonfly_615.jpeg,Dragonfly,Pollinator
/scratch/user/jmagnew/datasets/insects/Dragonfly/Dragonfly_401.jpg,Dragonfly,Pollinator
/scratch/user/jmagnew/datasets/insects/Dragonfly/Dragonfly_131.jpg,Dragonfly,Pollinator
/scratch/user/jmagnew/datasets/insects/Dragonfly/Dragonfly_257.jpg,Dragonfly,Pollinator
/scratch/user/jmagnew/datasets/insects/Dragonfly/Dragonfly_19.jpg,Dragonfly,Pollinator
/scratch/user/jmagnew/datasets/insects/Dragonfly/Dragonfly_434.jpg,Dragonfly,Pollinator
/scratch/user/jmagnew/datasets/insects/Dragonfly/Dragonfly_162.jpg,Dragonfly,Pollinator
/scratch/user/jmagnew/datasets/insects/Dragonfly/Dragonfly_526.jpg,Dragonfly,Pollinator
/scratch/user/jmagnew/datasets/insects/Dragonfly/Dragonfly_119.jpg,Dragonfly,Pollinator
/scratch/user/jmagnew/datasets/insects/Dragonfly/Dragonfly_559.jpg,Dragonfly,Pollinator
/scratch/user/jmagnew/datasets/insects/Dragonfly/Dragonfly_325.jpg,Dragonfly,Pollinator
/scratch/user/jmagnew/datasets/insects/Dragonfly/Dragonfly_182.jpg,Dragonfly,Pollinator
/scratch/user/jmagnew/datasets/insects/Dragonfly/Dragonfly_344.jpg,Dragonfly,Pollinator
/scratch/user/jmagnew/datasets/insects/Dragonfly/Dragonfly_97.jpg,Dragonfly,Pollinator
/scratch/user/jmagnew/datasets/insects/Dragonfly/Dragonfly_41.jpg,Dragonfly,Pollinator
/scratch/user/jmagnew/datasets/insects/Dragonfly/Dragonfly_320.jpg,Dragonfly,Pollinator
/scratch/user/jmagnew/datasets/insects/Dragonfly/Dragonfly_426.jpg,Dragonfly,Pollinator
/scratch/user/jmagnew/datasets/insects/Dragonfly/Dragonfly_485.jpg,Dragonfly,Pollinator
/scratch/user/jmagnew/datasets/insects/Dragonfly/Dragonfly_530.jpg,Dragonfly,Pollinator
/scratch/user/jmagnew/datasets/insects/Dragonfly/Dragonfly_469.jpg,Dragonfly,Pollinator
/scratch/user/jmagnew/datasets/insects/Dragonfly/Dragonfly_302.jpg,Dragonfly,Pollinator
/scratch/user/jmagnew/datasets/insects/Dragonfly/Dragonfly_521.jpg,Dragonfly,Pollinator
/scratch/user/jmagnew/datasets/insects/Dragonfly/Dragonfly_457.jpg,Dragonfly,Pollinator
/scratch/user/jmagnew/datasets/insects/Dragonfly/Dragonfly_439.jpg,Dragonfly,Pollinator
/scratch/user/jmagnew/datasets/insects/Dragonfly/Dragonfly_98.jpg,Dragonfly,Pollinator
/scratch/user/jmagnew/datasets/insects/Dragonfly/Dragonfly_148.jpg,Dragonfly,Pollinator
/scratch/user/jmagnew/datasets/insects/Dragonfly/Dragonfly_385.jpg,Dragonfly,Pollinator
/scratch/user/jmagnew/datasets/insects/Dragonfly/Dragonfly_348.jpg,Dragonfly,Pollinator
/scratch/user/jmagnew/datasets/insects/Dragonfly/Dragonfly_14.jpg,Dragonfly,Pollinator
/scratch/user/jmagnew/datasets/insects/Dragonfly/Dragonfly_594.jpg,Dragonfly,Pollinator
/scratch/user/jmagnew/datasets/insects/Dragonfly/Dragonfly_251.jpg,Dragonfly,Pollinator
/scratch/user/jmagnew/datasets/insects/Dragonfly/Dragonfly_109.jpg,Dragonfly,Pollinator
/scratch/user/jmagnew/datasets/insects/Dragonfly/Dragonfly_398.jpg,Dragonfly,Pollinator
/scratch/user/jmagnew/datasets/insects/Dragonfly/Dragonfly_404.jpg,Dragonfly,Pollinator
/scratch/user/jmagnew/datasets/insects/Dragonfly/Dragonfly_666.jpg,Dragonfly,Pollinator
/scratch/user/jmagnew/datasets/insects/Dragonfly/Dragonfly_234.jpg,Dragonfly,Pollinator
/scratch/user/jmagnew/datasets/insects/Dragonfly/Dragonfly_639.jpg,Dragonfly,Pollinator
/scratch/user/jmagnew/datasets/insects/Dragonfly/Dragonfly_361.jpg,Dragonfly,Pollinator
/scratch/user/jmagnew/datasets/insects/Dragonfly/Dragonfly_477.jpg,Dragonfly,Pollinator
/scratch/user/jmagnew/datasets/insects/Dragonfly/Dragonfly_637.jpg,Dragonfly,Pollinator
/scratch/user/jmagnew/datasets/insects/Dragonfly/Dragonfly_86.jpg,Dragonfly,Pollinator
/scratch/user/jmagnew/datasets/insects/Dragonfly/Dragonfly_288.jpg,Dragonfly,Pollinator
/scratch/user/jmagnew/datasets/insects/Dragonfly/Dragonfly_673.jpg,Dragonfly,Pollinator
/scratch/user/jmagnew/datasets/insects/Dragonfly/Dragonfly_18.jpg,Dragonfly,Pollinator
/scratch/user/jmagnew/datasets/insects/Dragonfly/Dragonfly_578.jpg,Dragonfly,Pollinator
/scratch/user/jmagnew/datasets/insects/Dragonfly/Dragonfly_85.jpg,Dragonfly,Pollinator
/scratch/user/jmagnew/datasets/insects/Dragonfly/Dragonfly_419.jpg,Dragonfly,Pollinator
/scratch/user/jmagnew/datasets/insects/Dragonfly/Dragonfly_321.jpg,Dragonfly,Pollinator
/scratch/user/jmagnew/datasets/insects/Dragonfly/Dragonfly_482.jpg,Dragonfly,Pollinator
/scratch/user/jmagnew/datasets/insects/Dragonfly/Dragonfly_454.jpg,Dragonfly,Pollinator
/scratch/user/jmagnew/datasets/insects/Dragonfly/Dragonfly_75.jpg,Dragonfly,Pollinator
/scratch/user/jmagnew/datasets/insects/Dragonfly/Dragonfly_665.jpg,Dragonfly,Pollinator
/scratch/user/jmagnew/datasets/insects/Dragonfly/Dragonfly_213.jpeg,Dragonfly,Pollinator
/scratch/user/jmagnew/datasets/insects/Dragonfly/Dragonfly_463.jpg,Dragonfly,Pollinator
/scratch/user/jmagnew/datasets/insects/Dragonfly/Dragonfly_337.jpg,Dragonfly,Pollinator
/scratch/user/jmagnew/datasets/insects/Dragonfly/Dragonfly_534.jpg,Dragonfly,Pollinator
/scratch/user/jmagnew/datasets/insects/Dragonfly/Dragonfly_573.jpg,Dragonfly,Pollinator
/scratch/user/jmagnew/datasets/insects/Dragonfly/Dragonfly_125.jpg,Dragonfly,Pollinator
/scratch/user/jmagnew/datasets/insects/Dragonfly/Dragonfly_383.jpeg,Dragonfly,Pollinator
/scratch/user/jmagnew/datasets/insects/Dragonfly/Dragonfly_479.jpg,Dragonfly,Pollinator
/scratch/user/jmagnew/datasets/insects/Dragonfly/Dragonfly_581.jpg,Dragonfly,Pollinator
/scratch/user/jmagnew/datasets/insects/Dragonfly/Dragonfly_142.jpg,Dragonfly,Pollinator
/scratch/user/jmagnew/datasets/insects/Dragonfly/Dragonfly_91.jpg,Dragonfly,Pollinator
/scratch/user/jmagnew/datasets/insects/Dragonfly/Dragonfly_574.jpg,Dragonfly,Pollinator
/scratch/user/jmagnew/datasets/insects/Dragonfly/Dragonfly_438.jpg,Dragonfly,Pollinator
/scratch/user/jmagnew/datasets/insects/Dragonfly/Dragonfly_579.jpg,Dragonfly,Pollinator
/scratch/user/jmagnew/datasets/insects/Dragonfly/Dragonfly_290.jpg,Dragonfly,Pollinator
/scratch/user/jmagnew/datasets/insects/Dragonfly/Dragonfly_387.jpg,Dragonfly,Pollinator
/scratch/user/jmagnew/datasets/insects/Dragonfly/Dragonfly_254.jpg,Dragonfly,Pollinator
/scratch/user/jmagnew/datasets/insects/Dragonfly/Dragonfly_597.jpg,Dragonfly,Pollinator
/scratch/user/jmagnew/datasets/insects/Dragonfly/Dragonfly_575.jpg,Dragonfly,Pollinator
/scratch/user/jmagnew/datasets/insects/Dragonfly/Dragonfly_200.jpg,Dragonfly,Pollinator
/scratch/user/jmagnew/datasets/insects/Dragonfly/Dragonfly_174.jpg,Dragonfly,Pollinator
/scratch/user/jmagnew/datasets/insects/Dragonfly/Dragonfly_275.jpg,Dragonfly,Pollinator
/scratch/user/jmagnew/datasets/insects/Dragonfly/Dragonfly_476.jpg,Dragonfly,Pollinator
/scratch/user/jmagnew/datasets/insects/Dragonfly/Dragonfly_20.jpg,Dragonfly,Pollinator
/scratch/user/jmagnew/datasets/insects/Dragonfly/Dragonfly_304.jpg,Dragonfly,Pollinator
/scratch/user/jmagnew/datasets/insects/Dragonfly/Dragonfly_51.jpg,Dragonfly,Pollinator
/scratch/user/jmagnew/datasets/insects/Dragonfly/Dragonfly_495.jpg,Dragonfly,Pollinator
/scratch/user/jmagnew/datasets/insects/Dragonfly/Dragonfly_339.jpg,Dragonfly,Pollinator
/scratch/user/jmagnew/datasets/insects/Dragonfly/Dragonfly_452.jpg,Dragonfly,Pollinator
/scratch/user/jmagnew/datasets/insects/Dragonfly/Dragonfly_511.jpg,Dragonfly,Pollinator
/scratch/user/jmagnew/datasets/insects/Dragonfly/Dragonfly_515.jpg,Dragonfly,Pollinator
/scratch/user/jmagnew/datasets/insects/Dragonfly/Dragonfly_250.jpg,Dragonfly,Pollinator
/scratch/user/jmagnew/datasets/insects/Dragonfly/Dragonfly_326.jpg,Dragonfly,Pollinator
/scratch/user/jmagnew/datasets/insects/Dragonfly/Dragonfly_235.jpg,Dragonfly,Pollinator
/scratch/user/jmagnew/datasets/insects/Dragonfly/Dragonfly_610.jpg,Dragonfly,Pollinator
/scratch/user/jmagnew/datasets/insects/Dragonfly/Dragonfly_285.jpg,Dragonfly,Pollinator
/scratch/user/jmagnew/datasets/insects/Dragonfly/Dragonfly_80.jpg,Dragonfly,Pollinator
/scratch/user/jmagnew/datasets/insects/Dragonfly/Dragonfly_569.jpg,Dragonfly,Pollinator
/scratch/user/jmagnew/datasets/insects/Dragonfly/Dragonfly_645.jpg,Dragonfly,Pollinator
/scratch/user/jmagnew/datasets/insects/Dragonfly/Dragonfly_176.jpg,Dragonfly,Pollinator
/scratch/user/jmagnew/datasets/insects/Dragonfly/Dragonfly_623.jpg,Dragonfly,Pollinator
/scratch/user/jmagnew/datasets/insects/Dragonfly/Dragonfly_108.jpg,Dragonfly,Pollinator
/scratch/user/jmagnew/datasets/insects/Dragonfly/Dragonfly_316.jpg,Dragonfly,Pollinator
/scratch/user/jmagnew/datasets/insects/Dragonfly/Dragonfly_193.jpg,Dragonfly,Pollinator
/scratch/user/jmagnew/datasets/insects/Dragonfly/Dragonfly_245.jpg,Dragonfly,Pollinator
/scratch/user/jmagnew/datasets/insects/Dragonfly/Dragonfly_548.jpg,Dragonfly,Pollinator
/scratch/user/jmagnew/datasets/insects/Dragonfly/Dragonfly_291.jpg,Dragonfly,Pollinator
/scratch/user/jmagnew/datasets/insects/Dragonfly/Dragonfly_208.jpg,Dragonfly,Pollinator
/scratch/user/jmagnew/datasets/insects/Dragonfly/Dragonfly_368.jpeg,Dragonfly,Pollinator
/scratch/user/jmagnew/datasets/insects/Dragonfly/Dragonfly_675.jpg,Dragonfly,Pollinator
/scratch/user/jmagnew/datasets/insects/Dragonfly/Dragonfly_456.jpg,Dragonfly,Pollinator
/scratch/user/jmagnew/datasets/insects/Dragonfly/Dragonfly_265.jpg,Dragonfly,Pollinator
/scratch/user/jmagnew/datasets/insects/Dragonfly/Dragonfly_43.jpg,Dragonfly,Pollinator
/scratch/user/jmagnew/datasets/insects/Dragonfly/Dragonfly_372.jpg,Dragonfly,Pollinator
/scratch/user/jmagnew/datasets/insects/Dragonfly/Dragonfly_467.jpg,Dragonfly,Pollinator
/scratch/user/jmagnew/datasets/insects/Dragonfly/Dragonfly_354.jpg,Dragonfly,Pollinator
/scratch/user/jmagnew/datasets/insects/Dragonfly/Dragonfly_492.jpg,Dragonfly,Pollinator
/scratch/user/jmagnew/datasets/insects/Dragonfly/Dragonfly_31.jpg,Dragonfly,Pollinator
/scratch/user/jmagnew/datasets/insects/Dragonfly/Dragonfly_81.jpg,Dragonfly,Pollinator
/scratch/user/jmagnew/datasets/insects/Dragonfly/Dragonfly_202.jpg,Dragonfly,Pollinator
/scratch/user/jmagnew/datasets/insects/Dragonfly/Dragonfly_167.jpg,Dragonfly,Pollinator
/scratch/user/jmagnew/datasets/insects/Dragonfly/Dragonfly_107.jpg,Dragonfly,Pollinator
/scratch/user/jmagnew/datasets/insects/Dragonfly/Dragonfly_471.jpg,Dragonfly,Pollinator
/scratch/user/jmagnew/datasets/insects/Dragonfly/Dragonfly_172.jpg,Dragonfly,Pollinator
/scratch/user/jmagnew/datasets/insects/Dragonfly/Dragonfly_222.jpg,Dragonfly,Pollinator
/scratch/user/jmagnew/datasets/insects/Dragonfly/Dragonfly_65.jpg,Dragonfly,Pollinator
/scratch/user/jmagnew/datasets/insects/Dragonfly/Dragonfly_631.jpg,Dragonfly,Pollinator
/scratch/user/jmagnew/datasets/insects/Dragonfly/Dragonfly_225.jpg,Dragonfly,Pollinator
/scratch/user/jmagnew/datasets/insects/Dragonfly/Dragonfly_338.jpg,Dragonfly,Pollinator
/scratch/user/jmagnew/datasets/insects/Dragonfly/Dragonfly_120.jpg,Dragonfly,Pollinator
/scratch/user/jmagnew/datasets/insects/Dragonfly/Dragonfly_8.jpg,Dragonfly,Pollinator
/scratch/user/jmagnew/datasets/insects/Dragonfly/Dragonfly_198.jpg,Dragonfly,Pollinator
/scratch/user/jmagnew/datasets/insects/Dragonfly/Dragonfly_447.jpg,Dragonfly,Pollinator
/scratch/user/jmagnew/datasets/insects/Dragonfly/Dragonfly_539.jpg,Dragonfly,Pollinator
/scratch/user/jmagnew/datasets/insects/Dragonfly/Dragonfly_204.jpg,Dragonfly,Pollinator
/scratch/user/jmagnew/datasets/insects/Dragonfly/Dragonfly_546.jpg,Dragonfly,Pollinator
/scratch/user/jmagnew/datasets/insects/Dragonfly/Dragonfly_365.jpg,Dragonfly,Pollinator
/scratch/user/jmagnew/datasets/insects/Dragonfly/Dragonfly_611.jpg,Dragonfly,Pollinator
/scratch/user/jmagnew/datasets/insects/Dragonfly/Dragonfly_66.jpg,Dragonfly,Pollinator
/scratch/user/jmagnew/datasets/insects/Dragonfly/Dragonfly_593.jpg,Dragonfly,Pollinator
/scratch/user/jmagnew/datasets/insects/Dragonfly/Dragonfly_47.jpeg,Dragonfly,Pollinator
/scratch/user/jmagnew/datasets/insects/Dragonfly/Dragonfly_464.jpg,Dragonfly,Pollinator
/scratch/user/jmagnew/datasets/insects/Dragonfly/Dragonfly_5.jpg,Dragonfly,Pollinator
/scratch/user/jmagnew/datasets/insects/Dragonfly/Dragonfly_565.jpg,Dragonfly,Pollinator
/scratch/user/jmagnew/datasets/insects/Dragonfly/Dragonfly_493.jpg,Dragonfly,Pollinator
/scratch/user/jmagnew/datasets/insects/Dragonfly/Dragonfly_609.jpg,Dragonfly,Pollinator
/scratch/user/jmagnew/datasets/insects/Dragonfly/Dragonfly_310.jpg,Dragonfly,Pollinator
/scratch/user/jmagnew/datasets/insects/Dragonfly/Dragonfly_149.jpg,Dragonfly,Pollinator
/scratch/user/jmagnew/datasets/insects/Dragonfly/Dragonfly_435.jpg,Dragonfly,Pollinator
/scratch/user/jmagnew/datasets/insects/Dragonfly/Dragonfly_346.jpg,Dragonfly,Pollinator
/scratch/user/jmagnew/datasets/insects/Dragonfly/Dragonfly_676.jpg,Dragonfly,Pollinator
/scratch/user/jmagnew/datasets/insects/Dragonfly/Dragonfly_113.jpg,Dragonfly,Pollinator
/scratch/user/jmagnew/datasets/insects/Dragonfly/Dragonfly_616.jpeg,Dragonfly,Pollinator
/scratch/user/jmagnew/datasets/insects/Dragonfly/Dragonfly_10.jpg,Dragonfly,Pollinator
/scratch/user/jmagnew/datasets/insects/Dragonfly/Dragonfly_161.jpg,Dragonfly,Pollinator
/scratch/user/jmagnew/datasets/insects/Dragonfly/Dragonfly_360.jpg,Dragonfly,Pollinator
/scratch/user/jmagnew/datasets/insects/Dragonfly/Dragonfly_240.jpg,Dragonfly,Pollinator
/scratch/user/jmagnew/datasets/insects/Dragonfly/Dragonfly_6.jpg,Dragonfly,Pollinator
/scratch/user/jmagnew/datasets/insects/Dragonfly/Dragonfly_406.jpg,Dragonfly,Pollinator
/scratch/user/jmagnew/datasets/insects/Spider/Spider_203.jpg,Spider,Pest
/scratch/user/jmagnew/datasets/insects/Spider/Spider_434.jpg,Spider,Pest
/scratch/user/jmagnew/datasets/insects/Spider/Spider_235.jpg,Spider,Pest
/scratch/user/jmagnew/datasets/insects/Spider/Spider_35.jpg,Spider,Pest
/scratch/user/jmagnew/datasets/insects/Spider/Spider_187.jpg,Spider,Pest
/scratch/user/jmagnew/datasets/insects/Spider/Spider_471.jpg,Spider,Pest
/scratch/user/jmagnew/datasets/insects/Spider/Spider_221.jpg,Spider,Pest
/scratch/user/jmagnew/datasets/insects/Spider/Spider_499.jpg,Spider,Pest
/scratch/user/jmagnew/datasets/insects/Spider/Spider_494.jpg,Spider,Pest
/scratch/user/jmagnew/datasets/insects/Spider/Spider_536.jpg,Spider,Pest
/scratch/user/jmagnew/datasets/insects/Spider/Spider_267.jpg,Spider,Pest
/scratch/user/jmagnew/datasets/insects/Spider/Spider_423.jpg,Spider,Pest
/scratch/user/jmagnew/datasets/insects/Spider/Spider_484.jpg,Spider,Pest
/scratch/user/jmagnew/datasets/insects/Spider/Spider_60.jpg,Spider,Pest
/scratch/user/jmagnew/datasets/insects/Spider/Spider_185.jpg,Spider,Pest
/scratch/user/jmagnew/datasets/insects/Spider/Spider_406.jpg,Spider,Pest
/scratch/user/jmagnew/datasets/insects/Spider/Spider_271.jpg,Spider,Pest
/scratch/user/jmagnew/datasets/insects/Spider/Spider_227.jpg,Spider,Pest
/scratch/user/jmagnew/datasets/insects/Spider/Spider_151.jpg,Spider,Pest
/scratch/user/jmagnew/datasets/insects/Spider/Spider_61.jpg,Spider,Pest
/scratch/user/jmagnew/datasets/insects/Spider/Spider_546.jpg,Spider,Pest
/scratch/user/jmagnew/datasets/insects/Spider/Spider_348.jpg,Spider,Pest
/scratch/user/jmagnew/datasets/insects/Spider/Spider_450.jpg,Spider,Pest
/scratch/user/jmagnew/datasets/insects/Spider/Spider_505.jpg,Spider,Pest
/scratch/user/jmagnew/datasets/insects/Spider/Spider_375.jpg,Spider,Pest
/scratch/user/jmagnew/datasets/insects/Spider/Spider_608.jpg,Spider,Pest
/scratch/user/jmagnew/datasets/insects/Spider/Spider_273.jpeg,Spider,Pest
/scratch/user/jmagnew/datasets/insects/Spider/Spider_236.png,Spider,Pest
/scratch/user/jmagnew/datasets/insects/Spider/Spider_556.jpg,Spider,Pest
/scratch/user/jmagnew/datasets/insects/Spider/Spider_50.jpg,Spider,Pest
/scratch/user/jmagnew/datasets/insects/Spider/Spider_125.jpg,Spider,Pest
/scratch/user/jmagnew/datasets/insects/Spider/Spider_81.jpg,Spider,Pest
/scratch/user/jmagnew/datasets/insects/Spider/Spider_340.jpg,Spider,Pest
/scratch/user/jmagnew/datasets/insects/Spider/Spider_609.jpg,Spider,Pest
/scratch/user/jmagnew/datasets/insects/Spider/Spider_524.jpg,Spider,Pest
/scratch/user/jmagnew/datasets/insects/Spider/Spider_599.jpg,Spider,Pest
/scratch/user/jmagnew/datasets/insects/Spider/Spider_527.jpg,Spider,Pest
/scratch/user/jmagnew/datasets/insects/Spider/Spider_576.jpg,Spider,Pest
/scratch/user/jmagnew/datasets/insects/Spider/Spider_62.jpg,Spider,Pest
/scratch/user/jmagnew/datasets/insects/Spider/Spider_105.jpg,Spider,Pest
/scratch/user/jmagnew/datasets/insects/Spider/Spider_612.jpg,Spider,Pest
/scratch/user/jmagnew/datasets/insects/Spider/Spider_106.jpg,Spider,Pest
/scratch/user/jmagnew/datasets/insects/Spider/Spider_627.jpg,Spider,Pest
/scratch/user/jmagnew/datasets/insects/Spider/Spider_507.jpg,Spider,Pest
/scratch/user/jmagnew/datasets/insects/Spider/Spider_223.jpg,Spider,Pest
/scratch/user/jmagnew/datasets/insects/Spider/Spider_525.jpg,Spider,Pest
/scratch/user/jmagnew/datasets/insects/Spider/Spider_390.jpg,Spider,Pest
/scratch/user/jmagnew/datasets/insects/Spider/Spider_275.jpg,Spider,Pest
/scratch/user/jmagnew/datasets/insects/Spider/Spider_591.jpg,Spider,Pest
/scratch/user/jmagnew/datasets/insects/Spider/Spider_109.jpg,Spider,Pest
/scratch/user/jmagnew/datasets/insects/Spider/Spider_386.jpg,Spider,Pest
/scratch/user/jmagnew/datasets/insects/Spider/Spider_117.jpg,Spider,Pest
/scratch/user/jmagnew/datasets/insects/Spider/Spider_292.jpg,Spider,Pest
/scratch/user/jmagnew/datasets/insects/Spider/Spider_407.jpg,Spider,Pest
/scratch/user/jmagnew/datasets/insects/Spider/Spider_592.jpg,Spider,Pest
/scratch/user/jmagnew/datasets/insects/Spider/Spider_218.jpg,Spider,Pest
/scratch/user/jmagnew/datasets/insects/Spider/Spider_549.jpg,Spider,Pest
/scratch/user/jmagnew/datasets/insects/Spider/Spider_304.jpg,Spider,Pest
/scratch/user/jmagnew/datasets/insects/Spider/Spider_565.jpg,Spider,Pest
/scratch/user/jmagnew/datasets/insects/Spider/Spider_305.jpg,Spider,Pest
/scratch/user/jmagnew/datasets/insects/Spider/Spider_314.jpg,Spider,Pest
/scratch/user/jmagnew/datasets/insects/Spider/Spider_192.jpg,Spider,Pest
/scratch/user/jmagnew/datasets/insects/Spider/Spider_637.jpeg,Spider,Pest
/scratch/user/jmagnew/datasets/insects/Spider/Spider_636.jpg,Spider,Pest
/scratch/user/jmagnew/datasets/insects/Spider/Spider_428.jpg,Spider,Pest
/scratch/user/jmagnew/datasets/insects/Spider/Spider_262.jpg,Spider,Pest
/scratch/user/jmagnew/datasets/insects/Spider/Spider_248.jpg,Spider,Pest
/scratch/user/jmagnew/datasets/insects/Spider/Spider_219.jpg,Spider,Pest
/scratch/user/jmagnew/datasets/insects/Spider/Spider_577.jpg,Spider,Pest
/scratch/user/jmagnew/datasets/insects/Spider/Spider_175.jpg,Spider,Pest
/scratch/user/jmagnew/datasets/insects/Spider/Spider_283.jpg,Spider,Pest
/scratch/user/jmagnew/datasets/insects/Spider/Spider_181.jpg,Spider,Pest
/scratch/user/jmagnew/datasets/insects/Spider/Spider_523.jpg,Spider,Pest
/scratch/user/jmagnew/datasets/insects/Spider/Spider_268.jpg,Spider,Pest
/scratch/user/jmagnew/datasets/insects/Spider/Spider_269.jpg,Spider,Pest
/scratch/user/jmagnew/datasets/insects/Spider/Spider_500.jpg,Spider,Pest
/scratch/user/jmagnew/datasets/insects/Spider/Spider_605.jpg,Spider,Pest
/scratch/user/jmagnew/datasets/insects/Spider/Spider_12.jpg,Spider,Pest
/scratch/user/jmagnew/datasets/insects/Spider/Spider_13.jpg,Spider,Pest
/scratch/user/jmagnew/datasets/insects/Spider/Spider_473.jpg,Spider,Pest
/scratch/user/jmagnew/datasets/insects/Spider/Spider_306.jpg,Spider,Pest
/scratch/user/jmagnew/datasets/insects/Spider/Spider_232.jpg,Spider,Pest
/scratch/user/jmagnew/datasets/insects/Spider/Spider_367.jpg,Spider,Pest
/scratch/user/jmagnew/datasets/insects/Spider/Spider_580.jpg,Spider,Pest
/scratch/user/jmagnew/datasets/insects/Spider/Spider_644.jpg,Spider,Pest
/scratch/user/jmagnew/datasets/insects/Spider/Spider_480.jpg,Spider,Pest
/scratch/user/jmagnew/datasets/insects/Spider/Spider_80.jpg,Spider,Pest
/scratch/user/jmagnew/datasets/insects/Spider/Spider_365.jpg,Spider,Pest
/scratch/user/jmagnew/datasets/insects/Spider/Spider_59.jpg,Spider,Pest
/scratch/user/jmagnew/datasets/insects/Spider/Spider_259.jpg,Spider,Pest
/scratch/user/jmagnew/datasets/insects/Spider/Spider_593.jpg,Spider,Pest
/scratch/user/jmagnew/datasets/insects/Spider/Spider_88.jpg,Spider,Pest
/scratch/user/jmagnew/datasets/insects/Spider/Spider_441.jpg,Spider,Pest
/scratch/user/jmagnew/datasets/insects/Spider/Spider_31.jpg,Spider,Pest
/scratch/user/jmagnew/datasets/insects/Spider/Spider_402.jpg,Spider,Pest
/scratch/user/jmagnew/datasets/insects/Spider/Spider_1.jpg,Spider,Pest
/scratch/user/jmagnew/datasets/insects/Spider/Spider_430.jpg,Spider,Pest
/scratch/user/jmagnew/datasets/insects/Spider/Spider_264.jpg,Spider,Pest
/scratch/user/jmagnew/datasets/insects/Spider/Spider_47.jpg,Spider,Pest
/scratch/user/jmagnew/datasets/insects/Spider/Spider_414.jpg,Spider,Pest
/scratch/user/jmagnew/datasets/insects/Spider/Spider_543.jpg,Spider,Pest
/scratch/user/jmagnew/datasets/insects/Spider/Spider_607.jpg,Spider,Pest
/scratch/user/jmagnew/datasets/insects/Spider/Spider_482.jpg,Spider,Pest
/scratch/user/jmagnew/datasets/insects/Spider/Spider_231.jpg,Spider,Pest
/scratch/user/jmagnew/datasets/insects/Spider/Spider_36.jpg,Spider,Pest
/scratch/user/jmagnew/datasets/insects/Spider/Spider_478.jpg,Spider,Pest
/scratch/user/jmagnew/datasets/insects/Spider/Spider_498.jpg,Spider,Pest
/scratch/user/jmagnew/datasets/insects/Spider/Spider_112.jpg,Spider,Pest
/scratch/user/jmagnew/datasets/insects/Spider/Spider_133.jpg,Spider,Pest
/scratch/user/jmagnew/datasets/insects/Spider/Spider_90.jpg,Spider,Pest
/scratch/user/jmagnew/datasets/insects/Spider/Spider_436.jpg,Spider,Pest
/scratch/user/jmagnew/datasets/insects/Spider/Spider_557.jpg,Spider,Pest
/scratch/user/jmagnew/datasets/insects/Spider/Spider_602.jpg,Spider,Pest
/scratch/user/jmagnew/datasets/insects/Spider/Spider_64.jpg,Spider,Pest
/scratch/user/jmagnew/datasets/insects/Spider/Spider_409.jpg,Spider,Pest
/scratch/user/jmagnew/datasets/insects/Spider/Spider_170.jpg,Spider,Pest
/scratch/user/jmagnew/datasets/insects/Spider/Spider_21.jpg,Spider,Pest
/scratch/user/jmagnew/datasets/insects/Spider/Spider_521.jpg,Spider,Pest
/scratch/user/jmagnew/datasets/insects/Spider/Spider_474.jpg,Spider,Pest
/scratch/user/jmagnew/datasets/insects/Spider/Spider_313.jpg,Spider,Pest
/scratch/user/jmagnew/datasets/insects/Spider/Spider_559.jpg,Spider,Pest
/scratch/user/jmagnew/datasets/insects/Spider/Spider_155.jpg,Spider,Pest
/scratch/user/jmagnew/datasets/insects/Spider/Spider_281.jpg,Spider,Pest
/scratch/user/jmagnew/datasets/insects/Spider/Spider_350.jpg,Spider,Pest
/scratch/user/jmagnew/datasets/insects/Spider/Spider_5.jpg,Spider,Pest
/scratch/user/jmagnew/datasets/insects/Spider/Spider_157.jpg,Spider,Pest
/scratch/user/jmagnew/datasets/insects/Spider/Spider_432.jpg,Spider,Pest
/scratch/user/jmagnew/datasets/insects/Spider/Spider_89.jpg,Spider,Pest
/scratch/user/jmagnew/datasets/insects/Spider/Spider_530.jpg,Spider,Pest
/scratch/user/jmagnew/datasets/insects/Spider/Spider_380.jpg,Spider,Pest
/scratch/user/jmagnew/datasets/insects/Spider/Spider_38.jpg,Spider,Pest
/scratch/user/jmagnew/datasets/insects/Spider/Spider_451.jpg,Spider,Pest
/scratch/user/jmagnew/datasets/insects/Spider/Spider_278.jpg,Spider,Pest
/scratch/user/jmagnew/datasets/insects/Spider/Spider_121.jpg,Spider,Pest
/scratch/user/jmagnew/datasets/insects/Spider/Spider_413.jpg,Spider,Pest
/scratch/user/jmagnew/datasets/insects/Spider/Spider_95.jpg,Spider,Pest
/scratch/user/jmagnew/datasets/insects/Spider/Spider_164.jpg,Spider,Pest
/scratch/user/jmagnew/datasets/insects/Spider/Spider_584.jpg,Spider,Pest
/scratch/user/jmagnew/datasets/insects/Spider/Spider_342.jpg,Spider,Pest
/scratch/user/jmagnew/datasets/insects/Spider/Spider_37.jpg,Spider,Pest
/scratch/user/jmagnew/datasets/insects/Spider/Spider_566.jpg,Spider,Pest
/scratch/user/jmagnew/datasets/insects/Spider/Spider_551.jpg,Spider,Pest
/scratch/user/jmagnew/datasets/insects/Spider/Spider_412.jpg,Spider,Pest
/scratch/user/jmagnew/datasets/insects/Spider/Spider_286.jpg,Spider,Pest
/scratch/user/jmagnew/datasets/insects/Spider/Spider_359.jpg,Spider,Pest
/scratch/user/jmagnew/datasets/insects/Spider/Spider_199.jpg,Spider,Pest
/scratch/user/jmagnew/datasets/insects/Spider/Spider_345.jpg,Spider,Pest
/scratch/user/jmagnew/datasets/insects/Spider/Spider_154.jpg,Spider,Pest
/scratch/user/jmagnew/datasets/insects/Spider/Spider_137.jpeg,Spider,Pest
/scratch/user/jmagnew/datasets/insects/Spider/Spider_391.jpg,Spider,Pest
/scratch/user/jmagnew/datasets/insects/Spider/Spider_638.jpg,Spider,Pest
/scratch/user/jmagnew/datasets/insects/Spider/Spider_411.jpg,Spider,Pest
/scratch/user/jmagnew/datasets/insects/Spider/Spider_197.jpg,Spider,Pest
/scratch/user/jmagnew/datasets/insects/Spider/Spider_207.jpg,Spider,Pest
/scratch/user/jmagnew/datasets/insects/Spider/Spider_600.jpg,Spider,Pest
/scratch/user/jmagnew/datasets/insects/Spider/Spider_625.jpg,Spider,Pest
/scratch/user/jmagnew/datasets/insects/Spider/Spider_497.jpg,Spider,Pest
/scratch/user/jmagnew/datasets/insects/Spider/Spider_94.jpg,Spider,Pest
/scratch/user/jmagnew/datasets/insects/Spider/Spider_522.jpg,Spider,Pest
/scratch/user/jmagnew/datasets/insects/Spider/Spider_51.jpg,Spider,Pest
/scratch/user/jmagnew/datasets/insects/Spider/Spider_205.jpg,Spider,Pest
/scratch/user/jmagnew/datasets/insects/Spider/Spider_32.jpg,Spider,Pest
/scratch/user/jmagnew/datasets/insects/Spider/Spider_372.jpg,Spider,Pest
/scratch/user/jmagnew/datasets/insects/Spider/Spider_344.jpg,Spider,Pest
/scratch/user/jmagnew/datasets/insects/Spider/Spider_79.jpg,Spider,Pest
/scratch/user/jmagnew/datasets/insects/Spider/Spider_472.jpg,Spider,Pest
/scratch/user/jmagnew/datasets/insects/Spider/Spider_263.jpg,Spider,Pest
/scratch/user/jmagnew/datasets/insects/Spider/Spider_573.jpg,Spider,Pest
/scratch/user/jmagnew/datasets/insects/Spider/Spider_113.jpg,Spider,Pest
/scratch/user/jmagnew/datasets/insects/Spider/Spider_517.jpg,Spider,Pest
/scratch/user/jmagnew/datasets/insects/Spider/Spider_321.jpg,Spider,Pest
/scratch/user/jmagnew/datasets/insects/Spider/Spider_204.png,Spider,Pest
/scratch/user/jmagnew/datasets/insects/Spider/Spider_643.jpg,Spider,Pest
/scratch/user/jmagnew/datasets/insects/Spider/Spider_588.jpg,Spider,Pest
/scratch/user/jmagnew/datasets/insects/Spider/Spider_158.jpg,Spider,Pest
/scratch/user/jmagnew/datasets/insects/Spider/Spider_26.jpg,Spider,Pest
/scratch/user/jmagnew/datasets/insects/Spider/Spider_479.jpg,Spider,Pest
/scratch/user/jmagnew/datasets/insects/Spider/Spider_513.jpg,Spider,Pest
/scratch/user/jmagnew/datasets/insects/Spider/Spider_160.jpg,Spider,Pest
/scratch/user/jmagnew/datasets/insects/Spider/Spider_85.jpg,Spider,Pest
/scratch/user/jmagnew/datasets/insects/Spider/Spider_467.jpg,Spider,Pest
/scratch/user/jmagnew/datasets/insects/Spider/Spider_648.jpg,Spider,Pest
/scratch/user/jmagnew/datasets/insects/Spider/Spider_353.jpg,Spider,Pest
/scratch/user/jmagnew/datasets/insects/Spider/Spider_506.jpg,Spider,Pest
/scratch/user/jmagnew/datasets/insects/Spider/Spider_376.jpg,Spider,Pest
/scratch/user/jmagnew/datasets/insects/Spider/Spider_216.jpg,Spider,Pest
/scratch/user/jmagnew/datasets/insects/Spider/Spider_290.jpg,Spider,Pest
/scratch/user/jmagnew/datasets/insects/Spider/Spider_542.jpeg,Spider,Pest
/scratch/user/jmagnew/datasets/insects/Spider/Spider_501.jpg,Spider,Pest
/scratch/user/jmagnew/datasets/insects/Spider/Spider_646.jpg,Spider,Pest
/scratch/user/jmagnew/datasets/insects/Spider/Spider_366.jpg,Spider,Pest
/scratch/user/jmagnew/datasets/insects/Spider/Spider_114.jpg,Spider,Pest
/scratch/user/jmagnew/datasets/insects/Spider/Spider_362.jpg,Spider,Pest
/scratch/user/jmagnew/datasets/insects/Spider/Spider_134.jpg,Spider,Pest
/scratch/user/jmagnew/datasets/insects/Spider/Spider_509.jpg,Spider,Pest
/scratch/user/jmagnew/datasets/insects/Spider/Spider_323.jpg,Spider,Pest
/scratch/user/jmagnew/datasets/insects/Spider/Spider_284.jpg,Spider,Pest
/scratch/user/jmagnew/datasets/insects/Spider/Spider_327.jpg,Spider,Pest
/scratch/user/jmagnew/datasets/insects/Spider/Spider_379.jpg,Spider,Pest
/scratch/user/jmagnew/datasets/insects/Spider/Spider_539.jpg,Spider,Pest
/scratch/user/jmagnew/datasets/insects/Spider/Spider_385.jpg,Spider,Pest
/scratch/user/jmagnew/datasets/insects/Spider/Spider_502.jpg,Spider,Pest
/scratch/user/jmagnew/datasets/insects/Spider/Spider_563.jpg,Spider,Pest
/scratch/user/jmagnew/datasets/insects/Spider/Spider_277.jpg,Spider,Pest
/scratch/user/jmagnew/datasets/insects/Spider/Spider_124.jpg,Spider,Pest
/scratch/user/jmagnew/datasets/insects/Spider/Spider_483.jpg,Spider,Pest
/scratch/user/jmagnew/datasets/insects/Spider/Spider_172.jpg,Spider,Pest
/scratch/user/jmagnew/datasets/insects/Spider/Spider_628.jpg,Spider,Pest
/scratch/user/jmagnew/datasets/insects/Spider/Spider_46.jpg,Spider,Pest
/scratch/user/jmagnew/datasets/insects/Spider/Spider_282.jpg,Spider,Pest
/scratch/user/jmagnew/datasets/insects/Spider/Spider_541.png,Spider,Pest
/scratch/user/jmagnew/datasets/insects/Spider/Spider_575.jpg,Spider,Pest
/scratch/user/jmagnew/datasets/insects/Spider/Spider_70.jpg,Spider,Pest
/scratch/user/jmagnew/datasets/insects/Spider/Spider_533.jpg,Spider,Pest
/scratch/user/jmagnew/datasets/insects/Spider/Spider_65.jpg,Spider,Pest
/scratch/user/jmagnew/datasets/insects/Spider/Spider_152.jpg,Spider,Pest
/scratch/user/jmagnew/datasets/insects/Spider/Spider_338.jpg,Spider,Pest
/scratch/user/jmagnew/datasets/insects/Spider/Spider_156.jpg,Spider,Pest
/scratch/user/jmagnew/datasets/insects/Spider/Spider_217.jpg,Spider,Pest
/scratch/user/jmagnew/datasets/insects/Spider/Spider_374.jpg,Spider,Pest
/scratch/user/jmagnew/datasets/insects/Spider/Spider_377.jpg,Spider,Pest
/scratch/user/jmagnew/datasets/insects/Spider/Spider_352.jpg,Spider,Pest
/scratch/user/jmagnew/datasets/insects/Spider/Spider_4.jpg,Spider,Pest
/scratch/user/jmagnew/datasets/insects/Spider/Spider_17.jpg,Spider,Pest
/scratch/user/jmagnew/datasets/insects/Spider/Spider_408.jpg,Spider,Pest
/scratch/user/jmagnew/datasets/insects/Spider/Spider_276.jpg,Spider,Pest
/scratch/user/jmagnew/datasets/insects/Spider/Spider_492.jpg,Spider,Pest
/scratch/user/jmagnew/datasets/insects/Spider/Spider_641.jpg,Spider,Pest
/scratch/user/jmagnew/datasets/insects/Spider/Spider_184.jpg,Spider,Pest
/scratch/user/jmagnew/datasets/insects/Spider/Spider_14.jpg,Spider,Pest
/scratch/user/jmagnew/datasets/insects/Spider/Spider_394.jpg,Spider,Pest
/scratch/user/jmagnew/datasets/insects/Spider/Spider_476.jpg,Spider,Pest
/scratch/user/jmagnew/datasets/insects/Spider/Spider_568.jpg,Spider,Pest
/scratch/user/jmagnew/datasets/insects/Spider/Spider_127.jpg,Spider,Pest
/scratch/user/jmagnew/datasets/insects/Spider/Spider_545.jpg,Spider,Pest
/scratch/user/jmagnew/datasets/insects/Spider/Spider_191.jpg,Spider,Pest
/scratch/user/jmagnew/datasets/insects/Spider/Spider_68.jpg,Spider,Pest
/scratch/user/jmagnew/datasets/insects/Spider/Spider_77.jpg,Spider,Pest
/scratch/user/jmagnew/datasets/insects/Spider/Spider_437.jpg,Spider,Pest
/scratch/user/jmagnew/datasets/insects/Spider/Spider_285.jpg,Spider,Pest
/scratch/user/jmagnew/datasets/insects/Spider/Spider_328.jpg,Spider,Pest
/scratch/user/jmagnew/datasets/insects/Spider/Spider_529.jpg,Spider,Pest
/scratch/user/jmagnew/datasets/insects/Spider/Spider_150.jpg,Spider,Pest
/scratch/user/jmagnew/datasets/insects/Spider/Spider_318.jpg,Spider,Pest
/scratch/user/jmagnew/datasets/insects/Spider/Spider_572.jpg,Spider,Pest
/scratch/user/jmagnew/datasets/insects/Spider/Spider_16.jpg,Spider,Pest
/scratch/user/jmagnew/datasets/insects/Spider/Spider_3.jpg,Spider,Pest
/scratch/user/jmagnew/datasets/insects/Spider/Spider_226.jpg,Spider,Pest
/scratch/user/jmagnew/datasets/insects/Spider/Spider_493.jpg,Spider,Pest
/scratch/user/jmagnew/datasets/insects/Spider/Spider_384.jpg,Spider,Pest
/scratch/user/jmagnew/datasets/insects/Spider/Spider_295.jpg,Spider,Pest
/scratch/user/jmagnew/datasets/insects/Spider/Spider_165.jpg,Spider,Pest
/scratch/user/jmagnew/datasets/insects/Spider/Spider_55.jpg,Spider,Pest
/scratch/user/jmagnew/datasets/insects/Spider/Spider_301.jpg,Spider,Pest
/scratch/user/jmagnew/datasets/insects/Spider/Spider_316.jpg,Spider,Pest
/scratch/user/jmagnew/datasets/insects/Spider/Spider_553.jpg,Spider,Pest
/scratch/user/jmagnew/datasets/insects/Spider/Spider_332.jpg,Spider,Pest
/scratch/user/jmagnew/datasets/insects/Spider/Spider_11.jpg,Spider,Pest
/scratch/user/jmagnew/datasets/insects/Spider/Spider_54.jpg,Spider,Pest
/scratch/user/jmagnew/datasets/insects/Spider/Spider_615.png,Spider,Pest
/scratch/user/jmagnew/datasets/insects/Spider/Spider_603.jpg,Spider,Pest
/scratch/user/jmagnew/datasets/insects/Spider/Spider_53.jpg,Spider,Pest
/scratch/user/jmagnew/datasets/insects/Spider/Spider_503.jpg,Spider,Pest
/scratch/user/jmagnew/datasets/insects/Spider/Spider_39.jpg,Spider,Pest
/scratch/user/jmagnew/datasets/insects/Spider/Spider_403.jpg,Spider,Pest
/scratch/user/jmagnew/datasets/insects/Spider/Spider_396.jpg,Spider,Pest
/scratch/user/jmagnew/datasets/insects/Spider/Spider_415.jpg,Spider,Pest
/scratch/user/jmagnew/datasets/insects/Spider/Spider_547.jpeg,Spider,Pest
/scratch/user/jmagnew/datasets/insects/Spider/Spider_146.jpg,Spider,Pest
/scratch/user/jmagnew/datasets/insects/Spider/Spider_317.jpg,Spider,Pest
/scratch/user/jmagnew/datasets/insects/Spider/Spider_179.jpg,Spider,Pest
/scratch/user/jmagnew/datasets/insects/Spider/Spider_378.jpg,Spider,Pest
/scratch/user/jmagnew/datasets/insects/Spider/Spider_188.jpg,Spider,Pest
/scratch/user/jmagnew/datasets/insects/Spider/Spider_620.jpg,Spider,Pest
/scratch/user/jmagnew/datasets/insects/Spider/Spider_139.jpg,Spider,Pest
/scratch/user/jmagnew/datasets/insects/Spider/Spider_465.jpg,Spider,Pest
/scratch/user/jmagnew/datasets/insects/Spider/Spider_370.jpg,Spider,Pest
/scratch/user/jmagnew/datasets/insects/Spider/Spider_142.jpg,Spider,Pest
/scratch/user/jmagnew/datasets/insects/Spider/Spider_381.jpg,Spider,Pest
/scratch/user/jmagnew/datasets/insects/Spider/Spider_245.jpg,Spider,Pest
/scratch/user/jmagnew/datasets/insects/Spider/Spider_230.jpg,Spider,Pest
/scratch/user/jmagnew/datasets/insects/Spider/Spider_515.jpg,Spider,Pest
/scratch/user/jmagnew/datasets/insects/Spider/Spider_583.jpg,Spider,Pest
/scratch/user/jmagnew/datasets/insects/Spider/Spider_168.jpg,Spider,Pest
/scratch/user/jmagnew/datasets/insects/Spider/Spider_238.jpg,Spider,Pest
/scratch/user/jmagnew/datasets/insects/Spider/Spider_116.jpg,Spider,Pest
/scratch/user/jmagnew/datasets/insects/Spider/Spider_209.jpg,Spider,Pest
/scratch/user/jmagnew/datasets/insects/Spider/Spider_649.jpg,Spider,Pest
/scratch/user/jmagnew/datasets/insects/Spider/Spider_97.jpg,Spider,Pest
/scratch/user/jmagnew/datasets/insects/Spider/Spider_296.jpeg,Spider,Pest
/scratch/user/jmagnew/datasets/insects/Spider/Spider_526.png,Spider,Pest
/scratch/user/jmagnew/datasets/insects/Spider/Spider_461.jpg,Spider,Pest
/scratch/user/jmagnew/datasets/insects/Spider/Spider_325.jpg,Spider,Pest
/scratch/user/jmagnew/datasets/insects/Spider/Spider_266.jpg,Spider,Pest
/scratch/user/jmagnew/datasets/insects/Spider/Spider_466.jpg,Spider,Pest
/scratch/user/jmagnew/datasets/insects/Spider/Spider_508.jpg,Spider,Pest
/scratch/user/jmagnew/datasets/insects/Spider/Spider_118.jpg,Spider,Pest
/scratch/user/jmagnew/datasets/insects/Spider/Spider_2.jpg,Spider,Pest
/scratch/user/jmagnew/datasets/insects/Spider/Spider_72.jpg,Spider,Pest
/scratch/user/jmagnew/datasets/insects/Spider/Spider_43.jpg,Spider,Pest
/scratch/user/jmagnew/datasets/insects/Spider/Spider_510.jpg,Spider,Pest
/scratch/user/jmagnew/datasets/insects/Spider/Spider_361.jpg,Spider,Pest
/scratch/user/jmagnew/datasets/insects/Spider/Spider_228.jpg,Spider,Pest
/scratch/user/jmagnew/datasets/insects/Spider/Spider_289.jpg,Spider,Pest
/scratch/user/jmagnew/datasets/insects/Spider/Spider_400.jpg,Spider,Pest
/scratch/user/jmagnew/datasets/insects/Spider/Spider_130.jpg,Spider,Pest
/scratch/user/jmagnew/datasets/insects/Spider/Spider_335.jpg,Spider,Pest
/scratch/user/jmagnew/datasets/insects/Spider/Spider_67.jpg,Spider,Pest
/scratch/user/jmagnew/datasets/insects/Spider/Spider_401.jpg,Spider,Pest
/scratch/user/jmagnew/datasets/insects/Spider/Spider_360.jpg,Spider,Pest
/scratch/user/jmagnew/datasets/insects/Spider/Spider_73.jpg,Spider,Pest
/scratch/user/jmagnew/datasets/insects/Spider/Spider_444.jpg,Spider,Pest
/scratch/user/jmagnew/datasets/insects/Spider/Spider_19.jpg,Spider,Pest
/scratch/user/jmagnew/datasets/insects/Spider/Spider_18.jpg,Spider,Pest
/scratch/user/jmagnew/datasets/insects/Spider/Spider_624.jpg,Spider,Pest
/scratch/user/jmagnew/datasets/insects/Spider/Spider_555.jpg,Spider,Pest
/scratch/user/jmagnew/datasets/insects/Spider/Spider_147.jpg,Spider,Pest
/scratch/user/jmagnew/datasets/insects/Spider/Spider_369.jpg,Spider,Pest
/scratch/user/jmagnew/datasets/insects/Spider/Spider_363.jpg,Spider,Pest
/scratch/user/jmagnew/datasets/insects/Spider/Spider_629.jpg,Spider,Pest
/scratch/user/jmagnew/datasets/insects/Spider/Spider_24.jpg,Spider,Pest
/scratch/user/jmagnew/datasets/insects/Spider/Spider_162.jpeg,Spider,Pest
/scratch/user/jmagnew/datasets/insects/Spider/Spider_144.jpg,Spider,Pest
/scratch/user/jmagnew/datasets/insects/Spider/Spider_82.jpg,Spider,Pest
/scratch/user/jmagnew/datasets/insects/Spider/Spider_206.jpg,Spider,Pest
/scratch/user/jmagnew/datasets/insects/Spider/Spider_189.jpg,Spider,Pest
/scratch/user/jmagnew/datasets/insects/Spider/Spider_174.jpg,Spider,Pest
/scratch/user/jmagnew/datasets/insects/Spider/Spider_307.jpg,Spider,Pest
/scratch/user/jmagnew/datasets/insects/Spider/Spider_351.jpg,Spider,Pest
/scratch/user/jmagnew/datasets/insects/Spider/Spider_647.jpg,Spider,Pest
/scratch/user/jmagnew/datasets/insects/Spider/Spider_582.jpg,Spider,Pest
/scratch/user/jmagnew/datasets/insects/Spider/Spider_514.jpg,Spider,Pest
/scratch/user/jmagnew/datasets/insects/Spider/Spider_581.jpg,Spider,Pest
/scratch/user/jmagnew/datasets/insects/Spider/Spider_108.jpg,Spider,Pest
/scratch/user/jmagnew/datasets/insects/Spider/Spider_357.jpg,Spider,Pest
/scratch/user/jmagnew/datasets/insects/Spider/Spider_287.jpg,Spider,Pest
/scratch/user/jmagnew/datasets/insects/Spider/Spider_315.jpg,Spider,Pest
/scratch/user/jmagnew/datasets/insects/Spider/Spider_439.jpg,Spider,Pest
/scratch/user/jmagnew/datasets/insects/Spider/Spider_456.jpg,Spider,Pest
/scratch/user/jmagnew/datasets/insects/Spider/Spider_635.jpg,Spider,Pest
/scratch/user/jmagnew/datasets/insects/Spider/Spider_645.jpg,Spider,Pest
/scratch/user/jmagnew/datasets/insects/Spider/Spider_15.jpg,Spider,Pest
/scratch/user/jmagnew/datasets/insects/Spider/Spider_249.jpg,Spider,Pest
/scratch/user/jmagnew/datasets/insects/Spider/Spider_198.jpg,Spider,Pest
/scratch/user/jmagnew/datasets/insects/Spider/Spider_640.jpg,Spider,Pest
/scratch/user/jmagnew/datasets/insects/Spider/Spider_319.jpg,Spider,Pest
/scratch/user/jmagnew/datasets/insects/Spider/Spider_42.jpg,Spider,Pest
/scratch/user/jmagnew/datasets/insects/Spider/Spider_477.jpg,Spider,Pest
/scratch/user/jmagnew/datasets/insects/Spider/Spider_324.jpg,Spider,Pest
/scratch/user/jmagnew/datasets/insects/Spider/Spider_633.jpg,Spider,Pest
/scratch/user/jmagnew/datasets/insects/Spider/Spider_424.jpg,Spider,Pest
/scratch/user/jmagnew/datasets/insects/Spider/Spider_586.jpg,Spider,Pest
/scratch/user/jmagnew/datasets/insects/Spider/Spider_550.jpg,Spider,Pest
/scratch/user/jmagnew/datasets/insects/Spider/Spider_614.jpg,Spider,Pest
/scratch/user/jmagnew/datasets/insects/Spider/Spider_399.jpg,Spider,Pest
/scratch/user/jmagnew/datasets/insects/Spider/Spider_242.jpg,Spider,Pest
/scratch/user/jmagnew/datasets/insects/Spider/Spider_447.jpg,Spider,Pest
/scratch/user/jmagnew/datasets/insects/Spider/Spider_578.jpg,Spider,Pest
/scratch/user/jmagnew/datasets/insects/Spider/Spider_224.jpg,Spider,Pest
/scratch/user/jmagnew/datasets/insects/Spider/Spider_167.jpg,Spider,Pest
/scratch/user/jmagnew/datasets/insects/Spider/Spider_630.jpg,Spider,Pest
/scratch/user/jmagnew/datasets/insects/Spider/Spider_341.jpg,Spider,Pest
/scratch/user/jmagnew/datasets/insects/Spider/Spider_569.jpg,Spider,Pest
/scratch/user/jmagnew/datasets/insects/Spider/Spider_20.jpg,Spider,Pest
/scratch/user/jmagnew/datasets/insects/Spider/Spider_148.jpg,Spider,Pest
/scratch/user/jmagnew/datasets/insects/Spider/Spider_297.jpg,Spider,Pest
/scratch/user/jmagnew/datasets/insects/Spider/Spider_177.jpg,Spider,Pest
/scratch/user/jmagnew/datasets/insects/Spider/Spider_66.jpg,Spider,Pest
/scratch/user/jmagnew/datasets/insects/Spider/Spider_443.jpg,Spider,Pest
/scratch/user/jmagnew/datasets/insects/Spider/Spider_52.jpg,Spider,Pest
/scratch/user/jmagnew/datasets/insects/Spider/Spider_159.jpg,Spider,Pest
/scratch/user/jmagnew/datasets/insects/Spider/Spider_7.jpg,Spider,Pest
/scratch/user/jmagnew/datasets/insects/Spider/Spider_617.jpg,Spider,Pest
/scratch/user/jmagnew/datasets/insects/Spider/Spider_190.jpg,Spider,Pest
/scratch/user/jmagnew/datasets/insects/Spider/Spider_433.jpg,Spider,Pest
/scratch/user/jmagnew/datasets/insects/Spider/Spider_143.jpg,Spider,Pest
/scratch/user/jmagnew/datasets/insects/Spider/Spider_6.jpg,Spider,Pest
/scratch/user/jmagnew/datasets/insects/Spider/Spider_560.jpg,Spider,Pest
/scratch/user/jmagnew/datasets/insects/Spider/Spider_504.jpg,Spider,Pest
/scratch/user/jmagnew/datasets/insects/Spider/Spider_495.jpg,Spider,Pest
/scratch/user/jmagnew/datasets/insects/Spider/Spider_294.jpg,Spider,Pest
/scratch/user/jmagnew/datasets/insects/Spider/Spider_595.jpg,Spider,Pest
/scratch/user/jmagnew/datasets/insects/Spider/Spider_48.jpg,Spider,Pest
/scratch/user/jmagnew/datasets/insects/Spider/Spider_173.jpg,Spider,Pest
/scratch/user/jmagnew/datasets/insects/Spider/Spider_469.jpg,Spider,Pest
/scratch/user/jmagnew/datasets/insects/Spider/Spider_616.jpg,Spider,Pest
/scratch/user/jmagnew/datasets/insects/Spider/Spider_455.jpg,Spider,Pest
/scratch/user/jmagnew/datasets/insects/Spider/Spider_250.jpg,Spider,Pest
/scratch/user/jmagnew/datasets/insects/Spider/Spider_590.jpg,Spider,Pest
/scratch/user/jmagnew/datasets/insects/Spider/Spider_571.jpg,Spider,Pest
/scratch/user/jmagnew/datasets/insects/Spider/Spider_334.jpg,Spider,Pest
/scratch/user/jmagnew/datasets/insects/Spider/Spider_92.jpg,Spider,Pest
/scratch/user/jmagnew/datasets/insects/Spider/Spider_56.jpg,Spider,Pest
/scratch/user/jmagnew/datasets/insects/Spider/Spider_86.jpg,Spider,Pest
/scratch/user/jmagnew/datasets/insects/Spider/Spider_253.jpg,Spider,Pest
/scratch/user/jmagnew/datasets/insects/Spider/Spider_183.jpg,Spider,Pest
/scratch/user/jmagnew/datasets/insects/Spider/Spider_623.jpg,Spider,Pest
/scratch/user/jmagnew/datasets/insects/Spider/Spider_470.jpg,Spider,Pest
/scratch/user/jmagnew/datasets/insects/Spider/Spider_126.jpg,Spider,Pest
/scratch/user/jmagnew/datasets/insects/Spider/Spider_420.jpg,Spider,Pest
/scratch/user/jmagnew/datasets/insects/Spider/Spider_387.jpg,Spider,Pest
/scratch/user/jmagnew/datasets/insects/Spider/Spider_310.jpg,Spider,Pest
/scratch/user/jmagnew/datasets/insects/Spider/Spider_485.jpg,Spider,Pest
/scratch/user/jmagnew/datasets/insects/Spider/Spider_626.jpg,Spider,Pest
/scratch/user/jmagnew/datasets/insects/Spider/Spider_260.jpg,Spider,Pest
/scratch/user/jmagnew/datasets/insects/Spider/Spider_308.jpg,Spider,Pest
/scratch/user/jmagnew/datasets/insects/Spider/Spider_364.jpg,Spider,Pest
/scratch/user/jmagnew/datasets/insects/Spider/Spider_491.jpg,Spider,Pest
/scratch/user/jmagnew/datasets/insects/Spider/Spider_487.jpg,Spider,Pest
/scratch/user/jmagnew/datasets/insects/Spider/Spider_425.jpg,Spider,Pest
/scratch/user/jmagnew/datasets/insects/Spider/Spider_220.jpg,Spider,Pest
/scratch/user/jmagnew/datasets/insects/Spider/Spider_438.jpg,Spider,Pest
/scratch/user/jmagnew/datasets/insects/Spider/Spider_488.jpg,Spider,Pest
/scratch/user/jmagnew/datasets/insects/Spider/Spider_446.jpg,Spider,Pest
/scratch/user/jmagnew/datasets/insects/Spider/Spider_496.jpg,Spider,Pest
/scratch/user/jmagnew/datasets/insects/Spider/Spider_594.jpg,Spider,Pest
/scratch/user/jmagnew/datasets/insects/Spider/Spider_98.jpg,Spider,Pest
/scratch/user/jmagnew/datasets/insects/Spider/Spider_596.jpg,Spider,Pest
/scratch/user/jmagnew/datasets/insects/Spider/Spider_102.jpeg,Spider,Pest
/scratch/user/jmagnew/datasets/insects/Spider/Spider_481.jpg,Spider,Pest
/scratch/user/jmagnew/datasets/insects/Spider/Spider_288.jpg,Spider,Pest
/scratch/user/jmagnew/datasets/insects/Spider/Spider_339.jpg,Spider,Pest
/scratch/user/jmagnew/datasets/insects/Spider/Spider_358.jpg,Spider,Pest
/scratch/user/jmagnew/datasets/insects/Spider/Spider_182.jpg,Spider,Pest
/scratch/user/jmagnew/datasets/insects/Spider/Spider_531.jpg,Spider,Pest
/scratch/user/jmagnew/datasets/insects/Spider/Spider_166.jpg,Spider,Pest
/scratch/user/jmagnew/datasets/insects/Spider/Spider_448.jpg,Spider,Pest
/scratch/user/jmagnew/datasets/insects/Spider/Spider_558.jpg,Spider,Pest
/scratch/user/jmagnew/datasets/insects/Spider/Spider_312.jpg,Spider,Pest
/scratch/user/jmagnew/datasets/insects/Spider/Spider_138.jpg,Spider,Pest
/scratch/user/jmagnew/datasets/insects/Spider/Spider_490.jpg,Spider,Pest
/scratch/user/jmagnew/datasets/insects/Spider/Spider_258.jpg,Spider,Pest
/scratch/user/jmagnew/datasets/insects/Spider/Spider_331.jpg,Spider,Pest
/scratch/user/jmagnew/datasets/insects/Spider/Spider_453.jpg,Spider,Pest
/scratch/user/jmagnew/datasets/insects/Spider/Spider_261.jpg,Spider,Pest
/scratch/user/jmagnew/datasets/insects/Spider/Spider_115.jpg,Spider,Pest
/scratch/user/jmagnew/datasets/insects/Spider/Spider_528.png,Spider,Pest
/scratch/user/jmagnew/datasets/insects/Spider/Spider_371.jpg,Spider,Pest
/scratch/user/jmagnew/datasets/insects/Spider/Spider_244.jpg,Spider,Pest
/scratch/user/jmagnew/datasets/insects/Spider/Spider_440.jpg,Spider,Pest
/scratch/user/jmagnew/datasets/insects/Spider/Spider_274.jpg,Spider,Pest
/scratch/user/jmagnew/datasets/insects/Spider/Spider_320.jpg,Spider,Pest
/scratch/user/jmagnew/datasets/insects/Spider/Spider_642.jpg,Spider,Pest
/scratch/user/jmagnew/datasets/insects/Spider/Spider_22.jpg,Spider,Pest
/scratch/user/jmagnew/datasets/insects/Spider/Spider_389.jpg,Spider,Pest
/scratch/user/jmagnew/datasets/insects/Spider/Spider_8.jpg,Spider,Pest
/scratch/user/jmagnew/datasets/insects/Spider/Spider_458.jpg,Spider,Pest
/scratch/user/jmagnew/datasets/insects/Spider/Spider_132.jpg,Spider,Pest
/scratch/user/jmagnew/datasets/insects/Spider/Spider_452.jpg,Spider,Pest
/scratch/user/jmagnew/datasets/insects/Spider/Spider_398.jpg,Spider,Pest
/scratch/user/jmagnew/datasets/insects/Spider/Spider_631.jpg,Spider,Pest
/scratch/user/jmagnew/datasets/insects/Spider/Spider_486.jpg,Spider,Pest
/scratch/user/jmagnew/datasets/insects/Spider/Spider_632.jpg,Spider,Pest
/scratch/user/jmagnew/datasets/insects/Spider/Spider_145.jpg,Spider,Pest
/scratch/user/jmagnew/datasets/insects/Spider/Spider_534.jpg,Spider,Pest
/scratch/user/jmagnew/datasets/insects/Spider/Spider_562.jpg,Spider,Pest
/scratch/user/jmagnew/datasets/insects/Spider/Spider_520.jpg,Spider,Pest
/scratch/user/jmagnew/datasets/insects/Spider/Spider_213.jpg,Spider,Pest
/scratch/user/jmagnew/datasets/insects/Spider/Spider_163.jpg,Spider,Pest
/scratch/user/jmagnew/datasets/insects/Spider/Spider_247.jpeg,Spider,Pest
/scratch/user/jmagnew/datasets/insects/Spider/Spider_270.jpg,Spider,Pest
/scratch/user/jmagnew/datasets/insects/Spider/Spider_131.jpg,Spider,Pest
/scratch/user/jmagnew/datasets/insects/Spider/Spider_91.jpg,Spider,Pest
/scratch/user/jmagnew/datasets/insects/Spider/Spider_552.jpg,Spider,Pest
/scratch/user/jmagnew/datasets/insects/Spider/Spider_405.jpg,Spider,Pest
/scratch/user/jmagnew/datasets/insects/Spider/Spider_621.jpg,Spider,Pest
/scratch/user/jmagnew/datasets/insects/Spider/Spider_554.jpg,Spider,Pest
/scratch/user/jmagnew/datasets/insects/Spider/Spider_28.jpg,Spider,Pest
/scratch/user/jmagnew/datasets/insects/Spider/Spider_518.jpg,Spider,Pest
/scratch/user/jmagnew/datasets/insects/Spider/Spider_193.jpg,Spider,Pest
/scratch/user/jmagnew/datasets/insects/Spider/Spider_180.jpg,Spider,Pest
/scratch/user/jmagnew/datasets/insects/Spider/Spider_240.jpg,Spider,Pest
/scratch/user/jmagnew/datasets/insects/Spider/Spider_651.jpg,Spider,Pest
/scratch/user/jmagnew/datasets/insects/Spider/Spider_589.jpg,Spider,Pest
/scratch/user/jmagnew/datasets/insects/Spider/Spider_214.jpg,Spider,Pest
/scratch/user/jmagnew/datasets/insects/Spider/Spider_392.jpg,Spider,Pest
/scratch/user/jmagnew/datasets/insects/Spider/Spider_570.jpeg,Spider,Pest
/scratch/user/jmagnew/datasets/insects/Spider/Spider_540.jpg,Spider,Pest
/scratch/user/jmagnew/datasets/insects/Spider/Spider_255.jpg,Spider,Pest
/scratch/user/jmagnew/datasets/insects/Spider/Spider_201.jpeg,Spider,Pest
/scratch/user/jmagnew/datasets/insects/Spider/Spider_300.jpeg,Spider,Pest
/scratch/user/jmagnew/datasets/insects/Spider/Spider_104.jpg,Spider,Pest
/scratch/user/jmagnew/datasets/insects/Spider/Spider_368.jpg,Spider,Pest
/scratch/user/jmagnew/datasets/insects/Spider/Spider_463.jpg,Spider,Pest
/scratch/user/jmagnew/datasets/insects/Spider/Spider_239.jpg,Spider,Pest
/scratch/user/jmagnew/datasets/insects/Spider/Spider_9.jpg,Spider,Pest
/scratch/user/jmagnew/datasets/insects/Spider/Spider_619.jpg,Spider,Pest
/scratch/user/jmagnew/datasets/insects/Spider/Spider_254.jpg,Spider,Pest
/scratch/user/jmagnew/datasets/insects/Spider/Spider_356.jpg,Spider,Pest
/scratch/user/jmagnew/datasets/insects/Spider/Spider_10.jpg,Spider,Pest
/scratch/user/jmagnew/datasets/insects/Spider/Spider_93.jpg,Spider,Pest
/scratch/user/jmagnew/datasets/insects/Spider/Spider_202.jpeg,Spider,Pest
/scratch/user/jmagnew/datasets/insects/Spider/Spider_25.jpg,Spider,Pest
/scratch/user/jmagnew/datasets/insects/Spider/Spider_618.jpg,Spider,Pest
/scratch/user/jmagnew/datasets/insects/Spider/Spider_29.jpg,Spider,Pest
/scratch/user/jmagnew/datasets/insects/Spider/Spider_512.jpg,Spider,Pest
/scratch/user/jmagnew/datasets/insects/Spider/Spider_373.jpg,Spider,Pest
/scratch/user/jmagnew/datasets/insects/Spider/Spider_449.jpg,Spider,Pest
/scratch/user/jmagnew/datasets/insects/Spider/Spider_579.jpg,Spider,Pest
/scratch/user/jmagnew/datasets/insects/Spider/Spider_71.jpg,Spider,Pest
/scratch/user/jmagnew/datasets/insects/Spider/Spider_567.jpeg,Spider,Pest
/scratch/user/jmagnew/datasets/insects/Spider/Spider_435.jpg,Spider,Pest
/scratch/user/jmagnew/datasets/insects/Spider/Spider_429.jpg,Spider,Pest
/scratch/user/jmagnew/datasets/insects/Spider/Spider_585.jpg,Spider,Pest
/scratch/user/jmagnew/datasets/insects/Spider/Spider_421.jpg,Spider,Pest
/scratch/user/jmagnew/datasets/insects/Spider/Spider_103.jpg,Spider,Pest
/scratch/user/jmagnew/datasets/insects/Spider/Spider_122.jpg,Spider,Pest
/scratch/user/jmagnew/datasets/insects/Spider/Spider_574.jpg,Spider,Pest
/scratch/user/jmagnew/datasets/insects/Spider/Spider_120.jpg,Spider,Pest
/scratch/user/jmagnew/datasets/insects/Spider/Spider_460.jpg,Spider,Pest
/scratch/user/jmagnew/datasets/insects/Spider/Spider_34.jpg,Spider,Pest
/scratch/user/jmagnew/datasets/insects/Spider/Spider_256.jpg,Spider,Pest
/scratch/user/jmagnew/datasets/insects/Spider/Spider_178.jpg,Spider,Pest
/scratch/user/jmagnew/datasets/insects/Spider/Spider_442.jpg,Spider,Pest
/scratch/user/jmagnew/datasets/insects/Spider/Spider_45.jpg,Spider,Pest
/scratch/user/jmagnew/datasets/insects/Spider/Spider_169.jpg,Spider,Pest
/scratch/user/jmagnew/datasets/insects/Spider/Spider_265.jpg,Spider,Pest
/scratch/user/jmagnew/datasets/insects/Spider/Spider_243.jpg,Spider,Pest
/scratch/user/jmagnew/datasets/insects/Spider/Spider_611.jpg,Spider,Pest
/scratch/user/jmagnew/datasets/insects/Spider/Spider_100.jpg,Spider,Pest
/scratch/user/jmagnew/datasets/insects/Spider/Spider_418.jpg,Spider,Pest
/scratch/user/jmagnew/datasets/insects/Spider/Spider_110.jpg,Spider,Pest
/scratch/user/jmagnew/datasets/insects/Spider/Spider_457.jpg,Spider,Pest
/scratch/user/jmagnew/datasets/insects/Spider/Spider_462.jpg,Spider,Pest
/scratch/user/jmagnew/datasets/insects/Spider/Spider_382.jpg,Spider,Pest
/scratch/user/jmagnew/datasets/insects/Spider/Spider_200.jpg,Spider,Pest
/scratch/user/jmagnew/datasets/insects/Spider/Spider_23.jpg,Spider,Pest
/scratch/user/jmagnew/datasets/insects/Spider/Spider_257.jpg,Spider,Pest
/scratch/user/jmagnew/datasets/insects/Spider/Spider_544.jpg,Spider,Pest
/scratch/user/jmagnew/datasets/insects/Spider/Spider_459.jpg,Spider,Pest
/scratch/user/jmagnew/datasets/insects/Spider/Spider_333.jpg,Spider,Pest
/scratch/user/jmagnew/datasets/insects/Spider/Spider_354.jpg,Spider,Pest
/scratch/user/jmagnew/datasets/insects/Spider/Spider_587.jpg,Spider,Pest
/scratch/user/jmagnew/datasets/insects/Spider/Spider_610.jpg,Spider,Pest
/scratch/user/jmagnew/datasets/insects/Spider/Spider_410.jpg,Spider,Pest
/scratch/user/jmagnew/datasets/insects/Spider/Spider_383.jpg,Spider,Pest
/scratch/user/jmagnew/datasets/insects/Spider/Spider_548.jpg,Spider,Pest
/scratch/user/jmagnew/datasets/insects/Spider/Spider_532.jpg,Spider,Pest
/scratch/user/jmagnew/datasets/insects/Spider/Spider_176.jpg,Spider,Pest
/scratch/user/jmagnew/datasets/insects/Spider/Spider_303.jpg,Spider,Pest
/scratch/user/jmagnew/datasets/insects/Spider/Spider_119.jpg,Spider,Pest
/scratch/user/jmagnew/datasets/insects/Spider/Spider_454.jpg,Spider,Pest
/scratch/user/jmagnew/datasets/insects/Spider/Spider_445.jpg,Spider,Pest
/scratch/user/jmagnew/datasets/insects/Spider/Spider_33.jpg,Spider,Pest
/scratch/user/jmagnew/datasets/insects/Spider/Spider_49.jpg,Spider,Pest
/scratch/user/jmagnew/datasets/insects/Spider/Spider_622.jpg,Spider,Pest
/scratch/user/jmagnew/datasets/insects/Spider/Spider_280.jpg,Spider,Pest
/scratch/user/jmagnew/datasets/insects/Spider/Spider_311.jpg,Spider,Pest
/scratch/user/jmagnew/datasets/insects/Spider/Spider_208.jpg,Spider,Pest
/scratch/user/jmagnew/datasets/insects/Spider/Spider_322.jpg,Spider,Pest
/scratch/user/jmagnew/datasets/insects/Spider/Spider_234.jpg,Spider,Pest
/scratch/user/jmagnew/datasets/insects/Spider/Spider_419.jpg,Spider,Pest
/scratch/user/jmagnew/datasets/insects/Spider/Spider_388.jpg,Spider,Pest
/scratch/user/jmagnew/datasets/insects/Spider/Spider_237.jpg,Spider,Pest
/scratch/user/jmagnew/datasets/insects/Spider/Spider_330.jpg,Spider,Pest
/scratch/user/jmagnew/datasets/insects/Spider/Spider_75.jpg,Spider,Pest
/scratch/user/jmagnew/datasets/insects/Spider/Spider_123.jpg,Spider,Pest
/scratch/user/jmagnew/datasets/insects/Spider/Spider_229.jpg,Spider,Pest
/scratch/user/jmagnew/datasets/insects/Spider/Spider_336.jpg,Spider,Pest
/scratch/user/jmagnew/datasets/insects/Spider/Spider_349.jpg,Spider,Pest
/scratch/user/jmagnew/datasets/insects/Spider/Spider_76.jpg,Spider,Pest
/scratch/user/jmagnew/datasets/insects/Spider/Spider_241.jpg,Spider,Pest
/scratch/user/jmagnew/datasets/insects/Spider/Spider_298.jpg,Spider,Pest
/scratch/user/jmagnew/datasets/insects/Spider/Spider_538.jpg,Spider,Pest
/scratch/user/jmagnew/datasets/insects/Spider/Spider_427.jpg,Spider,Pest
/scratch/user/jmagnew/datasets/insects/Spider/Spider_41.jpg,Spider,Pest
/scratch/user/jmagnew/datasets/insects/Spider/Spider_83.jpg,Spider,Pest
/scratch/user/jmagnew/datasets/insects/Spider/Spider_153.jpg,Spider,Pest
/scratch/user/jmagnew/datasets/insects/Spider/Spider_404.jpg,Spider,Pest
/scratch/user/jmagnew/datasets/insects/Spider/Spider_426.jpg,Spider,Pest
/scratch/user/jmagnew/datasets/insects/Spider/Spider_329.jpg,Spider,Pest
/scratch/user/jmagnew/datasets/insects/Spider/Spider_272.jpg,Spider,Pest
/scratch/user/jmagnew/datasets/insects/Spider/Spider_186.jpg,Spider,Pest
/scratch/user/jmagnew/datasets/insects/Spider/Spider_194.jpg,Spider,Pest
/scratch/user/jmagnew/datasets/insects/Spider/Spider_96.jpg,Spider,Pest
/scratch/user/jmagnew/datasets/insects/Spider/Spider_111.jpg,Spider,Pest
/scratch/user/jmagnew/datasets/insects/Spider/Spider_58.jpg,Spider,Pest
/scratch/user/jmagnew/datasets/insects/Spider/Spider_69.jpg,Spider,Pest
/scratch/user/jmagnew/datasets/insects/Spider/Spider_84.jpg,Spider,Pest
/scratch/user/jmagnew/datasets/insects/Spider/Spider_431.jpg,Spider,Pest
/scratch/user/jmagnew/datasets/insects/Spider/Spider_564.jpg,Spider,Pest
/scratch/user/jmagnew/datasets/insects/Spider/Spider_606.jpg,Spider,Pest
/scratch/user/jmagnew/datasets/insects/Spider/Spider_210.jpg,Spider,Pest
/scratch/user/jmagnew/datasets/insects/Spider/Spider_468.jpg,Spider,Pest
/scratch/user/jmagnew/datasets/insects/Spider/Spider_634.jpg,Spider,Pest
/scratch/user/jmagnew/datasets/insects/Spider/Spider_347.jpg,Spider,Pest
/scratch/user/jmagnew/datasets/insects/Spider/Spider_246.png,Spider,Pest
/scratch/user/jmagnew/datasets/insects/Spider/Spider_343.jpg,Spider,Pest
/scratch/user/jmagnew/datasets/insects/Spider/Spider_464.jpg,Spider,Pest
/scratch/user/jmagnew/datasets/insects/Spider/Spider_222.jpg,Spider,Pest
/scratch/user/jmagnew/datasets/insects/Spider/Spider_30.jpg,Spider,Pest
/scratch/user/jmagnew/datasets/insects/Spider/Spider_141.jpg,Spider,Pest
/scratch/user/jmagnew/datasets/insects/Spider/Spider_135.jpg,Spider,Pest
/scratch/user/jmagnew/datasets/insects/Spider/Spider_650.jpg,Spider,Pest
/scratch/user/jmagnew/datasets/insects/Spider/Spider_337.jpg,Spider,Pest
/scratch/user/jmagnew/datasets/insects/Spider/Spider_639.jpg,Spider,Pest
/scratch/user/jmagnew/datasets/insects/Spider/Spider_561.jpg,Spider,Pest
/scratch/user/jmagnew/datasets/insects/Spider/Spider_416.jpg,Spider,Pest
/scratch/user/jmagnew/datasets/insects/Spider/Spider_511.jpg,Spider,Pest
/scratch/user/jmagnew/datasets/insects/Spider/Spider_251.jpg,Spider,Pest
/scratch/user/jmagnew/datasets/insects/Spider/Spider_40.jpg,Spider,Pest
/scratch/user/jmagnew/datasets/insects/Spider/Spider_101.jpg,Spider,Pest
/scratch/user/jmagnew/datasets/insects/Spider/Spider_395.jpg,Spider,Pest
/scratch/user/jmagnew/datasets/insects/Spider/Spider_279.jpg,Spider,Pest
/scratch/user/jmagnew/datasets/insects/Spider/Spider_195.jpg,Spider,Pest
/scratch/user/jmagnew/datasets/insects/Spider/Spider_128.jpg,Spider,Pest
/scratch/user/jmagnew/datasets/insects/Spider/Spider_161.jpg,Spider,Pest
/scratch/user/jmagnew/datasets/insects/Spider/Spider_149.jpg,Spider,Pest
/scratch/user/jmagnew/datasets/insects/Spider/Spider_78.jpg,Spider,Pest
/scratch/user/jmagnew/datasets/insects/Spider/Spider_171.jpg,Spider,Pest
/scratch/user/jmagnew/datasets/insects/Spider/Spider_489.jpg,Spider,Pest
/scratch/user/jmagnew/datasets/insects/Spider/Spider_252.jpg,Spider,Pest
/scratch/user/jmagnew/datasets/insects/Spider/Spider_99.jpg,Spider,Pest
/scratch/user/jmagnew/datasets/insects/Spider/Spider_597.jpg,Spider,Pest
/scratch/user/jmagnew/datasets/insects/Spider/Spider_57.jpg,Spider,Pest
/scratch/user/jmagnew/datasets/insects/Spider/Spider_291.jpg,Spider,Pest
/scratch/user/jmagnew/datasets/insects/Spider/Spider_397.jpg,Spider,Pest
/scratch/user/jmagnew/datasets/insects/Spider/Spider_346.jpg,Spider,Pest
/scratch/user/jmagnew/datasets/insects/Spider/Spider_326.jpg,Spider,Pest
/scratch/user/jmagnew/datasets/insects/Spider/Spider_74.jpg,Spider,Pest
/scratch/user/jmagnew/datasets/insects/Spider/Spider_302.jpg,Spider,Pest
/scratch/user/jmagnew/datasets/insects/Spider/Spider_196.jpg,Spider,Pest
/scratch/user/jmagnew/datasets/insects/Spider/Spider_601.jpg,Spider,Pest
/scratch/user/jmagnew/datasets/insects/Spider/Spider_417.jpg,Spider,Pest
/scratch/user/jmagnew/datasets/insects/Spider/Spider_225.jpg,Spider,Pest
/scratch/user/jmagnew/datasets/insects/Spider/Spider_355.jpg,Spider,Pest
/scratch/user/jmagnew/datasets/insects/Spider/Spider_293.jpg,Spider,Pest
/scratch/user/jmagnew/datasets/insects/Spider/Spider_44.jpg,Spider,Pest
/scratch/user/jmagnew/datasets/insects/Spider/Spider_233.jpg,Spider,Pest
/scratch/user/jmagnew/datasets/insects/Spider/Spider_63.jpg,Spider,Pest
/scratch/user/jmagnew/datasets/insects/Spider/Spider_519.jpg,Spider,Pest
/scratch/user/jmagnew/datasets/insects/Spider/Spider_27.jpg,Spider,Pest
/scratch/user/jmagnew/datasets/insects/Spider/Spider_393.jpg,Spider,Pest
/scratch/user/jmagnew/datasets/insects/Spider/Spider_87.jpg,Spider,Pest
/scratch/user/jmagnew/datasets/insects/Spider/Spider_475.jpg,Spider,Pest
/scratch/user/jmagnew/datasets/insects/Spider/Spider_422.jpg,Spider,Pest
/scratch/user/jmagnew/datasets/insects/Spider/Spider_309.jpeg,Spider,Pest
/scratch/user/jmagnew/datasets/insects/Spider/Spider_299.jpg,Spider,Pest
/scratch/user/jmagnew/datasets/insects/Spider/Spider_604.jpg,Spider,Pest
/scratch/user/jmagnew/datasets/insects/Spider/Spider_613.jpg,Spider,Pest
/scratch/user/jmagnew/datasets/insects/Spider/Spider_516.jpg,Spider,Pest
/scratch/user/jmagnew/datasets/insects/Spider/Spider_129.jpeg,Spider,Pest
